movieId,count
3175,17512
471,12016
1580,48434
44022,6540
68135,3678
166558,735
1088,14112
1238,3342
1342,4288
1645,16718
1959,5360
1591,6188
3794,849
3997,2477
4519,3060
4818,50
4900,373
5803,1473
6620,4488
7340,395
8638,6417
54190,2950
96488,1837
1829,285
2366,7284
3918,1687
2142,2529
6466,442
2122,2921
7982,1253
33722,211
36525,2405
2866,1451
833,1507
175197,1047
191933,3
160563,1060
179749,447
26425,410
284489,182
141422,333
7833,356
280218,1059
496,425
3749,144
139747,384
4101,51
7993,147
32460,1002
210175,309
150604,92
234973,8
243392,1
135867,133
31367,270
27760,51
2659,263
31035,219
150383,2
216627,3
41575,101
5300,674
6658,827
192545,33
183955,22
4935,67
31528,196
148,371
463,428
6357,561
7253,81
34234,6
74820,48
235599,1
162296,7
57370,249
26755,67
142084,90
195263,14
200166,22
270122,3
90019,8
40574,243
89056,27
7240,50
145504,8
91937,27
46952,19
119432,33
131213,1
156017,32
283137,40
141299,13
76143,49
63645,41
144414,17
186109,12
247584,2
93948,21
102798,54
144522,18
157793,26
91784,35
27484,5
152882,9
154077,15
217119,31
185795,11
97186,29
7880,44
219352,24
182945,5
192401,3
158803,2
163046,1
176073,78
187027,16
272821,7
6397,24
31983,50
47501,9
175513,4
170010,2
124861,48
189149,24
193137,28
206351,2
130062,4
167532,11
185705,6
221858,6
176809,19
90817,9
169588,10
181209,13
146224,2
154464,4
146988,14
146036,18
172959,8
109800,14
64519,43
83250,30
149688,19
88674,31
149761,17
175233,47
205371,2
206501,5
214660,2
85332,13
204974,7
26708,6
117987,2
203429,5
271939,1
158593,3
197949,4
120861,10
82529,14
96853,51
30970,42
47084,56
140541,18
195291,12
216941,3
243856,1
104064,11
196301,5
147524,3
116259,8
122484,9
160492,3
186039,10
190227,4
225277,4
143432,4
134607,5
133153,43
136924,10
5156,44
133577,8
5518,55
135965,12
1721,45767
858,66440
3698,8371
48780,32965
51927,818
74452,802
166635,5934
4161,5383
69481,11402
101362,2358
540,5074
737,4695
1025,6830
1084,10610
1127,20399
2387,2518
2563,979
2580,9015
3179,1624
4219,529
4929,819
6773,4399
43921,976
91690,322
251086,1708
263007,3971
1483,3232
56941,3091
196889,1866
897,904
191479,256
99996,176
4158,1128
1395,2289
1460,823
3475,904
5614,104
8928,549
8932,154
92008,750
96565,327
101971,83
182637,317
185435,177
254684,52
288265,424
200448,67
165287,15
79647,15
267458,95
243,470
45183,565
1507,393
137389,13
62526,72
202237,497
26699,388
1990,156
176351,71
8803,65
48711,195
152061,357
101761,185
46108,37
78905,30
147246,78
153484,14
217023,6
219511,5
119907,26
146323,25
623,35
255153,7
130912,15
177771,282
2811,34
50954,485
168292,4
78272,54
141725,19
232369,3
267474,1
110433,36
163663,119
161908,2
236581,1
140210,7
204218,1
7417,92
4190,613
230129,8
63781,13
65974,14
166445,5
182387,62
27261,54
129818,45
173285,26
278814,7
1896,280
27888,87
273747,17
279758,14
26544,49
71709,17
190509,42
205615,6
225866,5
168926,21
41704,29
65300,54
81312,50
103547,55
105252,29
91298,11
248836,19
118258,5
76312,33
152830,4
152836,37
159255,2
57513,28
98271,3
96415,61
167760,21
168172,74
193271,15
208645,12
199035,7
47935,34
183931,4
2235,36
96933,20
152328,1
209449,13
145380,4
152856,3
216426,27
199478,8
209423,47
125776,1
6623,47
146018,36
210099,6
236027,2
276251,107
6393,7
7168,96
201725,37
202419,3
204770,1
204774,2
204990,7
206415,8
180445,25
216863,10
279736,8
214084,1
233211,4
152049,3
217867,1
31680,12
140148,14
184503,10
111447,16
116947,18
176339,29
290489,3
143438,2
125007,6
76169,29
186173,6
207421,4
119169,21
103388,17
171915,2
89506,16
243604,16
197149,4
112251,3
166237,4
260433,8
246646,8
200682,4
392,285
131389,90
133255,15
137445,7
26801,29
134338,15
2999,90
137018,1
1522,41
265162,1
3226,5
1270,61879
31,10223
1339,11331
2393,9104
1903,58
7879,211
80906,2912
3000,17730
196417,1590
176751,1929
2572,16876
516,3507
1303,3918
2996,776
3704,6824
5071,192
5345,52
5984,159
6266,1739
50792,538
55272,796
55363,3624
61250,1278
82459,10677
278578,1276
27266,1728
4391,173
7387,4559
3213,2227
6482,2233
219994,1153
4489,7193
74948,1019
135137,1640
197207,303
2711,312
6559,548
26178,225
31435,450
183077,95
1650,433
1699,1182
2776,121
71670,426
71732,181
174181,145
85268,131
54958,60
1322,296
5287,194
87028,211
3761,488
8222,130
154234,3
191869,418
71821,64
218679,62
58850,66
96840,16
173151,21
205427,5
79760,89
225776,368
26111,472
59680,34
93432,198
93240,267
56022,44
86206,50
195869,7
34435,216
189819,160
163118,40
131650,12
182011,9
222356,196
32525,243
55498,110
186045,29
8257,93
89194,80
5117,255
8924,103
67865,16
48035,62
174655,7
188477,96
168144,14
38656,96
198025,6
120315,14
155547,12
164143,15
279204,39
146990,9
249180,24
67068,82
1143,62
245740,12
172253,21
216294,1
171609,36
210133,20
276985,20
32988,79
114680,68
193165,7
105086,26
3352,33
228735,1
26128,69
177507,2
201688,3
193139,10
7281,81
32560,49
104015,20
186607,10
212605,12
74097,30
83654,6
203020,6
218617,2
41126,22
8407,63
154834,8
6825,84
59667,6
119641,2
206129,6
110512,21
145206,25
279694,31
289019,1
180199,17
149854,14
162798,3
217771,5
282711,12
159177,40
98766,9
155599,30
209585,4
114128,5
125634,7
204562,3
245150,2
167806,14
189153,4
188603,18
232827,1
235225,18
185115,4
185127,2
212000,3
229119,32
97128,12
142608,20
1139,27
211077,7
129219,7
168902,6
109450,42
176233,2
235569,3
100836,7
239440,1
80315,31
207095,15
121294,8
255613,1
156123,4
156925,4
145184,10
75979,5
124432,3
129488,6
155834,19
107215,12
1352,792
136030,48
3488,77
5173,57
157196,11
136934,2
2821,34
139459,3
2025,2727
1884,13214
2231,7855
33615,9708
51086,3673
83613,3385
1265,46512
4239,11146
5074,1031
1975,2125
251,400
2259,1450
2443,1307
3098,5278
3986,6371
5308,3705
6598,363
33437,1905
270698,3989
85,2703
71106,958
101088,1130
3089,4903
192389,3263
76293,2861
113829,973
137,218
2721,670
5482,261
2488,1421
8779,133
31689,314
32291,782
8911,425
91653,1810
193697,448
142444,31
178667,889
130580,63
451,639
580,569
808,830
26375,660
193916,172
3490,197
75341,1046
2748,976
140795,36
159704,6
89900,354
2525,830
240682,32
94967,94
74681,15
82465,17
26736,217
221090,33
7066,90
8743,56
44653,192
59832,101
66289,39
160898,16
204864,5
4042,681
5223,123
147895,50
201316,145
123553,15
27856,93
202645,6
3796,167
71571,190
4684,61
111680,61
156688,9
116905,321
49668,39
177053,5
203226,2
252462,4
128556,29
5155,101
98002,12
157861,1
90873,35
172255,153
156777,46
230277,5
27255,156
211594,15
182485,10
211393,25
6597,154
184739,31
50754,14
197855,41
7120,31
100942,4
104610,11
113236,10
144146,5
158094,22
211151,2
91755,20
73900,66
4078,131
275169,76
3876,65
4937,69
4364,8
122878,22
82049,18
79207,37
84479,16
210977,2
31290,41
27480,44
126036,44
141375,4
95650,2
45030,25
125599,16
145753,14
156187,28
34450,42
110505,24
215171,6
185317,3
189335,1
217647,8
162354,4
176179,5
43260,30
136906,15
160956,21
171493,2
110871,37
258157,7
51455,68
7644,12
150230,29
3220,39
151733,21
50610,19
56490,29
225938,4
56350,60
104224,8
150892,15
157751,9
138586,6
149090,26
172311,4
140403,5
145428,2
200130,6
206863,12
210051,4
215757,2
31447,33
44595,60
217641,1
261559,13
198103,4
234083,2
147934,7
148478,22
78776,5
278460,6
91919,17
204026,3
176463,5
222358,4
231479,1
243844,2
57754,26
107002,19
213117,7
149148,3
152097,4
234909,6
48127,10
165189,11
4186,470
2923,138
8650,165
156898,34
135260,21
131964,9
136255,8
138038,8
132912,7
132985,2
6934,23699
8665,25836
32296,2030
104241,3174
27803,2166
2096,8373
879,2380
1977,1569
65,5248
1223,8854
458,1081
2249,1881
2622,3778
3425,502
3566,1531
6301,1485
7324,2443
46974,971
52712,392
108932,10233
168326,2810
101142,2809
2392,1874
4957,805
3834,539
4000,722
103883,1515
162598,1460
182625,4
184997,1098
186695,2
2924,2460
191663,22
5157,109
5433,573
36533,316
81132,685
107758,16
203244,324
103541,199
115534,358
5682,321
159441,425
43007,41
4383,1245
8501,1053
5740,125
145030,152
7333,268
212915,4
2655,326
236209,55
65037,263
68392,31
202437,44
51127,123
3377,63
8577,66
25742,66
26965,280
141962,8
161628,4
213525,3
42172,66
2656,408
173963,31
4294,391
69626,27
128167,20
158761,4
110281,50
5907,88
82753,11
158224,2
166964,51
289651,1
146350,31
158270,40
280114,131
78201,4
88597,12
138410,1
195187,2
104137,200
2833,168
169842,148
120438,27
60243,20
26490,34
6500,112
142953,19
195927,4
241112,6
113214,35
116989,67
206010,4
248998,1
5513,136
3913,127
183671,88
276489,225
8678,63
4307,55
278966,2
72681,15
272889,1
5697,159
92511,16
117692,3
130050,51
123306,7
60702,43
141038,55
140944,24
222591,30
277280,15
6154,154
80361,54
141714,72
146210,80
123314,12
152364,11
146366,12
5695,60
76862,42
26219,73
161592,18
174001,4
189667,34
64645,16
182205,14
186091,5
198575,14
189157,15
98922,33
203280,8
210077,7
75808,22
5217,88
26589,77
79830,25
205992,29
167054,17
83842,24
105484,25
129743,1
153740,1
155715,42
196975,5
102286,58
222115,11
191951,4
152711,1
122747,9
130926,4
257533,1
163525,9
69714,39
146376,2
6962,17
65243,26
103506,34
151589,8
198637,7
71808,25
83186,27
105815,13
86973,52
144406,21
164699,48
197929,8
76751,17
189467,7
201905,22
103052,3
244456,16
59547,78
275583,2
158643,2
144324,11
80122,20
146670,51
89349,17
128830,27
170611,44
120270,3
208723,1
96098,29
123262,5
67667,22
174677,9
148944,2
201350,3
127863,4
196771,10
263865,46
134947,8
7152,93
268302,5
131798,12
132188,4
135268,43
2247,2209
588,50442
5995,22683
3105,8505
5110,5453
799,6670
235509,209
112183,11268
481,5568
804,2276
2802,2125
3790,298
6552,2613
6832,1100
6890,2462
27822,1106
67734,3999
70293,3510
48997,3575
70342,99
898,7445
5527,670
26746,242
48872,434
103755,994
188307,469
26729,1287
66246,46
63033,966
255,1070
4092,529
4477,882
2027,1114
4357,964
186679,4
3028,975
5847,393
25923,588
3042,402
110127,1958
71902,250
27657,40
6864,178
226574,208
70932,207
6722,437
7892,120
116887,875
61493,110
45891,70
2559,416
43177,82
122575,13
144230,11
8701,109
26119,163
71867,114
75386,30
118202,257
155545,92
7584,473
7987,144
30745,243
31309,297
107278,20
129824,1
147919,2
161606,4
205659,6
211404,6
213710,3
6396,156
254194,84
171811,11
970,436
43675,12
25904,133
25908,57
172545,6
175913,6
250878,1
190759,43
6176,157
137904,117
204646,16
215643,4
250180,4
193157,5
1157,36
48530,35
55726,88
53,159
72694,255
96801,29
104033,20
185745,7
159403,53
204822,3
3631,45
26470,38
68265,7
205689,7
145733,15
281018,2
6866,38
158743,8
97832,150
130247,8
154272,11
209097,43
2914,134
141428,28
99222,35
7109,79
127033,11
152886,10
217025,14
92852,9
209263,12
84471,29
117885,34
226626,104
272411,85
86574,83
200446,8
123192,32
172489,29
32199,31
143815,8
173615,10
189677,5
200102,8
150560,9
57530,21
118328,38
176317,6
189231,2
242404,11
234444,1
26484,12
103269,31
210821,12
286395,2
146094,1
150334,34
65764,31
173677,7
25812,62
144268,27
47250,3
152334,4
259541,18
96212,20
73064,55
99028,13
129358,35
197477,4
218587,3
219368,11
79402,13
141650,6
163250,4
165841,26
125948,6
260751,2
272971,1
280494,2
185145,2
141765,3
145974,6
34416,19
288655,5
86785,5
2156,63
89596,7
262099,26
190783,6
210879,4
271302,2
158954,9
282399,2
189697,2
59641,13
241126,1
171697,19
159761,7
181723,8
209241,1
283179,1
175389,4
120610,5
134162,8
266802,2
134158,64
135621,15
262491,5
7404,11
157330,8
133217,20
265712,1
296,98409
2542,24152
4799,1854
8640,3320
1888,3173
1466,13390
2035,357
4291,2301
4396,1826
4583,106
5178,40
8950,12200
46347,349
2238,616
54372,1234
5140,244
8482,455
472,726
7206,770
57183,636
183701,364
3062,3093
169766,9
98198,155
6010,105
173255,52
202803,30
5670,686
211391,75
133,20
8534,216
5100,104
26350,544
4612,605
3306,609
97742,171
33966,147
853,112
166777,95
128679,118
136239,95
140275,27
144712,12
183981,31
6376,86
5061,128
7222,328
8927,134
154051,75
2874,481
122928,3
31991,63
3691,241
115417,11
128291,5
275879,1
136441,63
195207,59
283503,2
283621,3
8612,145
120132,227
107117,97
213125,5
275057,6
194931,22
34177,80
93970,9
105340,102
71700,212
189637,19
160706,24
93344,16
150544,12
146984,19
140471,7
1787,22
152880,14
154075,51
210541,9
186155,4
160406,7
176097,4
25820,69
118684,25
165139,34
5929,67
140491,30
183455,26
279092,2
195491,4
189555,9
3242,56
74799,17
155537,21
4838,85
187403,8
171109,40
82920,37
155984,14
197141,54
154925,6
211526,2
87210,7
254544,1
205767,13
147863,2
147865,6
158639,4
86023,12
163022,49
122519,17
128097,16
174147,23
182865,3
287213,41
146394,7
120837,13
78329,10
190231,2
66152,78
118824,4
142154,5
164194,9
121715,8
170849,3
119828,12
130724,10
130930,9
142584,10
149524,7
25831,29
172809,40
183027,7
200500,5
203146,3
207357,13
213563,2
215751,4
142388,25
222883,3
32866,22
69374,27
86368,16
140253,1
207822,2
191689,5
125237,13
176237,16
100003,3
230415,20
188205,5
150477,4
184681,6
170155,23
147136,8
173027,6
220856,8
271270,1
109776,10
181913,6
161668,2
116901,23
164304,3
171313,4
171543,10
147730,15
105465,10
225545,2
117714,27
272441,1
272997,2
240222,16
89133,4
1718,46
4097,162
268316,1
266282,89
270126,1
26247,27
134059,6
262965,2
4859,35
6557,67
270750,53
263353,4
322,3109
2396,27514
62434,4412
68954,36382
6378,17009
78,1258
1016,1500
3703,11672
4167,1865
4624,955
5949,421
37720,2033
41285,5892
89753,3379
210851,569
71462,1072
106487,13777
9018,758
1005,2227
95720,1071
918,2118
72407,4038
3577,311
5211,179
1133,104
31364,2860
2848,455
4697,470
86377,2134
167174,74
273809,10
206431,12
513,598
106300,38
6678,467
130642,185
4531,1258
5867,783
145572,18
127178,304
26713,500
5692,334
117364,169
53127,421
131170,179
279934,24
203278,142
286793,17
52424,85
71374,137
179475,6
190339,36
155405,6
48342,247
259353,28
7283,148
162382,11
7912,46
26796,137
8664,91
8845,58
32906,184
72096,25
184495,7
6911,48
125401,10
283509,2
6082,191
240474,1
130081,18
126414,15
37277,43
195189,2
130564,2
202435,91
228899,33
8627,4
63458,81
57690,33
59180,24
185537,32
199249,21
206162,10
174545,41
177465,7
205731,1
102113,13
119629,30
5920,36
185167,9
228101,3
170425,54
126953,50
96419,46
189877,14
231437,4
177743,7
5457,78
223570,46
178111,45
203110,36
171295,13
33132,13
176677,12
162656,13
118464,6
210563,3
26070,42
30721,69
104606,8
117324,10
206847,4
163989,18
218563,1
169000,9
209589,20
5030,33
49769,17
146898,4
204340,15
257529,1
79222,28
201851,5
284869,9
152814,1
260557,9
272545,1
125211,33
152465,4
155024,4
82388,8
110564,8
6142,31
60887,14
221568,13
222737,8
253760,1
104847,9
273667,2
162624,9
122880,37
204524,5
122647,6
214286,2
226900,1
192119,13
3657,50
132490,20
174211,8
71276,5
289551,2
235609,6
162984,12
90319,10
209255,7
146696,13
168168,22
184647,9
186275,12
167158,2
85273,15
165237,4
101595,7
259857,2
153362,4
131538,5
136542,213
133499,1
135597,51
134234,44
137072,5
265582,5
136367,15
139867,2
362,7782
58559,59334
673,12859
187593,9815
3087,6401
4126,686
5222,1666
5427,241
5529,567
7169,675
54256,1917
163134,3764
72630,119
2971,2487
4061,1286
188301,4638
974,145
5543,207
84273,349
633,328
4725,1544
38600,311
613,2494
8042,2305
80241,440
4119,240
62203,1103
168348,82
232829,46
252474,1
254452,129
258451,861
6939,152
88044,11
152944,12
7817,696
60382,206
2625,696
321,932
43419,487
98122,576
159614,83
191687,143
81641,605
99721,210
1533,358
6237,357
4259,313
2479,326
169756,155
78919,17
89047,527
124488,11
147300,135
258001,69
112653,82
961,262
193439,34
5251,117
150993,35
199426,3
181629,6
142258,86
26379,144
148898,3
157004,3
176239,15
188863,14
138296,1
104875,103
138012,3
259751,152
159419,18
177737,99
81639,117
6108,38
256941,16
4512,163
105423,23
148104,3
202671,3
2564,19
103446,8
198261,20
205599,3
256939,3
6145,40
62299,47
69545,6
108940,18
161790,16
191185,1
173659,10
205955,23
286327,28
215567,24
167166,19
212142,8
242248,14
177265,1
286163,8
181077,37
121797,13
245792,3
3149,58
262003,2
145574,2
210187,1
179403,11
5934,18
139580,4
171595,8
36523,60
200982,89
150278,41
161930,7
167058,6
59795,36
78633,68
126335,1
129994,9
171959,14
225820,3
235551,15
77210,22
229649,6
1160,45
94491,15
283069,5
150274,10
183325,16
228103,1
248002,10
148932,18
152577,4
205375,2
207814,9
252516,1
46954,15
184207,5
195959,4
105345,27
144962,28
189171,2
276689,1
179099,53
182125,25
51209,33
216372,1
91591,17
149386,11
161816,9
857,47
150350,9
79578,38
207503,3
164759,12
189971,2
160519,10
69773,16
129897,3
174103,14
131122,3
7131,58
136550,15
137102,4
8628,22
136309,37
134643,26
134077,26
267824,1
131486,14
134120,5
139229,6
593,90330
1199,18702
1653,26958
2797,24016
597,39189
2513,4349
6157,8254
64983,3298
57951,1113
148626,14997
1212,8823
2835,497
3441,3300
4474,1515
4782,485
5298,908
6188,9275
6689,118
140715,2238
280258,132
4713,1961
1417,785
1468,1213
976,467
27373,249
33138,471
105593,1118
2173,802
74484,133
5383,479
4798,404
50685,1417
186727,3
81979,20
168748,17
229991,2
259891,53
165343,102
7132,1989
4401,298
6732,546
5235,239
57464,395
5916,118
120827,68
26561,143
99574,285
60647,723
121035,84
5375,159
375,254
26778,138
231701,254
4182,81
6913,49
42783,122
192843,9
27738,113
108476,16
136225,6
1743,53
7092,173
4796,125
141954,26
53974,632
111375,356
136166,3
212855,21
4923,86
35015,168
26090,137
135669,7
78993,22
146996,7
161530,5
172543,10
214062,8
181469,6
112488,91
193347,15
265332,4
3601,40
141538,53
208429,197
184865,86
97665,134
59178,18
176127,10
184383,30
261549,2
876,314
62718,293
161336,21
220956,18
165163,36
53845,10
281090,2
191647,4
91782,9
142186,4
174629,11
30977,27
194024,2
206395,14
283425,39
27456,107
34330,64
118336,1
217125,3
118204,9
101531,74
187033,3
49435,55
198295,17
83082,85
58422,57
184213,47
126403,5
260037,37
275641,11
7342,47
144282,19
177441,5
98927,13
173443,2
45991,25
186357,13
95695,12
115947,36
184365,11
161958,62
64288,10
163062,26
165531,16
174535,32
185657,3
77893,66
152984,28
154458,23
155147,8
188575,28
169916,8
199267,1
73776,23
158763,3
97834,43
171573,9
226578,16
228861,38
245082,1
26831,27
9006,9
175245,2
184255,12
240888,3
66720,15
192391,24
210269,6
156732,7
158585,10
198085,4
150714,1
30781,14
178495,3
99343,9
144356,23
56551,10
119159,12
152914,7
210811,7
159944,24
244444,2
192993,8
146344,8
164707,21
168470,7
97238,6
81589,6
163647,4
170987,6
141940,20
250146,4
25913,56
207540,4
135623,39
264574,46
132952,57
135131,13
136513,20
7726,12
133620,5
4762,4
139893,3
131476,17
134726,2
2294,12857
6754,8612
54272,12517
78105,4236
143385,5785
213914,794
155,1289
950,3837
1863,1082
2606,2180
3436,833
3844,3674
4452,1135
4773,180
6213,2321
51091,1445
42958,294
2739,6158
1525,348
7359,80
64622,3092
3431,556
192283,2138
31694,866
51418,258
54734,519
56274,395
114847,1057
44949,128
7481,1536
90430,1736
3843,584
7202,230
165105,492
205303,528
279812,1631
126548,1245
112497,359
282561,180
77667,634
99750,440
8423,75
269786,67
205661,568
7218,615
91474,215
161956,348
184089,203
40946,511
3124,151
5827,48
105742,292
4418,77
140789,9
225459,2
27631,28
119909,31
146414,21
5605,300
212883,191
5962,447
47774,19
1331,442
163448,2
53592,69
68515,5
168510,13
181243,7
237234,2
160874,79
281500,2
134445,4
163619,1
44234,41
108,123
5771,302
131056,31
8755,98
7571,75
160638,16
26539,138
213227,7
58365,45
162666,18
202655,3
213598,3
124125,13
276499,4
273439,4
193894,69
683,36
34158,11
289193,63
151967,4
152348,9
73614,70
248316,3
8003,68
95754,43
277744,9
96952,36
88224,10
160448,9
68069,60
160776,12
172795,41
107990,17
147738,33
148970,21
192595,4
201700,2
32478,6
156379,14
160161,31
181479,5
265686,3
51321,59
147458,5
169958,122
112759,5
51194,10
8935,74
140469,10
173461,5
180569,35
196097,24
273383,11
82980,38
146128,3
146226,1
153558,6
154346,13
157019,1
122490,17
171691,6
148384,5
26309,39
46929,30
83533,8
155411,5
199646,2
121286,12
147026,19
249778,8
163312,48
207339,15
148292,1
168142,10
276967,1
1561,40
104091,13
114394,12
119440,7
175239,21
203483,12
144062,28
84096,22
81041,9
99402,24
120380,8
172199,7
744,37
185899,11
201783,4
204260,13
167948,2
210853,6
174719,29
191159,6
180127,3
149088,14
111776,9
117704,1
207249,33
229913,6
130376,5
194911,14
133837,15
267660,1
288963,1
133205,59
132242,4
137042,4
264021,7
34,35969
193,8144
1198,67408
94864,11254
8961,41463
368,18685
1344,4553
2888,1251
4132,1961
4321,7751
5417,675
8464,13770
1924,2521
1537,3981
3152,3213
5367,799
117895,2822
7647,398
1404,673
133133,62
65660,82
6005,685
160954,1392
6639,1439
4517,342
5038,259
26258,758
53578,171
211,590
204704,1336
51372,236
50641,684
267424,79
121155,87
181405,8
62376,1622
4263,699
1068,366
221880,52
3235,530
6204,270
173965,9
7587,1506
52767,542
7562,319
72167,1120
73511,167
8011,482
79798,343
31921,102
2200,126
183985,39
26529,130
120474,337
26164,93
96596,103
122717,7
202996,8
103210,274
70497,70
177515,14
202653,6
257969,86
67361,199
89386,119
1675,129
33126,137
2663,247
42546,51
84230,37
84483,10
116969,21
224314,6
281556,45
140465,11
26553,22
108778,175
125942,12
177647,9
181211,11
207475,5
82276,20
169948,120
141988,14
215947,30
167310,3
30952,68
53988,178
152290,89
194883,2
220590,2
44777,50
195293,76
168108,8
272901,3
47129,7
64550,10
148162,16
149782,6
159622,13
102378,86
277398,26
193115,10
119964,59
170205,11
193451,98
7103,84
157294,18
180245,29
59216,28
86536,56
120944,43
276451,23
107426,52
64524,46
149917,1
118894,50
269954,6
164373,44
182487,11
185265,5
153764,3
204276,3
157128,28
281066,4
176591,4
176403,27
74428,27
140667,2
147398,16
152976,79
168774,30
109420,131
174889,12
2225,47
103221,32
157853,73
111314,39
130882,3
150324,44
146116,2
153000,8
153012,2
284181,20
193573,4
155561,28
165589,8
173003,9
172997,9
206525,4
214626,16
222412,8
234219,7
116409,4
50349,18
185577,8
230867,2
261781,9
157403,15
155591,11
233991,4
164853,8
76066,5
530,37
88099,9
151810,17
32109,33
121495,6
184855,14
163811,7
257769,3
92371,63
796,46
160918,3
192041,4
126959,11
171821,7
188767,9
251226,3
278944,8
129058,3
131888,4
195131,3
202123,9
157995,20
133782,243
6124,151
132159,17
134615,9
265150,50
134332,74
267908,1
264962,57
4172,25
133201,18
136511,21
135827,10
137908,8
139891,3
137616,19
133097,7
1183,16746
1500,15667
2003,14222
4865,5952
55577,2514
61361,213
2261,1202
160980,3433
101,5211
1378,7185
2342,260
3198,5270
4992,4536
39427,1192
47044,1860
7173,4666
39400,589
126,1482
162590,632
2771,1694
59910,82
80094,508
2907,1734
70687,191
58107,1003
204002,4
4415,499
85205,8
112689,66
27004,65
117893,154
203449,43
206246,1808
239040,67
240452,677
275433,253
277066,853
38159,485
45224,30
148881,600
7118,330
4181,264
5597,347
160644,104
4153,1007
106011,325
86014,249
194312,238
82463,441
274289,38
6056,96
241776,4
6419,166
61449,143
160187,50
198843,3
4683,477
26630,136
32882,95
78157,45
110130,281
135186,7
288167,182
58123,75
160722,17
198021,4
199073,227
25963,318
102677,42
174171,20
241314,3
3043,230
57453,57
116491,28
4917,120
93168,7
158053,17
159451,129
77496,65
83361,46
100081,10
173621,24
280030,6
216881,78
125952,23
143703,13
86590,15
126739,19
200946,5
201566,4
26700,197
122497,5
142450,128
73862,14
193725,38
50354,50
158510,13
107368,38
62836,144
63312,95
92083,20
113066,71
146664,9
189483,38
275919,92
70046,73
130914,11
161062,62
65359,108
5926,83
142376,8
1165,38
756,114
115,50
137425,9
152892,3
26501,57
275141,1
167762,50
200414,14
253902,4
260787,6
154482,13
171497,51
194680,31
204950,4
68915,34
155870,1
189215,3
102174,37
152493,2
227614,11
98169,5
120801,8
125489,5
142901,9
150138,3
164935,55
189761,9
77479,17
270234,1
8689,138
96223,5
165151,11
150552,35
146102,1
146234,22
151981,7
80715,7
5918,86
8887,43
26752,14
110070,56
121413,39
166657,10
126393,40
133289,8
189219,8
215489,16
228059,37
76680,50
82141,7
148224,8
189019,8
180097,7
288287,2
221941,8
27587,41
51911,59
141120,12
158296,28
262369,19
51820,31
79832,57
121296,8
187253,4
78408,22
203591,7
78579,41
86070,12
182743,8
192729,14
70517,12
199031,3
176325,4
285193,1
97895,36
93193,48
109055,18
140144,7
176013,19
229029,2
271198,12
174689,1
224877,7
251668,7
226156,7
131444,93
134232,15
139463,4
772,35
1259,27367
4896,34825
5254,8648
5785,5492
8977,2590
45062,928
86833,6322
159093,4622
2212,1439
81,3311
830,6921
2007,394
3008,785
3538,1268
5151,3465
5447,492
5452,2465
6953,8496
58876,219
68932,652
89804,2878
60766,2485
6664,3185
114265,405
71668,1199
2662,5168
5585,566
7048,687
5699,107
4293,687
4169,332
130576,1059
141544,435
1226,2453
6460,712
143859,2085
188299,47
6741,117
81535,1094
278800,132
116957,46
143243,3
4637,244
8698,99
219490,4
5055,1977
1869,484
109317,51
127146,354
142115,1061
3611,188
123888,2
202443,66
112946,292
182467,95
7331,89
44911,129
65672,49
98759,31
113254,15
198033,4
236283,2
78829,11
79259,51
58718,33
82749,36
154906,10
92966,86
122417,20
138350,6
68956,98
244910,1
90609,17
175747,16
175857,6
176167,9
239042,6
96114,66
181779,16
211576,6
277790,26
3936,586
5490,109
8654,33
63768,23
93568,9
117107,79
130444,48
236125,7
2484,14
847,114
84477,14
188119,6
205719,2
3026,88
26297,30
135244,10
152838,54
150268,55
190743,126
27636,132
3313,111
197071,28
25751,58
139068,21
187465,24
874,74
84619,5
164604,18
177289,6
186437,12
167870,51
80677,29
101747,28
160696,1
67223,135
196241,17
171827,1
59838,34
224743,13
4088,44
58816,28
74588,24
102487,4
203022,32
143709,29
101018,21
119954,20
164945,9
201546,8
146400,7
153963,3
155573,8
233583,5
234967,1
141260,3
166609,8
150354,20
166904,5
170335,6
229697,21
129423,3
145584,39
201302,12
201644,22
267268,4
104542,11
105888,9
207672,6
109869,14
75367,9
215729,3
86841,19
107361,22
142606,13
144308,11
86671,20
186967,7
142088,3
101222,33
155681,11
183675,2
204044,2
107875,8
143098,7
122242,12
219701,1
69429,25
89607,19
255647,8
385,127
939,115
131936,21
8681,76
133976,9
136517,25
137535,3
132711,5
135637,6
267930,1
2313,7959
1031,4691
2683,29089
50804,1576
159690,682
1201,22922
155288,941
210,500
436,1338
1441,6353
2052,3621
3841,1757
4326,4685
4958,4074
5152,4745
7325,5664
31162,362
278446,1602
7460,2251
110882,1861
28,3310
3685,2354
1892,4774
57274,2994
8827,1246
44193,2839
1175,8405
80166,1305
4443,1240
142628,62
2463,3559
1426,254
34164,297
173167,23
180367,148
195723,25
212309,30
68269,895
183,627
89837,566
155820,633
279334,117
72165,475
135135,101
128671,159
5981,441
216937,384
100108,771
1496,363
6319,299
6095,53
2522,676
4208,96
106889,358
5961,373
142507,485
31747,66
2180,689
2209,212
88704,29
140345,16
49355,148
70992,166
83385,15
5936,167
166629,11
166157,9
177939,206
121235,69
144982,221
7613,140
45068,44
66947,30
80097,52
172541,33
210235,158
243838,2
265446,28
163140,21
81270,127
145235,11
219685,1
81711,127
167772,33
174153,16
203395,19
96945,37
138468,1
8999,207
136233,11
196491,93
230813,125
32392,84
3445,661
97744,102
4918,175
40973,140
172617,6
135823,84
204036,5
78095,14
97858,34
193813,26
176931,24
150852,24
27328,25
225365,2
292037,1
79863,105
121269,29
122441,17
127220,13
183817,30
145028,58
289163,25
167974,8
32515,42
202331,16
162162,27
153780,28
153804,28
201739,70
7188,53
140383,52
114378,72
112439,9
7935,87
8478,73
260495,18
181349,8
80731,8
193936,7
213231,5
206160,5
7818,89
93816,9
171701,22
189987,8
278706,1
116578,39
79081,10
144400,13
151563,9
175519,13
181441,4
199518,5
46880,24
198945,19
67980,38
73469,42
171473,11
280412,10
89632,24
157038,2
198659,4
279358,3
145140,67
26290,25
215949,7
194440,26
212559,2
224090,1
105972,27
175647,4
102951,14
243304,4
243966,6
190397,68
70188,48
188379,12
290393,6
26167,46
124625,1
185149,2
112452,7
118884,12
110457,15
161738,33
173719,21
132862,4
95748,10
211968,13
251392,12
141054,6
280454,4
141534,4
179909,8
130844,3
145422,7
173119,15
197613,5
272533,1
272959,2
148709,28
187727,10
267456,688
138332,1
131980,16
2079,146
132442,52
136277,3
267540,28
1296,6778
596,14721
762,10004
2018,9448
7147,22072
2355,26736
497,14593
1051,1449
1243,4477
1274,11622
2044,295
4482,353
8622,10946
55995,3419
106920,17110
100390,1325
162600,2289
170697,1407
2583,1966
8395,176
4424,1159
3885,204
27741,895
166705,781
208465,15
2905,1788
4155,2004
5119,228
114659,64
121247,26
162864,94
220708,5
255025,3
139092,25
101895,1022
275173,136
70208,576
88879,107
8410,134
208737,384
4826,676
233993,758
35050,14
90769,11
99642,56
25960,60
1415,277
87413,50
93570,141
188155,17
6068,44
6667,384
95069,48
200212,4
6855,45
1621,687
26083,153
2842,430
32625,33
7306,121
74131,159
117362,14
139578,3
26155,101
190077,116
8877,14
36883,70
64245,25
101734,20
259233,20
60803,106
118103,49
119565,76
177011,8
208709,8
247218,2
38164,40
175221,19
227006,16
145773,24
83656,3
145218,39
70964,24
6342,58
49994,23
199203,14
196439,7
207826,3
8500,67
66854,21
92637,82
159213,14
192581,12
194628,12
128251,22
174645,58
228919,3
231285,6
279430,15
4083,163
4829,94
149520,9
58812,22
187023,142
80447,42
114875,32
3650,61
117706,8
184561,18
192317,6
161147,5
195439,2
169692,60
8123,80
146050,46
141400,13
193759,27
207511,1
136698,44
94128,9
115887,20
144642,9
175823,11
179435,11
83923,48
145006,6
168846,51
220724,28
4230,17
157681,4
146176,3
146236,4
146258,3
146406,3
153798,33
154083,13
163731,8
192973,5
287073,4
5592,55
117342,9
201534,4
272077,12
66584,25
108635,7
118800,5
144094,9
79111,8
79203,50
157266,10
203737,1
217403,3
222569,9
228891,2
168960,5
60625,48
194933,1
149840,8
78986,21
33917,9
87383,26
130006,1
212034,2
217727,1
234931,1
235111,2
240092,4
90254,38
171161,22
146333,8
176957,3
183577,6
97039,6
144494,17
144544,12
162556,7
128884,4
173105,6
193781,23
140123,4
174401,2
139541,4
278322,1
174177,4
170161,5
204594,7
146606,14
232505,4
171549,27
133731,42
3485,28
133347,36
132360,37
138966,9
134212,9
784,16699
4848,16635
136864,4547
300,21085
412,4809
842,2123
1030,3502
5337,318
5880,109
6820,1250
8915,340
41716,1363
45440,599
2349,1532
6476,237
1772,3143
3706,3338
1752,1906
1974,4969
6695,1188
1034,1663
8132,3654
1489,492
34645,90
2682,784
54785,1111
2386,603
8008,452
8809,366
112370,2167
2962,493
27537,139
71450,894
108514,137
180095,1626
197651,792
1826,440
192697,224
103655,1200
152759,16
202159,493
253498,284
261583,10
1163,244
285301,740
42946,260
66897,6
31807,173
5895,20
8126,268
61354,122
79910,76
2778,209
70495,21
25941,181
55259,236
53349,108
87647,41
5552,126
32584,207
78128,74
79994,42
83569,15
180553,6
188647,9
219306,4
146028,256
84173,35
4107,49
86083,38
214812,18
67784,92
117606,2
787,91
125868,5
59915,151
47076,24
197009,50
71029,35
141515,12
214006,2
8127,72
406,67
100359,112
73089,125
126735,24
162936,4
167440,9
283547,2
138304,6
194738,79
5930,90
112460,196
1156,60
58649,64
171757,63
122982,9
279000,34
6152,103
105193,29
88991,36
50229,194
135829,94
115826,7
127214,13
51917,56
49394,227
79711,24
204810,15
96947,8
115437,85
205649,11
205761,5
272859,1
292045,1
5884,77
101273,36
147392,5
94278,32
231853,14
280372,55
122464,16
127088,61
153552,27
153770,5
56570,12
113216,67
90965,10
5188,55
178997,52
186495,20
137614,22
210273,16
71404,24
140204,15
2945,146
8986,105
206156,3
286915,10
153953,3
200790,10
89881,35
177485,3
142064,17
202753,3
5845,61
95302,4
186949,50
192121,31
141674,41
32890,17
59799,6
98437,4
285933,12
41889,30
152099,33
174537,12
210325,11
47452,29
153046,8
33524,18
183965,9
218841,2
33150,31
171537,19
160504,2
188225,11
204700,19
212223,21
219025,12
233117,1
106376,5
172469,7
97296,21
7184,62
93921,36
169470,18
168618,24
171443,40
176609,34
74701,29
158587,9
196949,10
170223,3
257379,33
92658,18
166140,53
3151,21
117142,16
196879,5
278448,11
153144,6
164538,6
146523,4
92374,48
94839,22
169054,9
146441,1
45761,17
206264,19
82055,9
122319,8
86434,5
219045,12
119681,5
177851,9
167068,7
219408,6
33655,29
184079,16
171481,9
174607,23
189841,3
227232,4
133591,14
138436,1
138184,19
136536,14
134687,1
135945,11
136696,23
132573,1
136998,1
262419,4
1276,13466
587,32382
3624,11026
64497,2767
71535,19908
85510,3439
1307,27362
42007,1083
94405,878
157699,2131
2015,2603
2094,7362
2240,1615
3296,1858
4229,553
5663,436
6288,563
52435,2285
135861,2169
988,542
253690,678
42094,457
27793,545
139721,281
96110,1517
134819,26
151639,684
259005,67
2752,1002
6300,385
90528,352
731,867
42018,528
3795,267
3403,210
7088,575
50066,201
46855,604
127311,80
179331,525
50011,453
5691,690
25793,387
25828,264
145279,7
1574,121
148836,8
4858,49
208747,243
220486,1
159811,161
71433,64
72485,76
72777,88
77979,28
84567,3
154636,8
168240,19
54331,348
82765,137
154911,2
102514,23
2697,386
51182,51
5028,170
82324,26
250764,13
176961,5
126731,11
136501,82
198101,69
92307,51
4925,146
5854,174
179139,7
4843,11
3626,300
26079,43
69971,43
85211,144
176571,66
92234,186
243234,24
53133,61
33264,182
49183,35
205765,2
248636,1
64368,36
118922,50
161602,6
195671,81
206727,18
44511,43
222611,62
59440,186
152557,3
136620,40
208275,1
27646,59
131009,11
177279,3
252646,28
175143,66
221792,8
143221,1
184683,2
78858,8
209987,2
201166,8
152216,4
128383,2
128742,1
129984,1
138548,1
143880,24
175097,5
151437,5
184539,6
126038,5
155104,7
155145,15
77493,19
168692,10
152067,48
107132,10
203675,4
207021,8
159638,8
175665,69
196705,28
108499,10
162046,5
254486,1
251916,4
116584,8
53052,29
144344,10
149380,13
27684,15
165027,1
126921,98
1708,15
109598,20
149652,23
169534,12
120839,11
84859,8
95139,25
175427,5
207167,1
224268,37
224979,1
234985,3
191423,4
181329,4
188491,5
142352,6
112782,3
207652,4
87595,9
7838,8
161422,2
108065,10
7237,87
132068,45
136912,13
26227,19
265068,1
136453,14
1372,11736
4700,6701
3264,5124
6863,19044
69784,3633
3252,11254
200818,4009
2467,6320
1816,739
2871,9488
3127,629
3359,3371
3725,422
4256,268
5505,2765
5562,26
30894,1121
39183,10155
45635,313
55269,7174
107406,8582
170355,1481
914,11077
7321,412
174815,329
281864,22
1480,1963
3435,6586
204352,2061
5040,2298
1889,1798
74553,1167
175755,62
52952,2089
667,1089
2678,196
5651,468
688,3030
3166,87
6705,391
4197,220
191367,805
203994,3
3013,577
206329,65
229455,1
282649,297
76,3609
105755,501
143444,232
286903,179
69304,166
26555,1152
26629,546
3595,66
8747,57
3941,131
229481,21
73319,1405
7351,49
2526,628
50858,143
60293,588
161954,343
179133,667
5965,534
77233,113
96700,96
211858,5
5642,397
167712,15
91266,296
2758,208
181499,20
8608,155
42176,32
141389,19
155123,12
175891,19
289351,1
116770,36
120783,144
127302,19
149084,15
206355,8
213343,35
177093,17
66744,238
129021,8
57276,35
193357,12
8130,144
180041,20
254450,41
90243,54
77719,23
219199,2
63310,23
52913,34
136786,39
149552,110
179795,38
4695,118
141505,29
189907,8
3346,43
53752,31
94184,21
117574,10
125467,18
141960,21
153444,4
155370,13
103245,6
285571,20
286685,1
8902,47
221660,36
55668,25
137906,25
201743,30
5006,68
1871,72
198003,9
198121,28
240800,6
275867,6
2032,245
200342,4
279484,68
178345,18
187211,4
158284,27
5756,48
723,39
171069,2
280390,1
151611,12
80836,52
142849,16
154868,10
114078,22
194785,7
250098,2
186249,45
61628,9
51528,19
188855,8
200144,2
128979,3
118504,3
132608,23
152200,2
220170,51
181029,4
167044,3
153941,14
163653,28
186251,37
287225,3
287731,57
226246,8
151214,7
91688,27
94112,31
101597,28
214074,4
289007,3
122550,7
140235,6
82631,17
166312,26
185117,13
196849,6
130351,85
230089,1
32419,26
203946,3
155115,10
92001,13
110647,3
124164,9
280948,2
124304,10
193853,4
112625,27
144488,10
144558,11
221496,17
283781,5
196353,7
109790,8
153084,6
199394,6
100739,8
181473,14
212327,4
197577,23
184275,19
165685,12
215403,2
194298,6
163695,7
278310,6
191843,8
124314,2
124386,4
213698,1
240278,2
251582,2
72516,6
176253,8
136375,12
133401,6
134565,31
269902,1
134374,240
135603,43
7242,17
133067,3
134354,32
134045,25
266260,3
26,2802
2335,7923
40851,1789
38886,2934
6936,11360
30793,17186
81834,20969
27,1802
1235,9462
2857,4671
3270,1635
4774,701
4777,163
5066,3360
5993,228
185927,725
8656,733
501,2363
2023,12326
2439,1704
332,2301
8643,1828
7116,1761
87222,4814
2610,390
74916,665
148853,11
33683,983
626,646
117851,1351
577,671
3743,695
5759,70
27020,682
86781,2162
182617,5
203990,2
170875,1561
3133,280
185571,80
197677,24
210621,5
212363,37
260665,1022
71211,1672
115231,1229
96490,287
8864,425
3811,1877
5875,320
204710,122
278980,477
7489,241
210847,400
90476,197
127218,216
1493,220
50517,183
156369,303
3211,410
81140,208
115708,39
26989,63
127212,408
144262,46
67957,79
5212,177
118334,31
153472,1
171207,173
176767,12
206943,4
208899,2
26048,150
32562,222
77204,42
66596,181
199832,31
72949,30
6948,174
6488,176
231471,31
32509,67
202055,4
132971,53
128560,31
156991,3
160333,35
283507,2
164057,7
201054,4
196931,118
96863,209
145283,12
209433,96
228867,6
80107,33
199436,24
8980,74
47836,62
81952,7
78101,7
103237,14
148980,59
282921,3
71560,39
109425,140
174549,81
121767,4
146056,12
2650,204
153947,5
159223,27
32501,47
133389,122
26676,70
163569,22
174793,13
188825,17
6473,78
162170,10
196611,68
5758,25
107352,24
32518,48
149440,7
57179,19
199566,80
282861,7
283167,20
8962,33
178099,5
221454,45
6011,56
276033,2
175023,4
203369,14
206174,10
120909,3
188459,21
216531,2
91067,11
91423,10
98167,6
112811,38
155382,15
178003,3
211940,11
173263,12
142845,8
175503,8
6437,85
32342,23
159411,9
176733,3
229155,6
286527,2
2754,82
144416,25
255133,1
33905,75
96971,11
152153,11
118524,13
119796,5
177649,15
200132,5
233141,4
220802,2
86420,14
175779,31
98441,15
41810,18
129239,7
161107,11
234999,2
202840,1
219470,6
234253,1
53833,33
174263,17
125313,7
122048,21
215015,2
192979,9
237586,12
151647,29
176231,11
27573,15
54010,11
70797,8
52980,20
164739,20
185531,5
176617,20
202495,68
87385,6
184011,15
152047,12
202830,5
237634,4
220924,7
217192,5
161181,10
267408,4
5095,451
5396,105
4758,303
136212,22
5586,21
132182,30
8411,7
135206,11
135787,21
132331,11
8329,18
131676,3
288303,1
135536,5310
4876,2951
4866,2072
5258,354
42011,2707
103249,9609
106918,5682
3072,8014
1019,6375
1269,7650
33154,1839
101283,564
200824,467
2750,2496
103980,2565
2331,1220
37857,1336
3387,1160
2047,175
6040,809
7122,358
168962,62
186709,6
1927,2947
201588,2802
42385,132
72787,167
191415,19
157831,3
42004,1341
7192,71
384,762
141642,31
122884,729
7895,424
127164,191
4919,354
40491,250
2189,202
4830,558
8822,53
4408,175
145064,126
175187,63
153488,3
220566,6
26966,55
65400,39
68288,122
93649,26
115770,119
166005,13
26251,56
8826,67
74355,83
99260,7
168034,16
32440,40
81708,13
154898,16
187115,7
282893,2
110867,36
171501,58
222005,1
5647,235
33945,38
108802,5
148058,97
181999,5
125093,1
145837,8
53548,34
8997,34
831,224
186005,185
5037,56
5123,125
97042,20
194514,10
184723,3
233867,1
244668,25
159827,145
117448,12
205735,1
38849,35
191257,4
280040,10
201921,8
178639,23
86750,50
8895,30
176271,4
152872,8
153800,6
114717,7
96941,40
27344,59
279252,1
47493,59
5024,87
103978,12
226114,12
131017,63
192921,7
101207,106
169902,72
216127,8
77808,31
115145,18
237141,12
213139,10
196047,6
34466,58
133893,19
8426,170
92738,32
182857,13
60737,56
5160,73
169762,42
273007,16
44611,46
71779,20
129781,86
132390,6
145158,4
162262,6
36083,106
6865,19
203559,17
128173,17
163068,13
195753,8
202293,13
175407,26
144894,7
172709,16
192771,4
192835,15
286223,11
74127,9
176113,10
142935,22
203024,8
222368,2
226546,1
190415,8
108564,7
110428,9
111793,4
286973,1
203809,3
210567,3
283015,2
214476,2
120076,6
178239,3
192321,3
159159,13
148448,25
215165,4
53873,30
181541,8
140168,5
174129,5
26911,19
161436,2
186041,5
132555,82
131712,16
138438,3
5823,23
136872,1
157017,1
138688,5
908,20093
916,7573
3481,20240
44,12261
743,6511
5219,9097
8815,769
57368,8984
1350,6814
159,2463
1135,4124
2134,7000
2169,1179
2322,2572
3783,2277
4267,1102
7257,432
228563,421
3069,246
3669,441
3744,4917
4354,585
606,1569
71033,3143
3287,1096
48262,247
111743,1783
3183,215
93855,1025
3528,1795
3017,872
5214,958
5852,184
2644,2592
33819,155
1875,1079
271,1271
122890,2363
182513,3
182515,4
183843,1252
7290,40
8967,610
61289,289
112727,309
250546,233
78469,4165
7225,605
88299,35
247780,197
2738,539
90524,497
5606,343
56479,79
236313,3
3370,337
104089,122
6509,609
3666,120
242264,3
34505,39
26915,129
61398,63
77709,116
84118,6
94469,174
104153,12
126963,24
146870,21
154045,2
156915,7
167064,345
229947,3
63676,209
6988,219
7250,291
4199,215
48598,237
52462,442
208281,17
33821,25
180033,50
151735,82
72848,15
122480,31
185103,3
167564,284
104298,55
167754,12
140291,54
99904,15
128548,39
200170,20
205663,7
271194,85
282717,4
290079,4
5764,200
186447,3
129779,188
136926,50
139405,5
33603,112
76778,31
4538,60
26136,22
185519,15
71239,90
160988,88
88488,7
210505,10
192,78
272557,5
135119,15
200014,8
54116,144
7901,68
75404,34
144756,14
141648,202
164767,27
191191,1
288679,57
216167,131
192853,1
144550,28
148727,60
6831,15
95814,11
844,167
175397,78
194969,66
26728,63
196557,9
3922,120
6391,59
56474,72
3123,38
275179,2
115965,126
69061,24
110796,81
189551,1
172701,4
211542,2
175899,8
193757,7
128443,3
163539,8
181567,4
141493,86
30942,18
159906,7
92793,19
153786,10
154572,7
143239,84
218701,35
200250,2
220984,2
32128,66
164729,46
170985,12
261799,29
155098,2
229755,6
172905,15
161654,22
207459,4
121328,5
164789,8
159572,1
164300,9
184043,11
195277,10
206639,7
214228,14
224100,2
225211,14
203062,16
161202,8
208329,10
81518,23
112594,21
34369,15
248424,3
158631,2
180017,15
235735,1
205459,4
114571,5
144520,11
149364,10
155543,19
189501,4
252666,3
180559,10
113234,16
169430,6
168244,39
177657,4
189173,21
155988,7
145668,4
204598,7
215715,3
66051,9
137515,3
161430,3
263571,26
132456,157
131548,21
289929,1
5405,21
132462,12
138258,18
262739,2
1210,67496
253,31756
5768,191
55247,14477
1148,17652
1689,2328
1866,1798
2076,12303
2371,6943
2804,15016
4036,2728
5480,1547
7258,559
55250,693
112552,19477
198611,124
1280,3664
103685,244
99007,3200
1955,5859
1363,1752
102123,4636
74510,2123
196029,4
3727,1419
5448,258
2809,283
32598,1419
80222,461
179811,193
2727,487
3587,459
99413,70
279630,175
165539,53
3010,447
157843,2
7023,941
4209,143
26393,387
175809,281
196893,345
114486,119
79897,392
1771,410
241780,31
30783,154
6528,135
128578,20
5892,48
65111,12
151605,243
71619,467
1759,397
91831,172
107737,51
185841,88
81080,34
57865,88
114417,16
82671,10
120777,8
158228,6
227250,1
160581,61
170893,19
97423,40
162950,11
169352,19
283525,2
283553,3
67927,41
70920,3
148442,25
26710,68
4547,97
25837,27
6949,129
26809,54
116833,64
70425,26
165421,125
806,567
8141,30
31553,220
71409,13
2601,15
169066,3
48214,43
8674,106
289183,2
179275,119
8290,90
122791,10
162650,12
254454,5
109199,28
141852,15
250032,5
288023,14
4779,125
219597,21
272279,2
222304,4
86279,63
102823,26
181501,18
25906,69
1877,48
189745,23
43567,7
258251,11
177839,8
5708,40
144704,8
183379,37
210659,23
220062,3
70708,123
161119,5
206158,4
142534,46
190531,3
214822,2
61215,58
52088,24
121184,37
231045,3
169618,3
171291,7
78909,11
129655,5
148374,23
173753,8
72163,10
103030,40
122729,8
176681,120
179427,11
79195,11
146086,1
238106,1
195929,11
200616,1
204626,6
210873,27
218323,23
168606,2
169604,15
208195,2
275321,1
291877,1
183413,37
130066,19
171423,6
255945,16
214014,9
46318,7
67675,15
241300,1
101664,19
175683,1
165629,12
74144,16
256381,1
128648,19
147414,8
161638,6
79035,22
180487,9
180967,22
265052,1
108403,9
144622,8
163999,20
139138,10
169726,7
193837,9
130608,3
141448,11
161830,11
99056,16
122713,8
124949,1
254945,2
215125,7
249976,3
284963,4
204356,8
192483,2
132430,33
134246,197
138458,18
262755,26
137311,28
140038,65
131082,4
157569,65
135967,16
133667,12
270914,4
9016,17
267948,1
136576,20
1056,748
236,12617
329,27773
1873,3093
3972,3410
4025,15462
39435,2575
97188,2451
103772,4799
176371,11094
3512,2938
2497,2051
4200,761
2496,4405
3173,4567
3258,4372
4610,282
4899,1368
5080,586
41573,1523
44195,13226
180497,2012
81018,755
460,943
2069,1129
5238,244
1085,1311
159858,2126
1398,867
48082,3222
4104,1140
4368,2604
65882,594
2323,264
2629,887
5401,1716
85372,145
142827,22
6128,76
4240,500
7311,546
169864,2314
188841,2
107141,2333
53435,985
126100,7
185169,129
195343,32
223988,107
101680,7
105144,5
50183,134
118888,448
223222,74
93287,442
6030,77
2062,440
157835,32
103,1154
86892,1074
48909,67
8782,311
8899,195
31107,156
58223,155
5891,482
141928,63
219059,238
88593,216
102188,21
199219,268
109185,50
7239,107
73572,159
204388,160
141251,86
162588,4
2198,61
63515,302
149686,23
8391,97
60522,178
5142,266
79505,35
148440,50
4286,120
70912,121
164757,9
3279,21
114834,14
115923,7
98402,31
110330,39
138320,3
143315,8
3284,254
83049,22
8260,123
150608,11
195305,283
69227,62
71110,15
106326,14
175277,193
190705,16
144430,29
165493,22
121137,73
90559,10
209261,13
204436,11
2595,18
54986,77
146928,33
204078,8
104576,51
118332,14
168946,7
291419,12
172843,7
163000,19
163412,6
50589,38
193219,9
6956,35
33863,13
107653,72
129911,10
78955,27
133163,57
46910,34
173979,25
193904,41
279856,7
145947,9
208064,4
70223,24
203202,21
203152,12
170022,1
77517,20
129270,6
145084,6
170717,1
171865,4
188349,4
255815,1
251620,7
66337,42
190719,5
193613,6
116014,3
141870,14
219135,3
227490,1
243566,2
103411,5
145578,10
71182,44
206700,9
209293,11
215753,4
188659,36
187631,5
287665,7
88166,4
114420,14
270692,5
159002,12
280184,1
146722,2
95300,34
174839,14
96960,5
196979,9
80354,29
180607,5
205285,7
162836,1
194616,5
109567,2
111538,2
145396,4
161484,5
246334,1
231943,4
248966,1
3456,452
7244,86
1890,69
134722,15
133141,52
136528,12
6110,28
138020,6
139865,3
350,16467
7005,657
2723,8940
3328,5186
2409,6860
50003,420
26226,86
4874,10219
973,1036
1093,8116
2236,1931
4144,4146
4305,1002
5322,41
6810,1457
27837,997
53468,809
71282,1602
72011,8486
96728,3075
105355,2272
4523,525
4317,1105
1260,5728
3196,3233
3054,1974
3741,3182
12,4258
159363,3
7786,214
39414,959
186721,3
188309,701
197681,11
207233,1553
271232,481
2531,2230
127152,1197
148238,347
212371,375
237372,302
280106,8
282147,454
336,294
105577,6
206419,1389
249324,9
3548,1432
80590,1133
227496,288
278876,158
4198,355
2939,578
32314,98
26947,589
1046,1415
89570,136
95311,1023
7940,261
40226,67
66317,109
72784,22
136564,390
7945,32
78016,21
89354,22
190739,67
108473,17
119901,22
86087,34
116907,152
26159,191
984,238
7020,387
151609,10
154904,14
107565,188
3207,76
107883,570
137703,4
147090,1
6201,293
138402,23
157186,32
126753,13
166126,12
217137,4
287831,1
72980,146
118248,57
137108,49
168278,66
175033,10
109053,10
126593,9
186277,26
55226,43
160662,1
201050,9
55492,95
175169,23
6267,94
83827,141
60183,9
171881,138
8198,78
40952,144
62208,32
195649,17
198187,3
94803,48
146078,3
40337,98
256819,58
79775,16
8255,38
108220,106
220932,15
206939,265
208517,57
180091,60
123264,27
25835,122
70828,25
211934,4
277670,4
212895,1
73386,42
165647,32
68690,94
157110,18
67892,15
7928,46
69493,3
128796,5
197843,18
90664,15
169694,28
203421,6
182835,146
46194,64
92010,21
98595,20
128764,2
236489,1
218657,105
32141,26
122813,7
143377,36
179521,17
178383,2
91786,25
93572,33
121596,11
217423,20
175695,42
218575,4
226196,2
117873,6
5087,116
114191,4
115348,15
255955,26
122505,11
212607,7
111405,10
164594,6
132910,16
187983,13
221846,1
144968,3
246992,2
100291,7
213079,3
158545,1
145430,1
290267,2
170605,46
148276,5
196651,2
132798,218
131190,3
137859,44
266244,1
266550,3
135737,2
268262,2
223,27906
2006,16068
2701,13691
30749,14276
4446,8137
33679,17358
2692,22239
3083,5249
2090,3702
1769,2872
3037,4273
4033,3832
5328,71
5422,249
5841,586
6538,1757
33166,13969
50158,219
111921,4491
213207,1732
52328,6520
48045,173
102993,2047
3859,446
5105,1428
96691,1646
3325,940
3990,894
3679,493
3076,694
6254,778
31594,47
57147,567
146309,457
6671,238
6970,603
112640,75
163420,2
200540,1728
56176,1665
90890,733
39796,68
56165,277
174681,79
188625,218
239256,72
275463,32
281190,391
284565,11
127226,52
158972,658
26547,752
118496,190
139084,50
189783,715
2920,1239
252272,95
8133,103
57326,405
27441,373
61210,253
8239,599
187501,794
3116,45
59590,220
860,369
144348,45
112911,953
8460,153
27608,432
6522,86
3500,729
6668,421
90870,235
7055,448
56869,59
122466,29
207908,3
81195,56
3171,193
5069,489
738,25
3792,273
5307,185
96969,158
115147,387
171155,17
177373,5
187137,2
5465,224
160796,12
168884,80
119314,13
139727,14
167530,7
8828,63
138412,4
177029,12
4394,272
32383,109
150534,23
80083,112
153222,9
168426,64
191819,5
63239,219
5003,192
204366,24
175283,23
186341,51
205671,3
27332,14
71426,26
193863,6
168024,9
69809,67
172455,84
160114,37
2684,29
153822,4
136622,64
27515,71
26187,115
278640,77
109372,102
191851,2
47907,47
126751,16
123225,11
107022,5
107098,13
150768,12
184133,3
191437,8
203835,4
283271,5
144636,38
90815,6
282565,1
98475,6
162356,39
189045,8
190323,7
8693,21
2680,28
155149,9
243858,9
107408,140
177761,16
123322,7
219555,4
231671,1
243142,13
245758,1
262117,3
3353,38
145434,2
166647,8
161806,11
195371,3
102517,30
79327,11
184137,4
220788,1
247668,1
141944,7
157244,3
56959,11
71170,56
199464,8
47972,19
169002,24
259713,1
271439,1
157047,11
222707,8
242990,3
186217,3
211546,10
268020,1
82123,3
149965,5
181731,3
272431,2
190395,11
139879,29
7304,202
8723,15
132335,75
2675,103
131256,5
6716,42
268186,4
132526,4
267926,2
1208,32518
87232,15387
98961,5540
417,3314
4591,635
4617,257
4873,4544
40826,1320
54771,962
204158,553
3621,691
6440,5617
3260,3099
8947,3426
255335,1853
172547,1319
548,2904
55851,86
176929,1489
213892,664
3865,1029
2168,530
3912,277
6100,549
175669,86
127096,827
113263,25
184165,85
80191,139
5909,467
89072,391
103219,292
132979,59
198951,11
261595,42
139098,63
173139,218
117438,740
5062,682
6852,1098
53827,220
2753,362
3519,1098
254744,80
3502,601
6896,352
241954,2
139120,341
25833,144
46430,85
388,546
212399,3
99530,210
6572,99
4669,162
34548,59
48638,100
52101,38
81031,27
116503,85
174953,3
190747,40
203040,11
197957,35
125972,196
210863,257
116859,61
146684,70
602,334
229483,197
144762,97
57692,41
105049,29
160992,30
175311,33
192227,1
198549,4
285785,2
102160,186
130618,93
170279,16
173997,9
188281,20
197853,9
200888,5
26996,50
122455,11
81445,12
180345,12
207297,76
32469,259
43389,58
64280,18
68480,16
178679,33
8774,75
91808,124
110548,20
171095,39
192055,47
44427,42
203132,13
168018,4
279402,37
153178,12
272857,1
57432,38
76753,81
102425,22
116738,23
286833,10
74426,96
140811,35
213157,12
287663,6
272079,69
6717,69
123085,20
189889,114
87469,40
6096,61
90564,19
290789,1
99811,78
112469,24
286225,1
149218,6
116724,36
7583,50
136774,12
210221,15
173935,22
146544,12
169016,10
218977,2
222615,5
156031,10
37663,4
178865,9
190335,5
255123,12
208711,30
152183,17
53038,73
79337,7
244296,1
206184,5
171955,12
183163,9
146402,4
70695,63
136202,12
176003,5
177721,8
179397,34
176977,16
152755,25
143863,21
173609,8
254682,35
47277,12
230451,1
163454,11
7106,41
61206,33
206192,1
235383,3
245006,1
227837,2
185125,1
260861,1
89100,3
72624,22
129836,39
124783,8
143178,5
170641,20
167130,6
95688,4
219256,19
5897,17
143617,1
176471,4
213327,6
211436,15
279576,9
169970,9
159769,7
32535,6
208955,4
105733,6
127642,5
176277,2
260187,1
209197,3
140882,10
26775,48
134378,39
138460,9
5374,64
263775,1
131670,15
7418,59
133069,2
5886,16
4910,27
136818,7
926,6068
2502,28330
63436,1776
89087,1038
2022,3183
663,3384
1777,16337
4014,15269
5843,797
135143,8005
210569,1338
274053,3115
1077,7594
179401,4251
72720,2047
74545,2655
8270,280
2975,640
3711,157
4047,1783
100714,3119
4397,670
5765,374
6629,473
6650,1216
213842,1
140325,17
183125,49
184015,332
6880,2332
57223,291
72393,787
142420,555
243656,4
271799,270
96917,391
409,485
164981,983
84880,71
225289,59
55451,578
73870,117
88248,169
213900,141
32395,64
4227,171
1564,277
99787,221
6746,108
26333,41
1978,1354
4526,1105
95488,279
3216,154
240296,53
60688,30
167248,194
5333,468
26401,19
60189,35
83246,30
98983,26
172941,6
190317,2
203745,14
59435,57
87568,18
7742,115
6045,138
1820,63
6495,95
71114,13
139521,30
209949,40
8825,48
187119,3
237131,6
180039,30
80181,65
120849,14
191857,29
209193,3
110346,74
94480,165
4653,112
195613,5
166175,11
26688,398
54268,51
4363,73
26949,45
204836,140
93126,68
8452,24
43997,10
1659,94
144422,37
176515,14
205605,3
272847,3
116034,35
120857,6
141757,3
267470,40
271989,1
210105,19
127122,27
130458,22
165591,6
171505,31
179339,3
48895,28
176887,118
27603,35
272141,7
177751,10
32009,232
7197,59
140399,12
171587,5
141058,48
275375,1
116939,25
178737,4
214574,3
110377,12
55659,38
79254,44
116076,15
118558,4
144206,21
167488,57
167992,5
185881,3
111264,14
238304,11
172695,7
66279,105
172793,89
151313,56
193183,13
102178,7
109897,38
124322,4
127445,15
220496,5
84238,33
140938,19
142382,37
146090,1
122876,28
8888,6
191631,3
129691,1
141868,22
87229,14
155499,8
171455,28
191707,7
200606,4
200698,10
205833,4
209853,2
221542,11
235065,5
68462,19
140489,5
6028,31
112577,5
160285,2
89083,23
109074,24
144194,16
144272,14
88374,16
124725,5
144466,12
121781,50
171361,16
104843,11
139150,9
171961,3
173177,3
129771,30
282849,3
121959,5
49754,11
156702,6
225794,5
187481,6
85453,2
101487,2
120522,1
162496,1
178817,2
202615,7
122764,10
113218,21
7032,183
6792,152
5370,41
136844,46
136762,2
140076,10
135711,4
136251,39
268324,14
135989,19
135153,3
265906,1
267964,1
137367,17
1215,14379
45499,13991
49396,2259
165101,1336
4823,5356
247150,285
333,12644
707,4672
1290,2627
1457,3077
2726,2876
3071,2768
3450,6086
4389,494
4994,2321
5112,326
168612,2895
3546,1901
3814,2136
69529,498
4989,909
3184,47
60950,4496
1582,509
2961,1909
169536,7
2668,1555
2772,2172
96448,215
128854,66
136469,464
167764,34
214668,9
218469,13
251738,199
280514,14
2789,1457
27357,68
95939,241
274197,367
5190,58
53921,340
259665,356
43832,208
31184,945
95058,482
167800,44
2255,494
2113,584
100583,16
120869,76
185981,59
8773,157
1925,403
197177,162
2227,317
25763,275
52016,28
72369,55
140131,126
85007,261
2237,433
3239,210
141420,118
244492,124
58494,126
69483,74
58652,182
51486,34
65588,136
3963,511
203619,201
266308,1
99746,43
138684,13
133291,8
154919,6
174059,10
182271,6
276433,52
283637,3
109935,9
120408,19
138462,7
66808,99
72762,265
96367,227
27050,58
257991,2
34299,24
143271,163
179357,10
183739,26
6178,277
51773,41
205633,4
48555,28
145960,16
159243,12
207634,7
292467,1
130998,28
216599,6
61011,44
72899,31
65738,91
169102,11
169744,5
61862,40
199189,2
183805,16
116941,64
221072,3
4457,9
7699,18
140329,15
109985,7
275009,16
135963,4
201727,15
110820,6
161356,3
182775,20
26602,50
111999,10
71413,25
128029,29
120444,3
278314,47
76269,30
146256,15
155141,10
156698,7
151573,49
116026,4
200802,11
25944,50
147845,38
822,35
197109,6
210387,14
171245,11
112519,36
25874,35
212483,4
231373,2
65011,12
251206,13
144312,11
233099,5
97200,15
152569,20
215175,1
160515,5
108491,7
162618,5
144672,8
272481,1
194632,15
188003,1
134939,5
132012,115
138328,7
8655,68
131433,118
134867,81
4070,36
136658,13
135629,7
139805,19
3891,32
131378,23
133087,9
131808,21
137078,1
266268,9
1908,43
2127,41
288521,1
222,5936
1249,9868
1804,834
3108,8334
3654,3844
4387,1925
4720,16578
6442,479
6616,159
80693,2161
88163,8538
291485,10
2288,14719
54229,191
116897,2980
59900,3720
875,525
4837,343
4090,1753
137282,5
74795,1996
1824,488
7026,569
1565,257
4177,188
64650,152
180239,3
2532,2208
48231,265
225165,255
226888,94
120815,68
125914,508
3673,252
5932,461
7216,573
62250,717
131474,47
3905,149
1324,241
31116,484
79720,930
187417,7
275549,79
77881,27
3886,211
192503,216
105429,188
58992,102
101214,9
153544,18
3240,200
167792,199
238036,34
78885,4
26546,37
4323,237
112454,18
84663,81
8511,219
2031,275
86941,9
92935,5
207361,10
213011,2
270946,110
84300,11
108085,78
182745,3
140086,7
32781,62
107328,11
149522,21
154094,2
83798,214
6465,61
4120,53
225221,86
6422,309
63121,21
26898,24
206741,43
172067,27
113510,16
142669,4
145988,6
100185,113
116495,18
25918,122
192357,191
35636,107
156002,27
205749,4
81138,43
91037,33
121122,21
152751,4
80727,178
117646,37
141812,71
3586,116
280342,44
285,84
125537,44
169690,8
153554,16
212897,4
3888,67
52285,74
91866,35
124851,14
174899,5
273879,2
169524,7
47728,81
170012,3
77875,32
152119,18
219330,9
152262,13
173221,25
185475,49
194134,57
7446,43
33090,19
173829,7
195399,4
155457,2
54778,18
281294,4
181761,11
196431,9
205647,9
224322,1
144688,29
238556,2
272615,5
40898,15
197629,6
271929,1
211996,3
244340,4
210423,4
211562,11
272737,2
71189,47
172967,6
201446,7
144498,19
144560,10
201474,8
163316,1
174029,6
146038,23
82322,34
186555,38
151445,4
170255,2
261227,21
83819,5
108265,14
129500,2
192627,5
203210,1
115475,12
186145,7
122260,26
8786,197
3180,400
265394,11
138446,3
601,113
138226,5
133137,49
133655,24
132150,13
132950,14
288277,2
132024,3
8220,29
1961,33284
2407,11559
4718,13139
49530,16325
50798,1492
22,10317
209,755
372,8367
1332,779
4203,743
5282,1064
6337,627
8917,8475
4429,498
1125,5476
1295,3605
1848,1631
6273,784
6887,1332
6469,106
3200,1358
5213,318
1731,895
7198,227
330,1584
143113,9
189873,559
7919,253
197199,505
4788,529
90057,1763
225169,111
252214,116
282959,14
192045,477
152091,760
1550,709
2725,683
199205,33
2521,709
177225,223
4336,593
7266,195
101243,55
1065,21
3579,314
685,539
191441,192
94126,204
55257,219
8846,97
50514,579
148050,33
152374,21
109463,51
110486,9
25773,287
121143,78
141133,26
142113,60
146305,33
161113,18
175573,9
242158,5
4403,381
66304,302
171749,501
4606,56
162166,3
604,6
727,24
196049,3
7080,393
27302,50
121013,12
132136,30
66369,32
115977,20
123573,10
128570,4
163066,121
283501,2
283519,2
128,78
50153,141
182445,34
95182,91
32941,24
7787,126
203298,19
239258,59
6630,187
205769,62
116742,49
116307,145
211874,31
6891,29
85072,70
94101,13
121588,3
189853,27
224953,16
97673,236
147990,24
5953,96
33912,86
153086,14
153200,9
170441,11
179309,7
150286,15
53022,148
225415,1
170203,5
2242,70
207121,22
152810,5
153774,2
72692,171
164959,37
31856,23
108202,33
260443,2
91056,30
252078,35
169326,7
48049,30
139076,6
160464,16
1796,37
5320,6
244882,10
290483,1
5302,67
155511,9
193707,7
8004,110
76758,30
65235,44
72265,12
126210,4
144922,4
162270,4
164246,4
164532,7
177533,3
175301,37
122039,23
161746,4
77947,14
146070,1
83158,52
33629,73
241778,18
97455,39
119305,20
125151,4
8486,88
130488,46
197741,6
204636,4
207668,3
208385,45
211504,2
221876,3
195095,44
8427,46
277266,9
59527,33
128626,34
222155,4
150272,36
159071,6
206937,41
48167,55
281712,15
152013,4
77291,21
73581,10
154354,35
162400,9
183159,73
186923,10
231327,7
173049,5
198535,3
138008,2
168888,2
142396,3
84469,15
122721,2
129496,1
192297,11
201266,29
138814,2
138398,1
135865,11
157226,18
270156,2
1886,85
136497,57
288863,2
134083,54
136824,2
266256,1
134282,2
263875,24
1291,46401
6503,6587
99112,4780
110102,13830
67267,1314
119155,1850
143365,928
177763,2363
5025,2930
5500,3210
218867,278
122,3958
230,7528
319,7586
493,3973
4280,2902
5568,749
7033,745
7265,2111
33725,342
46335,3847
71518,1556
122912,14645
4251,981
4028,382
1583,273
8969,4013
2013,5391
1176,2187
3728,911
2828,1025
8264,529
2517,2874
80862,795
7124,277
141004,453
141397,211
3689,979
77798,880
6835,62
130634,3520
4521,194
140279,16
54276,1142
3975,531
50613,15
94867,226
130636,724
143657,1560
228447,2
240270,198
280310,87
7210,595
68541,6
27843,165
32892,755
138118,4
179173,257
183827,65
7065,522
153016,11
81791,573
7058,288
48698,425
8851,87
115685,61
45036,27
118338,127
165327,6
208903,2
229749,3
205407,8
47264,517
27820,311
82722,42
199968,22
6071,25
6467,151
132236,10
146678,6
180293,14
215593,3
114273,20
162576,66
170235,58
31851,96
138502,1
82641,40
201444,183
140214,15
98381,66
33255,37
93641,18
127046,15
167052,22
267730,5
8762,52
7847,122
202611,7
138944,57
26493,112
205763,20
267850,1
275193,73
7989,41
106032,9
154352,9
248012,42
127292,9
143410,56
145759,15
183055,66
5660,159
283709,1
143898,23
152637,10
165831,127
173623,72
199432,26
201194,16
34583,98
120484,4
214472,7
175783,55
121310,13
186905,42
50886,69
206168,1
241352,5
115989,5
142795,2
180465,38
625,30
226896,8
146654,15
179155,27
8658,76
81898,8
122517,35
180963,8
184545,3
146060,1
153006,4
173687,54
179747,24
188145,13
121223,11
124302,6
209377,2
259351,23
46367,34
124915,4
125840,3
136792,2
139371,4
198135,12
198275,5
158290,11
221632,67
169494,13
78211,6
275691,10
7081,80
84122,25
164363,2
172241,2
185539,43
164963,7
201765,5
210385,3
184341,5
144392,9
116489,44
147469,3
189319,1
252526,3
196183,4
171875,8
244458,5
85985,6
152117,6
173591,13
190757,5
113924,5
161446,6
198887,5
272591,2
273379,1
46154,7
134182,55
269208,132
135585,19
268126,1
131339,2
136652,16
138056,11
133523,3
133970,3
264005,5
232,6295
2724,9604
225,12836
5266,10957
7454,7468
82854,896
120799,3094
8131,730
157,2705
924,35934
233,3607
2148,1324
2414,2803
5633,590
6898,362
7123,2058
79357,4606
69275,861
4386,3050
79057,2613
67193,794
77907,42
105801,125
25914,134
32840,799
4727,1175
81949,89
2042,2753
2774,730
6740,83
8872,253
1633,2413
93,2130
94266,962
128512,1033
4376,75
139719,9
168632,129
8526,1565
122888,246
164226,40
170629,463
104339,551
190,1169
91571,271
5042,157
5516,380
7792,669
151695,214
3390,237
71550,177
150602,56
41025,175
8811,312
50477,51
129428,349
7580,128
42556,105
66156,157
74738,49
91335,88
5099,423
119139,121
275669,69
31909,102
62153,41
123528,2
231153,5
3884,256
168074,7
130496,211
153614,18
85542,29
149796,19
138300,21
138414,5
46919,137
66339,64
156104,24
127144,63
88028,10
146114,10
121023,42
6924,80
118302,118
114068,22
232005,3
122511,18
7400,19
197955,25
156095,3
164240,9
164643,29
292041,1
25807,155
27823,12
95477,14
110746,54
142072,40
8375,85
253616,37
149658,63
199800,11
286881,40
175387,70
87915,14
149572,46
198649,19
278178,22
65001,26
186933,23
41650,27
217929,50
107535,1
78276,46
119670,25
148406,8
207349,27
135607,12
233631,4
230181,5
59840,15
118738,3
184433,9
222507,6
33688,59
5828,31
210809,10
47239,39
65518,24
201436,47
146146,3
146408,10
154460,7
172621,37
173811,19
36046,10
121477,16
158777,3
91906,11
177193,18
184593,10
139183,5
27513,92
161190,14
200004,3
201198,1
207437,2
207646,9
171299,3
185183,4
190047,20
255127,2
80124,51
193705,23
151804,3
6090,49
171183,14
233481,1
203916,3
68653,31
92132,15
189935,5
25735,16
125988,7
181703,10
144266,21
41518,6
172189,2
103784,14
64660,34
207982,7
145388,13
171621,2
211896,4
165715,12
157130,17
184423,16
114271,7
153462,3
161290,10
164501,5
178751,1
193417,14
272943,1
758,27
7284,160
265422,57
139325,10
135755,3
157328,8
133988,18
133741,34
4726,14
134350,23
268006,1
539,32129
367,40007
2791,24936
60760,1388
91500,20315
63992,8882
161580,1126
1061,9639
346,1160
599,3824
4040,2127
5524,1653
5678,736
6954,1374
7293,14774
32031,4368
34336,1195
55830,2637
246,10852
69458,312
725,1591
3244,1541
133645,1603
96829,5009
27727,1010
101973,569
1588,4902
3991,2114
360,2141
26084,965
139415,595
6744,486
5787,466
861,2707
207708,12
31251,194
96281,1676
173163,2
96857,444
259725,3
114182,94
213541,67
2757,780
170401,224
55176,374
2609,501
7938,659
90624,269
203206,10
91715,27
109576,78
159708,4
197201,478
26085,371
3276,319
100513,43
27338,480
8886,84
217115,20
6795,124
3920,383
25767,79
31900,44
74475,80
135242,22
135456,369
235293,49
190905,6
4426,659
122934,12
142558,13
25839,150
27096,67
44851,23
69222,27
155413,15
175849,7
211195,4
230713,2
285833,61
65631,132
107418,15
115471,104
39048,15
128576,10
145374,10
162098,12
268700,5
139841,3
106624,55
279226,50
55209,74
178863,3
171265,48
3670,101
196407,21
31467,81
171117,2
72113,77
43518,16
68959,323
77968,9
99468,184
132904,2
98840,12
4530,72
476,231
52796,11
121241,42
189061,58
149478,7
27847,47
165669,79
168280,15
152904,5
80419,14
68519,262
208269,1
26802,66
143506,30
275671,2
144500,23
58783,120
114371,18
68612,70
183895,9
192855,25
166653,35
31889,91
117656,1
145180,54
170851,4
118838,12
183523,1
188449,18
170881,30
171891,17
213153,3
178509,71
58228,9
90813,7
103873,29
152272,13
158200,3
171435,12
90321,22
182643,16
101855,5
216159,1
152998,4
153052,1
213435,3
169552,6
178407,7
256457,3
118744,2
118752,12
72883,15
220986,12
116215,52
248178,1
87882,28
162488,13
156757,5
159616,2
8037,15
216376,1
186603,4
274209,11
113041,12
179605,16
274617,24
4455,10
143974,12
94941,8
54406,41
211402,14
142903,2
147262,43
151549,7
180481,13
229055,4
78737,9
91603,10
123457,2
155792,2
123296,5
183639,3
192679,3
855,36
134124,14
132404,3
137761,65
138150,5
136489,11
5786,93
136353,70
136311,24
134063,2
267996,2
268026,1
26315,18
185513,7
241012,3
147280,13
200718,6
212727,3
144664,16
111515,13
102119,5
139469,5
161234,6
179217,7
230907,2
187693,2
86927,7
201148,4
275995,4
6336,31
188125,10
150956,14
100884,3
274765,2
176213,8
150300,7
168654,14
276399,3
198591,8
80451,30
69042,6
223021,3
141952,13
153937,12
89844,8
230449,4
195901,9
88599,15
165829,1
233693,4
175229,11
187341,7
273285,5
202627,2
202641,2
97092,4
132171,7
139128,17
266392,6
139335,2
268622,2
137377,11
206135,11
178895,18
171319,2
107561,3
173929,6
181819,5
128423,7
192201,4
86181,14
74595,8
119697,7
221078,2
96290,7
149178,14
187687,2
177223,1
145200,19
184375,5
186315,2
158300,15
157983,1
187649,9
228359,1
98464,6
212128,3
210305,2
180233,7
104317,13
164773,6
173191,2
172791,12
196501,5
217386,15
109923,10
272655,1
93291,5
282097,3
225419,1
80424,19
136660,7
132995,13
137696,3
162472,14
201805,4
181689,9
181693,6
249392,11
274021,1
40578,31
34488,28
149900,3
185271,2
86337,4
203926,6
183485,2
243002,5
194292,2
259009,2
171163,6
257813,7
166775,7
181611,4
289329,2
83291,11
94283,6
110643,3
160370,2
101872,13
203988,6
114859,7
130418,2
103751,24
220340,1
281142,4
216607,2
53741,28
149344,11
170661,8
145660,1
257649,2
178343,3
172139,14
282483,2
135520,28
226444,3
196497,4
184607,1
165857,1
171037,4
113812,2
214194,3
290934,1
131506,29
132165,3
6622,19
283315,12
133966,5
207183,1
278090,1
79163,7
95896,10
101505,4
148106,11
184435,4
242788,1
192851,12
186023,4
215027,2
104829,36
244758,1
198993,5
139533,6
199864,9
203886,5
48308,10
76187,25
76156,8
153907,15
180215,1
196437,26
173329,6
281816,8
168860,18
211189,5
258627,2
199750,2
280444,8
181493,13
121362,2
227987,6
142034,2
210347,1
276449,6
276657,11
131854,8
262245,1
157775,9
150870,19
179075,1
197827,9
168920,3
274023,1
3561,1
59157,19
265334,28
66036,2
121207,12
138760,4
139249,6
143567,3
168658,7
170501,12
193339,4
200570,2
268062,1
187691,7
214616,2
215037,3
215043,9
126219,9
8716,40
116931,6
181861,6
184357,10
166516,7
135927,13
190385,3
67135,12
102035,1
94202,9
154592,19
65288,24
215855,3
152087,15
280702,3
215349,4
74266,20
206232,6
189995,2
89112,10
199301,3
104226,5
176283,7
35331,5
284095,2
176799,3
262323,1
267794,1
239172,5
251184,1
158312,4
199468,3
204296,7
25948,35
108016,6
119430,6
163559,3
227290,3
182841,2
220168,3
232645,1
133575,5
164157,5
186573,26
25864,14
113020,11
114138,9
124232,2
129853,12
253980,4
139118,4
71007,14
171097,1
232245,3
192399,12
199760,2
92427,23
223143,6
194288,8
101400,6
47455,9
214096,5
6937,21
166743,5
109418,3
167278,8
103663,2
176149,10
271485,2
223041,3
145285,8
53839,9
138192,2
135226,8
81524,13
112729,15
136978,6
8450,22
189679,4
92740,39
27472,10
89373,22
193551,1
208989,8
171413,6
277540,3
244694,2
182135,5
102499,2
8857,33
212405,3
84506,31
157967,3
200568,24
26970,16
184127,12
79397,10
100240,12
166419,6
183091,3
202787,6
220324,8
156545,7
290131,1
247606,4
178793,3
203272,3
250474,7
76720,10
170143,2
197723,3
115376,13
62467,7
131624,4
134085,29
265834,1
159173,11
195697,5
197899,10
199662,2
210623,2
38435,9
139785,3
142893,2
217733,1
220632,1
221554,2
196855,1
80799,4
197777,17
162258,4
277440,3
80947,20
285939,2
106286,4
182177,7
183395,2
217949,1
226004,14
212595,4
230985,2
194867,3
204952,1
167076,3
176507,9
255581,4
168560,6
189681,4
195033,7
255787,1
281620,10
214010,1
146560,4
174415,4
47606,13
125339,10
216277,3
259211,1
43801,25
191903,2
221220,1
199670,4
223948,5
94306,7
164608,4
185633,2
265208,3
137958,7
85910,19
141014,2
181701,9
191745,3
104823,7
197073,3
200108,6
78742,24
67888,15
142418,3
208855,8
169942,1
100173,13
101887,8
226410,3
211986,2
91789,7
180685,8
184983,7
220902,3
165335,5
125289,9
226496,27
230227,8
158019,5
175577,10
78170,18
75962,16
266444,25
137104,2
131096,12
5571,17
186661,3
278054,10
154228,4
181467,10
120895,4
218499,3
85728,21
142446,2
168696,6
162568,10
108936,4
185587,4
249300,1
31047,27
150088,2
234087,1
150244,15
165051,7
179467,3
203537,2
275275,3
110858,14
220524,4
172945,13
159706,3
168870,9
142548,3
152210,5
132230,1
170529,5
123455,5
280540,17
272379,1
229711,4
219722,2
113938,9
159672,3
108342,24
201298,1
204706,4
206666,4
271375,3
183123,5
139614,4
139733,3
135188,10
207375,1
173371,4
288971,1
290253,3
171519,46
186649,2
119635,1
137469,11
169482,10
187529,6
8458,21
87511,4
215361,5
183177,5
169094,6
142671,1
181873,8
182079,18
232471,6
183283,2
121417,9
184661,2
194598,9
212251,2
85226,4
198249,3
167594,5
283391,1
194130,5
178975,4
214726,4
188447,3
255201,2
166727,10
206867,9
141205,6
147907,2
181603,1
171279,2
138032,19
267332,1
134075,7
133543,5
204380,4
100517,15
172423,5
150838,6
164631,9
292031,2
268606,1
89877,17
162456,8
195213,4
200508,8
172003,8
185277,4
167714,14
100442,38
237043,1
175451,6
113803,2
211836,3
152467,6
52858,25
216342,3
263699,2
243578,1
143890,21
151681,13
60728,13
66983,6
84682,4
207878,4
126168,7
182239,14
125886,4
141934,5
185695,3
138186,5
163392,7
218311,33
274025,1
186875,6
85734,14
97853,9
105288,5
138454,2
162704,2
180827,3
252596,3
274297,2
176131,9
148612,8
184905,4
208802,11
94144,5
180583,3
207906,5
291391,1
180049,3
118456,1
79918,8
278158,6
109718,9
223632,4
280810,12
212797,3
180121,2
234699,9
202473,1
165181,3
6933,9
146301,13
254456,3
282977,2
223011,17
198297,4
6737,29
186731,1
214356,1
261083,3
196039,14
196499,4
87008,8
183443,2
195521,1
181993,5
84559,9
111505,5
166792,3
183711,8
134172,5
131076,3
8776,19
157555,12
191381,2
26945,5
122801,2
138566,8
177567,20
177061,4
79022,5
181885,10
194851,3
165093,4
177161,5
196149,4
255785,1
212162,5
214214,2
173485,3
192975,3
278700,5
212909,3
253280,13
214684,3
221790,1
124464,5
158653,3
38004,15
74271,15
85362,21
214742,17
126136,3
108427,14
129048,3
140407,4
265564,1
140082,5
172583,53
217661,2
217278,21
241828,7
88250,3
94539,12
106387,3
123605,3
239092,1
263963,2
256223,11
81248,8
175815,4
160708,6
289159,9
217113,17
252458,6
273553,2
142879,8
152603,2
203623,7
121019,10
243492,1
100101,4
148357,2
208231,3
148859,23
207099,1
269740,2
167330,3
280172,1
170056,3
266348,1
261009,3
121182,17
124336,1
156826,4
208589,4
219966,1
98304,6
1510,22
194917,9
214162,1
213571,2
81768,14
210015,2
134653,3
165065,5
125155,11
88640,24
123551,3
202081,7
106436,12
190615,14
282149,1
182731,18
174015,7
251382,5
117490,13
221310,6
194112,6
213515,4
98458,6
52634,8
94801,9
188085,6
230477,1
146275,17
205489,5
172521,27
215287,2
277058,1
138698,1
135639,4
262911,2
53416,17
169146,1
289127,1
116933,10
122090,14
144168,5
160191,13
172271,5
184397,10
198749,3
196469,2
210067,9
125447,4
169290,2
250294,1
290033,3
89268,4
99279,10
120578,5
194158,12
127837,6
152715,4
80189,8
219201,5
144480,7
168994,6
117883,5
25796,21
93775,5
183287,15
170042,3
186653,2
187883,3
43383,15
191389,1
166502,3
173173,14
26361,2
78959,14
108997,10
142754,6
253106,1
125946,11
121087,2
85792,8
187939,5
181403,3
101846,6
181941,8
249108,2
239194,2
108546,7
70543,18
198283,2
93399,1
291823,3
207620,4
240140,3
159329,5
174411,23
174873,4
186193,2
279994,1
233417,6
122585,2
172911,7
197617,5
176899,12
151078,18
270768,7
168160,2
178541,6
185707,4
185853,6
132484,21
270858,3
261507,10
265548,2
143412,10
79299,56
101715,6
113767,20
122719,1
192093,7
193473,5
199990,3
223970,4
224050,1
228729,1
259047,1
30981,28
166765,50
253806,2
128596,4
152922,6
155597,9
159488,7
182183,15
275903,2
240460,23
157871,3
157893,3
158133,1
148032,5
169478,20
280348,2
169460,6
195683,4
178797,3
221929,1
254332,2
117576,11
217326,1
169630,10
183085,7
47615,25
170675,20
181909,10
186943,2
251080,1
280380,4
87225,12
217312,6
158149,3
268962,6
137323,3
6847,10
103846,5
170275,2
172719,15
159610,13
197947,2
114561,13
116279,7
142985,4
143091,5
178879,3
180897,1
185037,7
196373,10
201915,4
195357,4
73967,11
161326,15
198987,6
171201,10
225233,4
152964,3
154644,6
260385,2
276279,3
184735,3
177753,11
193819,3
198487,6
207035,1
158033,3
144736,2
217250,9
154800,19
221510,1
164121,5
179929,4
140519,4
143041,7
234093,4
280930,3
170807,8
227983,5
281252,1
282755,3
273849,5
162774,7
188055,14
196445,3
186271,4
198127,4
144870,1
204274,3
137421,2
183157,32
279234,1
80639,19
94312,5
192917,3
187861,3
77899,11
175435,27
159594,3
103528,11
122653,6
180759,2
215129,9
250574,17
194857,8
58130,6
257415,8
161066,13
170579,5
173651,14
112076,10
140976,4
160092,6
204302,14
150433,2
178775,6
159367,7
144802,1
89718,15
252306,3
242402,9
116092,13
196553,8
179037,5
222643,2
258571,3
243366,3
125431,6
134664,5
133515,3
131300,5
133935,5
82467,8
148785,3
201965,2
189117,16
174887,28
190205,6
26323,40
116678,9
196627,12
185111,8
216797,6
146710,11
229509,3
110177,13
162362,21
208819,3
199970,16
282989,1
258879,11
84886,2
173343,2
171623,4
183241,8
200028,4
220088,3
220346,2
210103,4
101989,12
239838,2
120891,6
141801,2
159924,3
257723,2
232475,23
157057,16
123489,2
84094,28
112735,24
286375,2
271210,1
32357,6
223772,1
249724,8
6491,4
181295,5
172045,2
177631,2
197143,11
217380,1
71606,13
104698,9
135380,11
219468,9
46925,9
180841,3
157883,3
197349,1
203823,11
287743,3
227869,1
60284,11
198713,5
149034,11
100161,3
278952,5
183829,8
187889,3
194390,3
165083,6
211217,5
174921,8
196521,3
288249,2
208727,3
176881,13
173511,1
185629,2
192941,2
158711,8
133849,1
204376,7
163915,4
145953,9
218873,1
33480,28
222370,2
181291,7
102606,9
272351,1
26933,13
124168,6
195135,9
217206,3
258709,6
212905,1
288599,4
177049,3
78727,6
193409,25
207261,3
214570,4
193855,9
58595,29
147422,3
201268,1
80622,5
203411,2
184155,4
72336,7
171057,2
196791,5
219021,1
265406,2
137301,2
139903,2
133391,15
132110,16
187617,8
223314,6
197575,14
191409,2
54455,39
139958,4
71865,6
111995,10
175811,5
176811,5
179955,2
185901,7
191823,4
227853,12
245324,1
3228,24
149816,2
150068,2
195313,4
283603,10
86651,10
191501,7
149598,4
236057,13
244052,3
7447,10
106415,4
202637,2
176141,12
222129,3
82476,5
90211,17
172767,9
103912,15
223626,3
196477,2
163308,7
277888,3
160602,3
139763,4
165419,2
130250,2
168132,2
220938,4
139606,19
164801,34
232653,6
88692,21
176533,34
67931,24
40699,3
90549,8
99744,19
219629,1
119653,4
122589,2
145196,11
203767,5
208679,2
197413,4
193914,3
157973,1
153917,9
276209,2
84298,6
175357,8
191005,8
178755,6
247952,2
71978,22
155290,4
80491,12
200670,2
144758,7
125067,3
189945,3
136814,7
138206,3
136580,18
289149,1
244952,3
284119,1
68892,24
112309,18
156224,1
162714,7
215887,2
254734,4
186033,7
92027,5
208689,4
25871,10
83801,21
140555,5
141662,4
138120,1
189639,9
191299,14
279952,3
183755,6
106734,18
193493,6
257701,9
244708,1
279410,20
252656,1
124368,4
184103,2
194588,6
187169,15
169286,3
186183,8
182203,8
171779,12
280228,3
70751,4
269542,1
131268,1
184619,20
220542,30
112929,40
181595,3
173225,4
167102,2
42956,14
126777,8
235063,5
185273,7
147278,1
188399,8
119080,4
191141,1
129812,4
208863,3
140092,1
71792,52
228865,3
256837,22
134953,4
154576,9
204900,3
214824,4
87368,4
84794,11
170723,2
151443,4
214468,4
231571,1
237382,2
202719,5
208721,4
65204,10
209401,1
215835,1
196237,4
159542,4
244374,7
156637,4
264327,2
158037,2
262795,1
266536,1
159915,16
178091,4
261849,4
86553,11
235405,1
52804,6
114980,11
121444,6
202065,1
111456,16
107974,3
82304,24
172505,20
204918,5
197129,5
180109,5
238058,4
168932,3
210493,2
224933,4
164415,6
126783,12
177729,12
118902,23
116427,5
125031,6
219720,5
202381,8
106493,8
104954,7
143037,2
190681,2
185765,2
157148,6
206710,11
171357,1
287507,2
7823,5
151337,4
100001,6
195513,2
99054,13
79045,10
147234,13
123268,6
204554,5
215291,6
138168,4
26343,20
86839,4
227658,2
8780,74
86539,18
123427,4
199948,32
224380,7
202721,5
73831,24
230145,4
231235,20
82602,8
51251,24
223558,4
226662,6
202765,4
272327,7
283669,4
175641,21
158129,3
215293,1
130107,13
210705,5
286023,1
242242,2
27891,35
282531,1
147905,14
151537,6
106017,6
237374,1
160126,15
206321,19
178771,12
178803,3
204446,1
116141,2
78093,4
219332,1
123397,4
54239,11
141616,2
227450,2
283123,3
192547,7
185719,3
267220,3
137260,3
127634,2
272709,3
168864,12
162008,11
286201,7
260537,4
196233,14
155131,3
177853,4
203970,8
193841,2
277454,2
140152,11
242488,2
94933,1
150710,2
147603,15
146295,11
236121,6
194194,6
98520,12
195173,4
121340,7
179081,21
187603,13
215905,3
194496,4
220326,13
153476,1
177445,3
232313,1
234209,3
254732,2
158661,6
128013,3
172121,7
161632,11
161990,12
204518,10
167462,3
168744,4
258983,3
204534,1
185635,2
265700,1
133333,26
156840,3
164254,4
228225,10
103422,7
271795,3
192217,4
139797,28
143043,18
159233,7
181677,1
113238,23
194987,7
198851,6
209545,2
255303,1
272445,3
120084,2
166761,18
224525,1
139843,8
171671,3
179191,1
187325,19
213481,6
194977,20
102830,4
250834,1
175359,16
178791,3
195217,11
164827,5
239394,3
172727,9
128445,3
210189,1
115469,8
235649,2
241306,4
127074,2
7159,18
136972,26
136301,4
52773,7
210671,3
272231,5
90235,8
191383,3
185613,7
257645,10
74113,4
141910,8
215875,1
79955,30
169064,5
164592,1
116819,7
237306,2
248818,2
157359,3
187291,3
188253,10
222149,16
113152,5
76695,17
89219,10
77212,17
221452,4
110004,6
232235,1
165661,7
129767,2
151575,4
158027,5
147306,18
180111,5
228055,2
170465,4
143331,4
169706,2
263237,1
113432,8
153869,13
204374,4
281914,16
125782,8
161710,6
116483,34
154814,3
122488,4
195713,49
26093,19
175705,12
100210,15
179845,2
95533,23
210665,3
169266,11
173705,4
183987,8
185673,3
206303,4
127230,1
130516,12
203657,5
180315,7
194126,10
93550,14
165175,4
173707,18
193753,8
105841,3
276515,1
276517,1
153236,21
6654,23
285987,5
251742,2
78064,18
288113,2
179115,14
198909,10
101627,6
212297,4
80033,12
149764,4
195577,3
213483,2
277754,1
8592,16
108806,7
92188,10
198173,5
230513,1
94819,7
122555,1
155350,1
203894,10
205541,2
206719,1
208187,1
222605,4
139379,6
184483,1
221764,2
93037,6
281438,3
221276,3
214416,4
188017,7
254224,1
244416,2
201981,2
164113,1
114166,7
159044,4
153166,7
226200,4
189291,4
257383,7
248280,1
281512,9
210283,1
158673,5
97705,5
120524,3
143089,3
213962,5
192823,7
126385,3
101862,7
217785,3
133814,6
193033,2
168308,9
191277,27
193489,7
197753,2
162900,10
207045,3
153466,3
275685,2
140299,23
122936,14
147270,5
150554,10
168316,9
152023,7
221923,5
178585,5
186457,3
257473,9
184215,4
192895,3
165781,5
208164,1
161688,2
152806,1
116183,10
161646,6
173199,1
205273,3
234107,2
266782,1
125345,4
228749,2
192681,4
283751,11
289231,1
162756,1
200780,1
200782,2
216410,1
149784,3
199732,3
182461,1
178919,9
203326,3
97828,19
253670,3
147276,2
220996,3
189951,2
172389,4
117666,2
126208,2
155205,1
173087,4
118340,4
183357,5
171975,7
259179,1
134800,13
137809,2
253298,4
148966,7
171211,14
204664,1
204510,3
204628,7
273005,11
142294,2
156667,2
174847,3
104459,7
107397,5
122685,3
141383,3
197213,1
208237,5
156684,9
175193,8
199342,3
228409,3
158304,11
266374,3
273813,2
114652,8
163146,2
205933,15
205577,4
78677,2
123246,4
221314,1
195139,3
153987,5
175617,7
92611,3
119826,2
129871,2
110090,4
171947,10
159678,3
166297,3
201841,3
135071,2
133343,7
273815,2
194300,6
197869,1
169844,3
230289,3
89765,17
116223,4
144676,5
145819,2
215151,6
92956,5
186713,9
199111,6
146000,7
216235,4
253814,1
199317,13
32860,12
124412,5
153150,3
178563,5
180285,4
173039,4
173053,6
204924,4
206865,1
209131,1
174179,17
87766,8
91884,5
153568,3
283039,4
176491,5
263159,1
132914,4
133511,1
279166,6
168306,8
162896,2
198811,3
25887,15
198991,3
216163,6
103139,4
230677,10
273527,1
89772,3
272491,1
141828,4
201402,2
124817,3
113746,9
173063,4
287641,1
213856,1
181579,2
264922,1
158823,9
147140,9
97915,6
143829,3
200772,2
197977,2
236787,4
199842,2
90059,8
255269,3
148779,8
159253,3
162722,7
137238,2
206668,4
245938,7
278476,2
284877,1
107754,3
168678,3
271208,1
195087,3
196065,4
106399,2
134979,4
167996,4
209833,1
214040,2
210263,3
244132,2
187369,15
167616,6
189109,4
91954,15
82454,7
162920,2
118774,1
192499,2
78748,10
194148,3
189479,2
153176,13
240130,1
261579,1
171287,15
247504,4
102963,4
118054,3
124891,3
184875,3
210945,2
207119,1
208156,2
130854,9
276057,2
57774,9
245148,1
171131,4
150034,8
132723,4
151585,21
279278,4
269442,17
192501,2
277192,5
98611,9
166916,14
193980,6
280876,1
164791,9
154984,4
175575,6
109929,3
120398,7
227813,1
206066,2
234895,3
194777,2
202165,3
57868,13
178651,6
201702,4
238234,1
181239,4
201032,1
244266,5
158394,13
99519,1
136000,11
133527,2
135314,2
131582,7
136427,8
185605,7
281206,4
80570,12
87260,5
289939,1
83417,4
165871,3
206789,5
163088,13
173303,6
171739,3
188397,2
249982,1
192939,6
124328,3
154998,13
114382,4
202603,3
218935,1
143825,2
145564,3
150132,1
150645,1
155699,3
188819,2
167404,1
207606,6
274553,4
642,10
205921,3
88766,8
164580,4
150266,11
194574,2
141044,3
137162,4
131944,6
220960,2
172759,4
247564,5
96277,10
183389,8
207125,4
217651,4
166771,19
79067,7
147296,3
228407,1
233641,1
130502,7
159063,4
161262,3
158751,2
179533,4
197555,1
198533,2
230143,1
151543,7
112792,4
157280,3
8536,6
168708,3
223304,5
211027,3
213569,6
179595,13
161350,3
256119,2
171063,1
240394,3
139347,3
156027,8
161780,5
182017,6
120256,2
115931,5
197807,8
245914,1
282101,13
201414,4
198681,2
123832,4
142466,2
145576,7
154670,5
166239,2
231315,4
181955,6
207784,1
223526,4
219161,2
278890,2
87098,5
165689,2
202083,2
233595,2
266378,5
129905,2
94083,5
151581,2
226964,1
147190,8
60231,6
125962,12
73141,13
188113,7
239452,1
117144,1
225904,4
221466,1
228039,6
211351,2
80135,6
63007,5
178699,5
140405,12
140621,10
3234,3
130163,3
137618,4
125405,5
142679,6
204972,6
198975,3
144092,5
144960,1
189785,24
208823,4
169436,5
196907,1
120305,5
139321,2
181331,2
165157,4
201945,1
219836,1
285635,2
282825,3
220872,2
220890,2
121967,2
149030,6
203334,9
151277,5
170113,14
207425,1
160938,3
179759,12
198045,1
198255,10
167350,13
228123,2
166619,2
146582,8
79003,13
290922,2
180035,6
83789,3
251456,1
159189,3
97319,6
199309,2
277184,2
194578,3
188811,4
213888,3
148636,3
206095,2
213860,1
257403,1
149446,2
176627,6
134710,8
137628,2
216173,3
168270,2
45581,7
155444,11
230125,1
279774,4
158542,7
210391,1
261545,3
179063,7
159315,7
236249,1
203010,14
188161,6
122946,16
72842,5
72906,7
218079,5
126795,9
109891,2
147094,3
160768,11
178347,4
277986,5
243866,1
254526,2
115701,5
148089,4
207746,1
208225,1
212377,3
227498,1
196329,8
26647,10
121863,4
169642,1
135406,4
271214,24
113847,2
109983,8
116736,10
205925,4
220044,1
205589,3
188827,4
145290,2
182357,1
142915,9
248290,1
175983,2
222423,1
250564,7
176191,2
128940,2
160468,3
178097,3
229033,20
168046,6
207161,1
208599,2
274059,1
216199,9
229663,3
169644,1
263311,5
268828,4
266218,1
134513,2
239230,8
267820,7
3411,5
230717,8
122531,7
153182,7
128874,10
269806,4
197007,3
130704,1
151691,2
259289,1
199173,5
168014,5
160716,5
80465,6
163304,3
270648,2
131642,1
136379,3
138894,4
160614,2
229247,6
276447,3
137488,2
49663,12
192493,2
165757,2
278250,2
202009,1
191269,3
120206,11
154725,5
250374,1
208199,3
290227,9
155760,3
94980,14
201380,1
150686,1
176543,4
184077,5
184201,2
258101,3
188805,2
73851,7
241946,3
112961,24
144750,5
176323,1
136702,1
138556,2
266414,1
107955,4
277772,6
125261,4
187943,3
228031,2
107174,4
261973,6
200770,1
216368,1
203547,2
199502,2
287453,4
277286,4
150146,2
71348,4
107591,8
124502,4
172477,5
198171,3
201384,3
118025,1
134453,4
193920,1
190191,1
193787,2
215587,7
154372,4
251136,1
156019,7
262023,1
134967,3
134228,3
263359,2
131818,11
6167,14
168152,2
170693,7
198229,3
232433,1
184701,5
189357,7
177897,4
277962,3
121282,5
144003,3
80848,5
147736,4
145949,1
194855,4
203525,6
148560,4
237229,11
172141,8
79077,5
165391,5
156071,4
206467,2
170207,9
27449,4
100536,5
280032,2
88750,5
134475,2
124685,2
182349,3
171761,8
180891,3
173507,6
221602,1
155551,4
158386,2
113549,7
125201,2
25810,22
147226,1
203196,4
219460,6
123569,3
217346,2
233939,1
123709,1
176473,3
259207,4
212078,2
236725,1
139489,4
106059,21
132008,6
135997,5
133957,1
135005,2
116102,2
219631,2
284613,1
286745,2
199504,2
202501,14
216829,1
198903,7
170741,7
156974,6
167548,3
149416,5
79346,6
115919,2
147272,4
274395,1
72885,6
110229,8
197727,4
239458,2
109353,2
162288,4
282875,4
125640,10
172051,13
207760,1
211638,1
165875,4
59922,6
140749,4
181715,2
205036,8
262035,1
137885,4
125021,2
213523,3
170307,6
177439,8
236135,32
247184,1
217415,1
162110,6
172607,2
236781,3
166036,7
169718,6
192735,3
202980,4
216197,3
147448,6
124217,5
209195,2
233391,2
117700,1
93441,12
201030,5
207377,2
241898,1
273139,2
290327,7
247110,3
111107,7
160044,2
175255,7
184303,5
241500,1
117740,11
161036,3
152035,5
206101,1
212040,2
233643,3
195243,2
163567,4
150886,4
178749,5
198451,4
255659,2
60880,9
139751,7
136128,2
199600,8
188331,8
174273,8
216285,2
199838,3
58564,6
218993,1
201819,4
189845,2
110653,10
173023,4
147294,4
254762,4
238816,3
286961,2
108001,2
197019,9
201388,3
128782,1
171055,3
91619,4
161050,4
205389,1
207738,4
211143,1
165049,10
199117,7
292017,1
131702,2
135019,1
289255,3
227721,1
290633,1
186361,9
166271,3
170459,4
163382,9
235731,2
123862,3
152662,4
146010,1
188263,4
229811,1
235171,1
187041,3
222302,1
256411,2
184029,6
283005,17
75434,8
166318,1
229437,1
88059,5
177125,2
213295,5
142080,8
213608,3
256753,1
182967,18
146277,3
149936,4
266798,1
212219,4
116481,2
279914,3
185921,6
137747,2
231621,1
123977,2
272733,1
33919,9
207231,3
147224,1
231455,3
150782,2
102794,3
173745,8
240220,3
272143,1
111230,1
183335,9
109290,6
118006,3
119025,1
131728,6
145976,5
178511,5
225643,1
183857,2
215459,4
229731,1
232665,1
122151,2
172563,4
58094,15
212431,3
143452,3
133393,3
267608,2
213493,7
142770,10
261701,1
158001,3
185609,5
143823,4
235153,3
247482,2
110439,16
162648,11
199806,3
204676,2
170493,7
198581,10
162942,3
141292,1
219810,1
277180,2
177781,3
191207,2
153164,4
89401,4
101825,5
180923,6
190687,1
237221,7
227841,3
140912,4
208467,1
209863,2
192267,2
272735,1
117553,10
124180,10
263033,12
208106,1
191027,2
136736,5
72013,17
141793,2
284179,12
199826,2
195327,5
183681,9
125177,2
138578,1
209337,2
275347,2
286797,4
222306,1
273375,3
101844,4
142240,21
122439,2
151961,5
230393,1
173031,3
118948,6
27883,3
225711,5
118107,2
134865,11
132288,3
134965,1
137642,4
269188,2
137480,3
283053,1
97386,8
188163,2
116098,3
159057,3
288251,2
102893,3
149314,5
173439,3
168764,6
220230,1
219565,3
125253,3
200694,5
279498,9
292357,1
130828,4
246468,2
248240,1
248284,1
140411,3
209495,6
250338,4
281894,2
179927,5
177723,2
224354,3
227809,1
235097,3
162822,5
178351,3
177443,4
198509,1
137423,7
266108,1
264734,1
149834,8
84565,4
188095,7
247738,3
156765,4
111583,7
242206,1
222133,7
199862,1
250106,1
129034,6
240444,3
142847,13
201400,3
125035,2
126558,9
131755,1
149070,7
163885,3
237712,3
149582,4
201338,4
206971,1
159181,4
181093,3
178959,7
113793,8
186803,8
85547,17
163697,5
177499,2
225956,2
132678,4
182103,7
124458,16
110497,4
143937,3
262141,3
235651,1
176311,7
184567,5
220886,2
125389,7
135007,8
233267,3
58904,23
176757,14
205947,1
139974,7
276383,22
154600,4
197873,10
169628,4
198029,2
183271,2
81225,9
132052,2
4882,5
147891,2
201694,1
91446,6
155042,2
207103,1
234179,2
273317,2
7754,8
172015,5
172523,22
180191,7
198573,2
179677,2
213089,3
180155,4
173059,9
128389,1
197603,3
279120,1
63271,2
89476,3
194034,1
196615,3
58061,8
104508,6
174229,1
180981,3
213630,1
124647,4
133189,2
143406,5
282203,1
80152,9
219784,1
234775,1
261859,1
286455,2
116895,3
51433,9
145747,1
157597,3
216247,5
228465,2
210463,1
203956,9
192087,2
36312,7
87560,7
159670,3
249818,4
194078,1
167666,2
280066,2
121951,5
177641,1
281902,1
265268,1
270760,3
131211,1
132478,2
199049,10
153674,5
201484,3
252808,1
128243,9
184333,1
282183,1
120588,5
188287,7
156054,4
93905,3
122193,3
206815,3
7850,10
279158,5
179733,5
154951,4
207718,5
285595,1
181737,8
280630,2
145895,1
98376,2
106346,3
149490,3
215741,2
184337,4
186121,8
256321,5
199003,5
219398,3
224186,1
131530,2
135846,9
211528,2
282209,1
224370,3
7098,13
164969,3
261961,1
78000,7
153380,3
179567,1
278144,2
153258,8
276715,2
164849,6
232985,1
283131,1
128997,7
180359,2
125475,5
106304,2
122513,2
94788,4
96813,2
98306,2
193972,3
224425,1
138520,4
289815,1
265514,2
281290,4
236731,2
249608,2
177491,8
179617,5
87796,7
121324,3
216953,3
217737,1
160547,1
142731,3
113422,1
126227,2
139934,1
53382,10
80984,3
84281,2
166639,2
168232,6
277136,5
186483,2
248192,1
42550,9
220040,1
271789,1
285107,1
229679,1
163246,6
73086,13
105533,4
229301,2
229831,1
194470,1
42661,3
7567,8
145984,3
228951,2
275371,4
165231,6
273691,2
263155,1
265054,4
206507,3
264780,2
174589,7
278724,7
198645,6
74099,14
282639,5
175941,4
144013,5
205038,2
276659,1
72388,5
155719,2
217021,4
212417,5
174377,3
182995,2
191611,3
282567,1
194704,5
93391,2
247132,2
156635,4
263697,2
140693,4
201048,5
168852,4
171231,2
122859,6
129875,2
184305,4
185251,1
276655,1
289647,1
128936,1
69755,6
225519,3
150890,8
66590,4
115388,1
201044,2
242316,2
255291,4
117418,7
155637,5
289861,1
133063,1
138042,1
266420,4
133404,11
181255,1
200672,1
241786,1
72514,4
162458,6
138694,4
225341,2
240128,1
273835,1
188013,4
164819,3
211738,2
169012,3
278348,1
208263,3
62781,4
118704,8
103132,2
121438,1
129899,2
130120,2
145905,2
200096,2
228001,2
219486,1
130194,4
100042,4
290255,1
215689,2
271365,3
262515,1
262517,2
268874,1
174751,1
167092,1
183347,5
204240,2
283191,4
151111,1
165263,1
261575,1
165379,2
179551,1
278172,4
208381,2
232203,12
278818,3
280332,2
178861,14
192059,2
70914,6
112554,4
214142,1
193998,4
205279,4
273039,3
224507,4
210629,2
272071,1
189409,2
190123,2
133270,3
165479,2
129368,4
195059,1
168222,2
141100,3
36576,5
116241,2
130000,2
226660,5
279604,1
118095,8
164807,7
179545,2
253538,3
172307,3
177551,1
220012,5
130858,4
276497,1
97685,3
287735,3
250378,3
285969,3
124853,12
154840,2
175719,2
204228,1
183679,4
69475,5
166259,11
191541,3
236357,1
192327,6
180371,2
207409,1
69957,9
81443,14
272045,1
189881,2
272589,2
143086,3
220304,4
213023,3
106965,3
65932,5
86310,2
102109,2
104489,7
113451,8
147734,2
159225,3
233659,1
140848,8
136964,4
158894,13
44601,15
229243,1
124681,6
276883,1
91995,5
209383,4
166197,3
167116,4
181283,3
282513,2
205333,3
259631,1
281588,1
288027,5
111540,4
204466,2
177643,4
98346,1
202509,4
139729,1
139140,8
289967,9
186891,2
77778,3
64365,4
81587,8
120142,10
184485,4
214110,5
79850,19
91181,15
151036,3
160305,3
200832,3
261969,2
263001,2
149610,1
157617,1
69708,10
179619,2
205313,13
191623,1
129502,4
279754,2
211742,7
144048,2
280404,1
180483,1
121401,2
153480,3
280374,1
125187,2
66667,5
198911,4
262059,11
240948,2
279552,1
152776,2
291895,1
206889,6
133193,1
133549,2
192625,1
81357,9
186889,2
115653,5
96870,14
192279,8
180601,2
110635,5
207389,3
125091,3
207171,4
128379,2
209869,2
106854,5
103435,4
286129,1
168576,10
197205,9
140062,1
263651,2
137634,2
220796,1
162514,3
212473,4
130816,3
85450,3
230455,3
87059,5
163138,1
8976,10
171557,15
183345,7
222571,3
170997,1
143007,6
207524,3
149632,2
198215,4
96524,2
122145,2
227582,3
175587,3
204616,4
161600,1
153840,3
132354,1
188795,5
241654,1
169014,6
124500,2
130101,1
276521,1
276595,1
177301,5
101782,5
226192,2
116265,6
179581,7
179615,6
179723,5
167456,1
146303,9
118966,4
194684,2
223940,2
118584,3
122861,4
162132,1
192451,2
103517,1
260541,1
232395,1
268872,3
132292,3
133109,1
264103,1
142941,3
216849,1
93702,5
183863,4
233611,5
229163,3
79065,5
123258,4
159751,2
261949,1
159658,6
107964,2
282903,2
204970,2
205112,1
282689,2
159546,1
216049,2
225087,2
81755,9
170321,4
173071,5
256299,6
141992,3
184391,1
280376,1
139429,2
155725,2
124129,2
181729,3
112185,3
252622,3
284803,3
134043,17
124292,8
146337,4
110916,5
227286,1
276573,1
186773,11
226748,1
149879,2
256337,2
211972,1
114573,3
170545,4
247292,1
252014,3
124079,1
286019,1
169892,5
184673,2
230695,5
281468,1
279930,5
266874,3
280200,2
191717,3
82491,3
248050,1
285355,1
185185,2
134951,7
105240,3
186819,3
282217,1
71343,14
164637,1
154757,1
237207,3
261813,1
287859,1
287863,1
149640,4
188285,9
158944,3
179537,1
166514,2
227218,8
274823,1
166894,5
177645,6
273523,1
127695,5
127636,1
161700,1
200092,2
222767,1
249616,2
126341,7
147456,2
166062,8
198971,5
166389,2
290125,1
207149,2
263623,1
262995,1
265062,1
137869,3
132856,1
133841,1
139837,5
188831,3
199299,1
177779,3
172293,8
228527,1
50382,12
88414,2
204914,1
174845,8
184209,3
234771,2
247300,1
93733,10
273399,3
288189,2
127013,8
109808,3
118494,1
140974,4
143621,2
253576,2
161682,2
247446,5
103091,3
79285,3
246282,1
177081,2
195237,4
213870,2
207936,2
137741,2
137960,1
150066,2
89313,8
118015,3
142751,2
181015,2
195089,2
221142,7
261989,1
273221,3
86064,6
222282,5
167282,2
218553,1
182285,12
220066,4
166868,4
122731,4
173009,4
119850,3
134423,11
193918,3
194416,1
286895,1
286737,17
122323,5
166375,2
198753,3
251386,2
232391,1
262809,1
138794,10
275525,2
192543,5
234446,1
116197,5
261901,1
189465,4
205030,1
166211,3
179547,4
146509,9
178081,5
271969,1
109385,6
222955,2
250128,4
197139,8
82732,6
151050,1
214492,2
171637,5
179237,5
125433,2
228523,2
128185,2
252714,2
104969,11
160844,5
203875,1
211464,2
151273,1
158902,5
134904,2
137610,1
175785,2
215843,2
149646,2
235723,3
258721,2
162320,7
234237,2
72637,2
274477,1
210445,8
104640,2
157170,5
184671,5
168578,4
277560,4
184225,4
119041,1
127622,1
86860,6
113945,2
269986,2
203819,5
176907,6
78043,2
129929,3
213938,3
117152,6
123335,3
150441,6
188881,3
279628,1
190067,5
173667,14
145865,1
218209,7
220500,2
276491,9
281444,1
243432,2
273097,2
121535,1
155004,1
190563,5
176413,2
216308,2
57482,4
83825,5
115386,1
197895,6
199522,1
163783,6
285105,2
251636,2
218181,1
121085,3
287675,1
210555,2
214058,2
133929,2
165817,4
150730,16
73492,9
66282,6
74590,16
124318,3
141528,1
119611,5
189901,4
91256,8
163398,5
109529,7
184021,2
164867,1
270354,6
166320,3
128101,4
175675,7
179311,3
116929,5
170771,4
118510,1
131011,5
254330,1
175919,4
78071,2
178917,6
188185,3
129256,3
263871,2
134049,1
190199,8
192505,1
207924,1
236347,3
81107,9
204150,3
220084,4
273873,1
179127,5
179751,3
276439,4
194766,3
199684,6
164795,3
124050,4
197223,2
232835,3
278464,4
155788,4
126225,4
142090,6
128926,1
146778,3
258215,1
290205,1
194744,1
246886,3
136720,1
265542,2
138490,1
165475,3
203729,2
285855,4
249508,1
117752,2
204490,3
261811,1
84512,7
175053,4
186269,5
275625,5
186265,2
178333,3
200850,4
127288,18
256341,1
195287,3
41523,3
153889,2
122762,5
283961,1
101935,1
236151,1
230925,1
221392,1
136429,8
209163,7
193673,5
246112,1
181649,2
137212,4
123389,1
279280,1
164753,8
128973,3
236765,2
155888,9
188589,4
260969,4
148068,1
188029,9
120948,4
164262,7
214312,1
211383,2
124472,4
224489,1
93731,3
270416,3
132999,1
139189,1
142038,11
198225,1
207401,4
226876,1
172057,2
223298,2
112095,1
190781,4
260387,1
120606,3
156323,6
90049,16
205014,2
164779,6
179635,2
179725,9
280010,3
260833,1
122025,2
124693,4
171681,1
171685,2
176723,2
124554,6
174811,5
142782,1
139545,2
194424,1
199532,1
216865,2
224399,2
177267,3
262509,1
133861,5
140487,3
204290,1
162646,6
271985,1
62660,19
269822,8
148294,7
159958,4
210211,2
234731,3
204976,4
166193,2
179539,2
278138,2
193169,3
147728,1
84508,8
179313,2
106963,4
127590,1
162830,9
105282,1
150352,8
196063,2
121626,1
272035,3
195147,1
198757,1
234548,1
279700,2
279924,8
278094,14
209421,1
278600,1
279862,1
247310,1
125619,7
259213,6
173057,2
129042,5
216493,2
222573,1
88894,3
103536,2
251666,3
194160,3
194410,1
271797,1
134459,1
210839,3
158024,5
124263,5
194941,2
97823,7
177767,6
122774,5
149248,3
261557,1
285249,1
216663,5
168710,5
168812,5
179729,5
176715,3
98503,16
116433,3
182933,4
247304,1
209563,6
187745,1
128397,2
130364,1
209603,1
247416,1
256565,2
241150,2
142807,2
104054,2
107664,2
194224,2
259345,2
55460,7
187257,4
286273,1
221242,2
229281,1
162640,8
193731,2
287419,1
185393,1
9009,11
133587,4
137486,3
193609,3
229611,1
245900,5
130654,2
209361,1
273875,1
166277,2
149378,8
195201,9
203609,2
197773,14
224002,3
202151,1
165779,1
164015,7
169614,2
171565,2
172419,2
139485,3
283775,1
109209,8
194116,1
194184,1
194456,1
116437,3
170923,4
88087,2
289621,1
139433,1
192237,5
130150,2
70684,10
282201,1
228049,2
168966,2
236373,1
272989,1
257285,1
205016,1
158884,4
165743,3
175549,2
151579,1
122665,4
130574,5
161782,7
178011,4
197159,14
137934,1
154202,1
154452,2
181399,3
145038,3
166735,6
173691,5
141737,3
189903,2
263031,2
232043,1
227408,1
215309,4
247396,6
285977,1
291501,1
53963,11
195413,1
100446,2
155430,2
162260,3
171723,3
269460,1
184073,2
124951,2
181293,1
185931,4
211207,3
176769,2
172757,3
234893,3
122992,3
176461,1
68544,3
117196,7
162352,3
239940,1
276147,1
178475,6
201252,1
212717,2
232027,2
242284,1
181785,6
178929,2
106141,2
150558,2
164278,3
177315,5
191835,2
153014,2
181343,1
174525,3
175383,14
278684,2
194386,2
276661,12
195951,2
156853,1
159471,1
281820,2
289075,6
193743,1
174937,2
215073,3
131628,1
202181,2
134873,1
269970,1
269624,3
153332,3
153654,3
130728,1
212733,4
202559,3
184179,5
214436,4
252638,1
122701,3
141297,1
151367,2
279012,1
282777,1
181171,3
138974,1
146417,3
270728,3
289141,6
264812,1
154204,3
185331,1
282469,2
187335,7
240934,3
220650,1
218451,1
176401,3
279014,1
286963,1
125141,3
282759,3
183789,3
192005,3
272191,2
289323,4
265538,1
253074,2
147752,4
154838,4
171855,3
215857,1
257297,2
110925,2
231441,3
255159,2
254416,1
208463,1
253316,1
276713,1
220572,1
268212,1
206054,5
177701,3
118848,3
165909,2
117356,5
145700,4
151523,3
178467,3
269536,2
127575,4
153218,2
153266,2
190007,4
247998,4
150912,2
204634,3
231779,3
195687,2
276673,2
200898,4
238888,1
271535,1
276347,1
197731,3
259579,3
145933,4
257811,1
186487,3
179381,5
140661,2
189817,3
130528,2
179685,1
186413,3
224889,4
269492,4
268640,1
153134,4
153592,1
153644,2
120843,15
183465,2
127327,1
147112,3
251050,2
247384,3
146556,2
143187,2
289009,2
277668,1
96954,6
201244,5
254116,1
188705,3
180401,2
229507,3
165899,3
195689,12
250356,4
192633,3
171077,2
105155,5
162768,3
185941,1
199424,3
263479,4
267882,1
133503,6
158056,2
141410,3
184975,6
233995,1
277666,1
288065,1
208921,5
218237,3
139383,4
229895,1
143337,1
177385,5
148339,1
192249,2
212343,2
157719,1
212769,3
90777,3
175123,2
176587,3
219141,1
136289,3
156931,1
143480,6
153226,2
153861,2
153977,2
158072,4
164691,5
259925,2
139399,4
207111,1
172507,8
159079,4
285871,1
120633,2
220330,2
222061,2
275653,4
203288,2
229575,6
283373,1
115834,3
209373,2
149432,4
112385,2
121981,4
160543,2
194789,1
195835,2
220806,2
135709,1
133359,1
153252,3
153602,1
153706,2
213379,2
285629,1
143892,5
161528,2
273771,2
274187,1
278362,1
250944,1
242394,4
259641,1
271457,2
187365,5
198201,6
233713,3
250322,2
203439,1
209357,4
235575,1
123048,1
169136,1
105985,2
122807,5
170867,1
185161,3
286607,1
136271,2
140090,3
137138,3
233667,1
146354,3
153090,2
153248,3
153378,2
202211,4
134069,2
241448,1
268204,1
275649,1
203447,2
247368,1
256569,2
140645,2
210145,13
156168,1
216911,1
253370,4
84436,2
236087,1
82026,3
120418,1
179789,2
268896,3
153160,2
154598,2
181353,2
172457,6
116167,9
158553,2
192207,6
119870,1
81795,1
174903,5
282877,3
198375,3
256215,1
275489,1
282497,2
261023,1
171525,6
198763,4
244084,1
201358,3
112281,6
141900,2
278500,1
153849,1
150906,8
181317,2
180195,4
163897,1
180525,2
214818,1
285873,1
239176,4
185757,6
272073,1
224497,1
182747,5
212261,1
257655,1
177363,1
214136,2
235759,2
166338,2
199295,2
244418,2
213936,5
139281,3
178045,3
178221,2
154376,1
154820,2
138352,2
86343,4
234428,1
229325,1
153949,1
151451,8
174611,14
221462,1
280548,1
218463,1
151410,4
220652,1
174067,4
200618,2
145224,3
104805,5
163078,7
216223,3
113765,6
254562,1
123034,2
231575,1
185723,2
174931,1
120404,2
161506,5
182655,2
201793,4
256827,2
127038,3
153867,3
166679,4
228991,4
237392,1
120767,2
219525,4
152705,1
253970,2
214746,1
144180,4
171015,13
235849,2
245210,2
241604,2
198595,3
276947,2
225157,1
196751,13
276145,1
272089,2
196101,2
200320,3
168342,1
32976,2
133921,2
134501,1
139473,1
219093,1
181335,1
236897,5
281146,3
230375,2
171375,7
124931,4
255469,1
98996,10
144112,2
196195,4
286199,3
167284,2
99325,6
152141,5
270916,1
288709,1
264458,1
137274,1
187141,3
93187,4
231559,1
289579,1
212419,1
174601,11
48713,5
282471,1
110856,1
245450,1
286671,1
286869,1
152629,1
212959,1
176281,4
185333,1
215981,1
177487,4
183901,4
184621,2
185617,1
201140,4
269874,1
27356,18
262745,1
153062,2
154238,1
191601,6
157532,1
138923,8
194718,3
259261,6
220704,2
112657,6
276419,1
286873,2
226708,2
233715,1
190855,1
195241,3
177347,1
195557,3
207812,2
166488,2
101878,3
168754,3
204666,1
172605,3
189169,5
217753,1
98111,12
102997,3
194286,2
201929,4
132296,6
268728,1
139531,2
73194,12
153234,3
154540,2
277234,2
100496,6
155872,1
159781,5
124083,4
245004,3
277788,1
227634,7
182039,7
263215,3
207215,2
188525,2
203761,4
205449,5
214210,2
179873,8
129847,3
181599,2
193077,1
193321,4
196621,1
202231,6
133724,4
157002,2
136796,2
198855,1
153264,3
153636,3
153885,1
154510,2
171871,3
173193,3
125165,8
256049,1
278686,1
117612,1
155707,5
227412,2
252660,1
212877,2
141731,4
217310,2
218053,2
160442,1
200624,2
261843,1
214482,1
144450,3
124849,1
130210,4
149620,4
162294,4
188925,1
153855,1
256277,2
256735,1
283033,2
285287,1
87769,3
129389,3
125628,11
120262,3
233649,1
271759,1
222897,2
164975,2
167482,1
113478,8
289277,1
274009,7
202815,2
236873,2
291503,1
155754,5
226666,1
151373,1
163120,4
183763,1
203719,1
137140,1
264724,1
154406,5
154017,1
180275,5
118200,7
94341,3
273821,1
183337,1
159053,1
170929,4
143543,3
155603,2
184965,6
187887,3
187909,3
205547,8
209239,2
98059,4
141932,4
177663,2
182327,3
136287,1
153036,3
230031,1
256327,11
236683,2
167926,3
139223,5
246592,1
110613,4
234675,1
288737,1
148134,1
180327,3
173531,2
205619,5
170735,2
250092,2
288853,2
287143,1
32968,6
106770,2
193964,1
199354,3
269358,1
137329,1
137849,1
230153,1
153612,5
154252,2
154806,4
233605,1
119790,4
208537,11
138560,2
208154,2
126422,5
139159,6
233977,1
150939,3
240784,1
182455,6
157399,1
234416,2
234629,1
182767,3
212703,1
284055,6
287533,1
197255,2
118694,5
201598,4
132253,2
163597,4
137136,2
133397,2
157633,5
94417,10
175861,15
88282,17
153590,2
154446,2
119645,2
159538,3
162430,3
199988,3
27205,9
172729,6
118802,1
125609,3
100054,7
174613,5
236233,2
253822,1
220352,2
148454,6
214568,9
197267,2
208937,2
124895,1
138734,1
178269,2
185593,3
198551,2
133311,3
194098,4
153967,1
181341,2
198293,1
141341,6
133509,6
147106,5
196451,3
288587,1
200172,3
116863,3
184653,2
276255,4
234255,1
200724,6
93752,12
147644,1
187857,5
149630,2
229975,1
169746,2
182581,2
182923,1
262449,1
81109,10
154428,1
255783,2
204310,3
186237,4
216103,2
111036,10
291727,1
251350,1
172753,4
195641,2
201997,1
160323,3
194334,2
108775,3
141313,1
158687,2
167328,2
191887,1
195825,3
200086,1
263221,19
133461,1
267500,3
136928,1
266416,5
264904,11
138772,1
87061,7
153328,1
193986,8
195695,3
122839,1
149020,2
179743,4
155693,7
225523,3
231579,1
258351,1
222161,2
174329,6
274303,4
246482,1
196793,4
169036,5
215545,3
214478,2
129356,1
178157,1
195947,2
196631,1
166880,6
134902,1
138280,1
153082,2
153230,1
153863,1
154416,2
185563,2
240768,3
121823,3
122613,1
196905,1
155247,3
280334,3
213644,1
123975,3
240298,3
97711,4
189295,1
261085,3
188951,3
182943,1
136770,1
178991,4
186017,2
194248,3
197095,1
135049,4
153060,3
153578,4
174843,5
247488,1
177575,4
118822,1
273579,1
283713,4
245560,1
249702,2
227578,1
215893,5
215925,3
166342,3
201042,6
211315,1
220368,3
137769,1
138982,2
149910,3
160561,4
186601,3
131375,1
147843,4
283051,1
272619,1
161258,1
188333,7
184625,19
181645,2
115373,6
221486,6
279570,1
281152,1
124414,4
203533,6
158256,5
222915,1
215867,2
222653,3
247376,1
150682,2
181527,3
263193,4
139453,1
154192,1
154548,2
158062,1
181369,3
110811,4
234111,2
170239,3
134202,1
247480,2
287817,1
275487,2
243354,9
166623,4
31140,9
162856,3
212315,3
174311,2
248972,1
206052,4
219218,3
126116,1
129482,1
130259,7
162070,2
176449,5
196125,2
105439,6
201923,3
153256,1
153702,3
154646,3
161246,2
155589,7
205799,1
6929,3
140623,5
225948,1
180201,3
257697,1
278234,1
236997,3
251656,1
215789,1
202079,1
222715,2
224072,3
139630,2
218447,1
186139,5
196605,1
270742,2
199169,3
163028,2
226168,1
215641,2
238102,1
83607,4
192191,3
132255,2
139982,14
267524,1
200878,2
195367,3
233799,2
237810,1
220404,2
245074,4
278646,2
286787,1
187647,4
105665,2
228725,1
167316,4
70355,4
137124,2
81349,2
211912,2
204780,3
246728,1
241236,3
171521,6
97872,1
232427,3
158320,4
127341,1
254022,2
116319,2
248544,1
210285,2
290009,2
205194,3
190661,3
215811,1
161080,4
96706,1
249052,1
287979,2
204172,2
264049,6
220348,1
198879,4
82115,4
94767,1
196565,2
231271,1
253434,2
173757,2
283707,1
177489,5
201678,2
287265,1
266734,1
138164,1
215859,3
254412,1
161139,1
147060,2
187197,6
288991,1
137174,4
116475,2
259133,1
132319,17
267752,1
109492,12
166165,1
242806,1
142496,2
165775,1
171979,1
245126,1
217041,3
279650,1
158938,3
253180,1
136521,5
136560,2
131090,4
156803,2
195501,1
225922,2
88638,6
93206,2
217015,2
237702,1
128667,2
277464,1
219870,2
155850,2
274091,1
218855,2
120627,2
265108,1
223139,3
240360,1
209753,1
277430,1
251728,6
175305,3
182463,1
162858,3
234757,2
229267,3
227576,2
263433,1
179991,3
228597,1
169280,5
242368,2
273663,2
105238,5
171987,2
162134,4
175731,4
161070,4
190995,5
172297,5
239618,2
212209,2
267264,3
288171,1
131706,2
186019,1
209701,1
72344,5
94268,2
164833,3
185301,1
189847,7
140413,6
206291,5
211696,1
146650,3
184301,3
267652,1
238820,1
189811,1
239110,2
222334,1
190907,3
230683,2
138640,4
129445,3
217841,1
168180,4
88073,7
269758,1
258553,3
141682,3
142494,1
278304,2
243164,1
261301,1
197563,2
277336,3
88814,4
180993,2
237870,3
115799,1
267914,1
263971,4
73480,3
85689,2
118288,3
221248,1
277530,1
163238,2
279370,1
270088,3
218491,5
238120,1
249480,4
282535,1
291244,2
262423,1
182227,5
233597,1
110790,2
162318,4
220176,1
279488,1
167148,4
211662,3
278924,1
234739,1
266382,1
191133,8
186063,1
199281,4
143541,2
215515,1
281194,1
281976,1
185349,6
247270,2
143422,1
170561,6
212823,1
176645,2
104971,4
222749,1
264295,1
132196,1
167168,3
91271,4
105304,2
276377,1
177367,6
215299,3
239646,1
198689,1
243908,2
133569,4
265298,1
138078,1
186067,1
175769,4
200880,2
130812,5
203769,5
192205,3
115862,4
109747,2
193421,1
285265,1
196995,1
202643,3
265006,1
104569,1
87420,1
121600,1
214620,2
217827,1
223504,4
90897,2
282553,2
246192,1
205817,1
87354,4
264982,2
192179,4
261535,1
174649,2
178473,4
198767,4
255165,1
140763,4
156972,2
187091,2
246292,1
277776,2
284615,2
163907,1
266850,1
172499,7
218213,3
202283,1
212829,1
175613,2
198077,6
224445,1
206694,2
263431,1
265192,3
189589,3
183705,3
157815,1
164554,1
183491,4
180057,1
114791,3
181031,4
195283,8
182875,6
218689,3
178925,5
278558,1
155555,1
267426,1
186105,1
186149,1
159303,7
276939,2
92382,2
94442,3
218885,3
265458,1
286601,2
192539,2
218857,2
157809,3
70500,5
87633,4
114698,2
171033,4
223107,2
284105,1
185753,3
277492,1
224487,2
111880,13
276125,3
178921,3
232045,5
165609,2
270628,2
134769,1
288483,1
228931,4
141414,13
172001,5
267804,2
279366,3
288271,1
170581,2
96962,1
124474,1
271911,2
219818,1
103908,6
266804,4
136970,2
184745,2
244434,1
138816,5
192683,3
217372,4
261289,2
287131,1
190843,2
210185,4
244604,1
200046,4
183665,2
262943,3
203479,1
117332,6
98815,1
121592,1
121598,2
222963,1
272219,1
284433,1
219683,1
150788,4
162766,2
176647,2
130118,1
199606,2
207295,1
264726,1
125902,6
200936,2
289805,1
197329,4
166695,4
92224,8
116425,3
125615,4
163104,1
234711,1
260961,1
243480,2
212753,1
129235,4
256747,1
214582,1
242224,1
262501,1
171101,4
209655,1
204054,1
224372,1
285959,1
253752,3
185073,2
146550,2
212775,2
214630,2
78834,4
169156,3
182989,1
219434,1
172603,3
218187,1
126290,2
183015,3
134224,1
268468,1
171615,5
236875,1
277850,1
163711,2
178805,4
191001,1
212763,1
256527,3
168890,2
181637,2
238998,2
282409,1
163190,4
123775,4
260383,4
175381,3
251380,2
215993,3
275039,1
124352,5
239654,3
278254,4
203779,3
255477,2
261303,1
254146,1
276163,4
139315,3
173379,1
241568,2
214586,4
286883,1
231727,2
254602,1
264986,2
263153,1
133974,5
124095,2
103829,2
129421,1
219083,1
255493,1
97801,5
246072,2
278730,3
187543,7
195471,1
182691,4
209587,3
132934,3
266778,1
266828,1
207055,1
273665,3
179799,3
212627,3
205144,1
177845,5
180061,3
235655,1
164925,2
225371,2
194090,4
133794,6
159913,1
246038,3
285953,1
196059,2
201983,2
211604,1
182587,1
124446,2
185865,4
264648,3
289569,1
214088,1
254384,1
215077,2
218817,1
281450,1
230995,2
272195,1
88595,7
98566,2
224134,1
136592,6
228653,1
186519,3
120899,1
109613,2
194478,6
89537,2
221808,1
243476,1
277404,2
92182,2
165495,1
249022,1
155959,1
236893,4
182237,7
270598,1
261481,6
206254,2
117374,3
213782,1
182111,5
278096,1
128308,3
128265,2
168444,6
243664,3
252266,1
225445,1
286525,1
235737,1
154927,2
223069,1
233485,3
160054,3
141564,8
114361,2
126309,2
234677,1
278108,2
290577,1
277710,1
220118,2
193209,1
234993,1
153842,5
174247,2
161538,3
246160,1
267388,1
127991,6
289555,1
191241,1
164171,7
217282,2
239166,2
282951,1
273431,3
260429,1
220994,2
191871,2
228567,1
214756,2
216477,2
136042,2
26769,1
288575,2
170245,2
146890,3
223934,2
136154,1
199930,3
231555,2
283663,1
110092,1
223238,1
277994,1
279908,1
240182,1
245676,3
203795,1
145943,4
268252,1
155713,3
167196,1
151329,2
207876,2
130814,1
213744,1
213766,1
215521,2
278022,1
155495,2
120254,1
281432,1
130666,1
66057,3
190283,2
267510,1
206989,1
241834,2
210743,1
155641,3
201560,3
282943,1
214424,3
191499,3
277990,1
227354,1
151709,1
169024,5
276845,4
201618,6
202567,4
280878,1
197305,2
171107,3
290553,1
276675,1
259549,1
195127,6
167358,3
277728,1
270818,1
262533,1
192635,4
167238,1
122226,1
239668,2
283563,1
200574,2
151269,1
247772,4
196713,2
191413,4
212106,1
156342,1
172707,2
142468,5
178125,2
174163,2
102176,2
193755,3
288731,2
214678,2
213734,1
149436,2
276667,1
125866,2
225441,1
267902,2
269506,1
80179,7
219121,1
240172,2
235203,1
160088,2
265788,3
275673,3
282797,1
121073,3
151701,2
286743,3
238354,2
169446,3
110601,4
268548,3
206674,2
209703,1
250396,1
249950,6
213694,3
205042,2
124420,3
269134,1
208825,6
253240,2
212345,3
231095,2
281336,5
282587,1
186433,2
212599,1
188385,5
242378,3
279706,4
192757,3
198429,3
135087,2
269538,1
252908,1
162138,1
254774,2
226042,1
157845,3
107183,3
188137,3
260955,1
241942,2
269856,1
202727,6
119196,5
289565,1
178143,1
283117,1
224807,1
173737,4
203629,3
247966,1
169438,3
274199,1
182689,4
228089,1
229275,1
150878,2
199201,4
168758,2
122699,8
182235,4
264906,1
280460,1
188259,4
194482,2
91921,5
273609,1
98439,6
158378,1
186241,1
88053,1
203441,2
249276,2
3582,3
138762,1
136008,3
270162,4
283295,1
236999,5
189379,4
196181,8
235357,1
213742,1
290559,2
145154,1
225447,1
261121,1
286045,1
194901,1
270104,2
258631,3
196007,1
187399,1
167878,4
150868,1
137146,4
213193,2
213978,1
161696,1
121630,1
287353,1
202914,1
145288,1
139737,4
86399,3
257575,2
185611,5
203597,2
282839,1
213788,2
276671,2
244572,9
217679,1
125153,3
140936,7
218403,1
210113,4
125193,2
220008,1
211998,2
235719,4
116211,3
74284,2
233273,2
233371,1
226632,3
279034,1
195097,2
157504,2
97464,5
221892,1
123443,1
215191,1
268094,1
130324,3
88160,6
261441,2
221132,1
278346,1
131600,1
132134,4
160068,1
286627,1
170471,3
119852,1
166512,3
187251,2
187609,1
235213,1
213776,1
215919,2
254462,2
283205,2
286379,1
174577,3
228805,1
280176,1
259939,1
289543,2
253908,1
181987,3
281462,2
213730,1
218899,1
240856,3
238250,1
210177,1
209705,1
176855,3
258991,1
210737,2
148320,2
187249,2
105328,1
119212,3
161086,9
290561,2
234869,1
117608,1
260081,3
164556,1
281786,1
265138,1
289449,1
152840,5
187271,2
201584,3
283665,1
118768,5
202107,2
277688,2
102779,2
178985,4
265758,1
179867,1
247802,1
239090,2
258049,3
279698,1
155952,1
273709,1
267726,1
122443,4
261185,1
125171,3
239310,1
188265,5
151195,2
264748,1
124450,3
227698,1
151379,1
290575,1
289443,1
227356,1
262103,3
230095,1
190167,4
223956,2
259969,2
178655,3
225431,1
225481,2
184247,3
269776,1
212020,1
252572,1
197065,2
211964,4
248714,2
190133,2
213770,1
123345,2
275763,2
128568,2
83389,2
208753,2
163871,1
184475,2
149224,2
109682,3
177425,1
210741,2
187163,5
216109,2
229137,1
119703,5
189315,1
281342,1
214280,2
123445,1
204486,4
117570,11
142515,6
157945,1
201564,3
218983,2
282081,1
215405,2
221578,1
152155,1
233529,2
148196,4
162674,1
268400,2
80271,2
162218,3
150874,2
228659,2
104000,5
123373,3
281224,1
219222,2
121743,2
223588,2
249060,1
195361,2
138156,3
116698,3
238572,2
270098,2
167202,3
201674,3
91924,3
175525,2
252106,3
216487,2
125149,1
230397,2
272623,1
117662,3
218231,2
236591,1
122411,1
140050,2
253600,1
187371,3
105663,1
161680,1
162284,4
192619,1
191711,2
281420,3
166510,2
215939,1
198431,3
211764,2
98389,1
263847,3
271537,1
168802,1
206817,1
205837,2
261569,1
130544,2
148324,1
219523,1
232473,1
277084,1
290513,1
175925,4
191355,2
288473,2
269796,1
150375,4
267740,1
288951,1
203509,2
256091,1
238822,2
283889,1
290339,1
167954,1
279776,1
280682,3
175929,2
218059,1
277304,2
204786,2
167868,2
185913,1
179717,1
274649,2
177167,2
260207,1
172837,2
199676,1
218637,1
201825,4
177943,2
178897,3
188703,1
135883,1
138122,2
193591,2
171417,3
207720,2
284407,2
225257,1
206042,4
212699,2
228851,1
257831,1
234544,5
260365,1
177859,3
182281,3
200702,2
273059,1
273551,1
215777,1
237103,2
253534,1
259801,3
282973,1
259257,1
194096,4
241516,2
292473,1
178625,2
152723,3
203266,3
212379,2
190241,2
251496,1
111542,4
261561,2
292609,1
278816,1
229399,1
276809,1
182787,1
178673,2
179413,2
226656,1
224957,2
127268,1
159333,2
276301,1
169398,1
289713,2
285985,1
246808,1
163018,1
273779,1
258805,1
198927,1
181851,4
239358,1
180071,2
276053,1
285625,1
286485,1
244812,1
149919,2
210797,2
157448,2
168390,1
122216,2
258665,3
183731,1
186517,1
234651,2
154270,3
195975,1
261519,2
192943,4
227346,1
228745,1
274291,5
138742,2
170345,2
287117,2
259087,1
187509,3
123625,3
185811,2
236133,1
143811,1
156381,3
188747,3
188529,1
161212,1
223258,2
169886,1
273965,1
200488,1
183291,2
125483,1
170779,1
183719,4
269978,1
241016,2
283769,1
223081,2
281050,1
113288,2
148400,1
272131,4
190511,1
202701,2
138706,2
146534,1
192047,5
213545,3
254154,2
155529,2
194666,1
174949,3
140331,2
259745,2
171459,2
211508,1
121095,3
203978,1
279906,2
196075,3
193359,2
223432,1
285007,1
287043,1
104612,2
210711,1
194957,3
194606,2
168392,1
143733,2
177677,1
171347,2
208573,1
271311,3
210039,2
170911,2
282709,2
120594,2
174969,3
133863,3
181865,4
280880,1
171789,1
188335,9
179835,1
155860,1
194566,1
254068,2
187667,1
268570,1
265486,1
253324,4
260981,2
221184,1
177009,2
284509,1
285031,1
176245,1
198311,3
290117,3
195493,1
279860,1
282631,1
221854,1
224334,1
77744,3
177899,1
138094,1
269122,1
262357,1
289053,1
116696,2
165713,1
218167,5
179003,5
285025,1
200240,2
272813,1
178629,2
276835,1
177937,2
246700,2
269062,1
226098,1
151569,4
225782,2
260011,1
173819,2
162874,1
284577,1
164620,1
176775,7
122641,2
245854,4
124983,1
272945,2
274527,1
290503,1
167904,1
144246,1
161730,2
287459,1
171325,2
220716,2
159856,2
248482,1
257865,1
284507,1
278498,1
274777,1
218747,2
115789,5
275521,1
129207,1
171017,2
178017,1
186789,1
135543,1
243206,1
284689,1
170343,2
189197,2
204304,3
142525,2
170429,1
241554,2
177833,3
175985,1
166399,3
204492,2
233691,1
123129,2
181877,6
226510,2
208337,1
143381,1
215473,2
280362,2
214294,4
220628,7
145134,1
149300,2
253840,1
168360,3
196573,3
283921,6
190403,1
194046,2
131363,1
228621,1
93547,2
159630,2
177017,3
208309,1
173725,3
280648,1
168582,2
86497,2
165243,2
256817,1
181903,6
165761,4
280356,1
232911,1
177059,2
221204,2
282299,1
188735,2
219687,1
257713,1
214816,1
178903,3
233009,1
261675,1
284511,1
124733,2
222631,1
222493,1
272991,1
257571,1
192437,1
291511,2
288935,1
131064,6
103380,2
219013,8
185823,1
253176,2
252154,1
170869,4
278914,1
279062,2
283753,1
275753,3
184035,3
232603,1
70374,5
212136,2
190321,4
188693,3
239892,1
181857,6
187749,6
202703,2
209375,1
124121,2
167304,1
216897,1
272577,1
193793,4
203511,2
271665,3
159777,3
209309,1
72956,1
242678,1
212118,2
211147,1
152731,2
6606,3
269772,1
290727,1
161370,2
161135,3
279852,1
142478,1
181613,4
216867,2
183735,3
155886,3
131246,2
266202,1
135083,2
225065,1
227985,1
243812,1
217531,1
121041,4
227955,3
251952,1
192441,1
248536,1
120118,2
204964,2
272067,1
278588,2
287407,2
275853,1
281874,2
100838,2
185603,1
290737,1
128257,2
183917,4
218035,1
190025,2
199315,1
254867,1
252304,1
144786,9
288643,1
208389,5
217495,1
204514,2
285773,1
208447,4
181563,2
103614,1
170058,3
174925,3
190255,2
201656,2
120276,3
219531,2
179013,6
198457,2
142937,4
176151,2
256955,2
124675,1
183167,1
244128,1
289175,2
252206,2
243356,3
118185,1
156197,1
180753,1
188873,2
195541,1
202251,1
202253,3
210441,2
216619,2
216635,2
253948,1
231287,1
231421,1
283607,1
199976,2
253846,1
183275,1
250934,1
262397,2
132406,1
267602,1
205621,2
271823,1
214590,4
141948,1
145889,1
169884,1
170737,1
176469,1
180457,1
180505,1
191735,3
197499,1
211936,1
175559,3
276889,5
139509,5
179335,1
153678,1
262213,1
271783,1
276457,1
221572,1
258283,2
125768,2
144476,3
159433,1
165461,3
187549,3
188393,2
204300,1
205098,1
205865,1
207576,3
216625,2
163344,1
245558,3
206224,1
263517,1
132973,1
136180,3
288317,3
288769,2
118193,2
128820,1
141573,1
143679,3
143948,1
150918,1
152535,1
158478,1
174761,1
179461,1
181507,3
201090,1
206317,2
212875,1
80685,1
224118,1
210637,1
273753,1
289269,1
261771,1
263783,1
138256,2
268374,1
134623,1
281982,8
73185,3
124021,2
125607,2
125860,1
128289,1
141179,3
143900,1
146766,1
151149,1
179265,2
180971,1
191807,1
201066,1
206561,1
199604,1
271268,1
272459,1
226418,2
258669,2
121471,1
276877,1
214372,2
126122,4
142709,2
143919,2
146574,1
151659,2
155342,1
164548,1
180461,1
183137,1
208925,1
278682,1
163158,1
211159,1
175539,2
275527,1
251948,2
259041,2
275285,1
208779,1
92176,8
124755,2
125656,4
144102,1
150802,2
160888,1
181181,1
186877,2
194815,2
206445,1
207544,3
212655,1
215423,2
216424,2
275655,3
163166,1
275401,1
193365,1
168768,1
269808,1
289777,1
181281,2
258667,2
264131,2
146562,3
150202,2
124611,3
127594,1
140994,2
144902,1
149877,4
166922,1
174575,4
185727,1
194558,1
202581,1
163100,1
248420,1
181439,3
274653,2
224394,1
131198,1
132086,2
137188,1
256751,1
113495,2
124416,1
127669,1
141872,4
161722,2
181127,1
190115,1
197623,3
198837,5
205863,1
216269,2
218245,3
152649,2
281274,2
292471,1
285957,1
181801,7
232211,1
105377,2
109069,1
116523,1
128281,1
136186,1
146740,1
147158,1
148741,1
150419,2
152268,3
152735,1
168702,2
175079,2
185339,2
185923,4
192531,2
193099,1
210021,2
211602,2
77362,1
275999,1
163368,1
241916,1
252990,3
220480,1
91187,5
264614,1
137168,1
157144,2
113614,1
119860,1
123006,1
123713,1
133917,2
158785,1
167014,1
167244,2
180485,1
187615,3
198625,1
214332,1
211105,3
197661,1
202553,6
248638,1
280384,1
195575,2
183281,2
131345,1
133115,3
133745,3
195111,3
162120,2
249972,2
141294,1
142981,5
154319,2
169424,2
179209,1
181241,1
194382,1
196017,1
197695,1
202729,2
209795,1
212689,1
149358,1
227298,1
280974,1
203284,1
276123,1
256455,1
263219,1
249670,1
116562,1
83918,4
114095,1
128237,1
155336,1
167432,2
174785,1
189803,2
201626,2
203561,1
204090,1
211814,2
212002,1
225059,1
259619,3
219284,1
230043,1
134647,2
266578,4
135322,1
201668,2
54614,1
116760,1
149188,1
155296,3
157895,1
174271,1
176137,3
180785,1
206226,1
209081,1
211944,1
212747,2
216687,2
117428,2
263503,1
137652,2
191585,1
291274,2
288553,2
142987,2
156416,2
165731,1
167442,6
169148,2
178283,1
182459,4
189871,3
191905,1
192821,1
201046,3
203074,1
204600,2
204602,1
170139,1
125928,1
225337,1
169046,4
166467,2
86970,3
133600,1
137343,1
277814,1
283635,2
120753,1
130866,1
146810,1
151139,1
156420,1
159325,1
173401,2
176305,1
185953,2
198751,2
213632,1
197233,1
247670,1
200628,1
220074,2
217200,1
278056,2
157442,3
225271,2
245362,2
211868,2
239674,1
239696,1
152739,1
157508,1
166685,2
175113,1
189413,1
190377,1
197607,2
207383,1
209419,1
209485,3
211614,1
163877,1
194102,3
156889,1
182919,1
241162,1
224148,3
260813,2
179463,1
169802,2
198327,1
288937,2
265998,1
205453,2
287845,1
130275,4
169540,1
282785,1
114565,3
121907,3
123878,2
143615,1
150164,1
151363,1
152790,1
172483,2
174867,2
187793,2
192925,4
198231,1
206040,2
209635,1
211285,1
211760,1
195663,1
283477,1
271971,2
290311,1
164515,2
252052,1
226794,1
132325,4
138642,2
269114,1
265578,1
277826,1
276453,2
175275,5
101216,2
114954,2
121415,1
123913,1
132186,2
136106,1
155316,1
158551,3
180007,2
180933,1
180935,1
195459,1
207381,1
125984,2
163268,1
228755,1
277158,5
135025,1
171627,4
83225,3
125099,2
140803,1
146466,2
147837,1
189775,1
201160,1
208375,1
213189,1
216885,1
204024,1
194320,1
171229,2
250932,1
136910,9
137841,1
262259,1
277656,1
277822,1
80695,1
106644,3
115027,2
126995,1
129293,2
130612,2
146842,1
147982,1
161614,2
175013,3
176547,1
180079,3
184823,1
193035,1
199638,1
200468,1
210437,2
209715,3
235031,1
292469,1
245102,1
245292,3
276825,1
269206,3
165449,4
231589,1
147128,4
110262,1
120303,1
123659,2
128293,1
130624,2
146770,1
156193,2
161344,1
177543,1
179079,2
188915,3
190433,2
205899,1
207497,2
134633,1
211121,1
219824,1
164230,1
135683,1
72897,5
103182,4
234181,1
210147,1
91931,1
121659,1
123415,1
160926,1
175093,1
176353,2
183977,2
191655,1
203002,1
203124,2
175545,1
203286,1
174877,1
213998,1
202697,2
132692,2
263879,1
285267,1
276091,1
197859,1
253306,1
112880,1
129213,1
130064,3
140343,3
148894,2
155052,1
183173,2
257693,2
273859,2
214878,1
134605,4
268878,1
287369,2
268108,2
94545,4
150304,2
155395,2
167648,2
168974,2
170173,1
180363,1
185245,1
186813,3
192101,2
192239,1
195199,2
196347,2
207391,1
211674,1
218199,2
276233,2
272375,1
274103,1
122409,1
136401,1
138744,1
140896,3
145749,1
148771,2
149715,2
155386,2
155701,1
163977,4
170969,1
174775,2
175443,2
187777,1
188973,1
191755,2
192413,3
200472,1
204670,1
212279,3
212329,1
258697,1
246398,1
154124,1
226450,1
235377,1
140697,1
162502,2
163334,1
176527,3
180913,1
211750,2
246576,2
125990,1
245958,1
125621,3
263507,1
124713,2
266736,1
142971,2
100411,3
126144,2
126979,2
146960,1
150465,1
151074,1
160476,2
174789,1
178233,1
193767,2
198167,1
202898,1
149120,4
215601,1
114764,1
283475,1
207640,1
132249,1
276871,1
129297,1
130176,2
160932,1
160934,1
163148,2
167910,1
168476,2
174871,2
177295,5
180125,2
193685,1
215047,1
215259,4
201134,1
213972,1
158352,1
112648,1
123673,1
150665,2
160137,2
191565,1
208491,1
214760,1
216298,1
286021,1
290900,1
253160,1
241920,2
242916,6
198411,4
158234,1
263425,1
269312,1
221910,2
105499,2
114617,3
130708,1
145216,2
146614,1
154492,2
155304,1
159283,1
161570,1
167004,1
171317,1
180771,1
180879,1
201777,1
204258,2
211796,2
214953,3
182595,1
288763,3
113101,1
238794,1
246762,1
266660,1
182843,1
220222,2
247942,1
120236,1
123233,3
123915,1
124117,1
124649,2
126154,3
128756,1
129970,1
140767,2
164433,1
167398,2
172159,1
175415,4
178183,1
183133,2
186297,2
191753,2
194264,4
196783,1
211866,3
216633,2
249954,1
192809,1
159860,2
132731,1
245582,1
80592,3
124809,1
145416,1
145885,2
157947,1
160275,2
161988,2
193789,2
194839,2
201426,2
202407,3
242514,1
241936,1
277322,1
259709,2
190617,1
250928,2
183647,1
138286,1
270960,1
283803,2
121517,2
123343,1
127170,1
142640,1
143117,2
166253,1
174765,5
180463,1
184519,2
187239,1
188395,1
190971,1
194821,2
209631,1
210975,1
216655,2
215063,1
138090,1
204908,1
221138,1
212010,2
210661,3
190387,2
289649,1
259951,3
183993,1
234645,1
165665,2
275697,1
237542,1
161948,1
127092,1
248084,1
232193,1
269918,1
234671,1
276299,1
276613,1
274005,1
262631,1
226058,1
226514,2
288707,1
139547,2
242272,1
238050,1
208931,1
288739,1
283881,2
119794,2
133638,4
206995,1
180027,1
248586,1
286757,2
171635,3
242484,1
128528,2
269024,1
192859,1
288661,1
254272,1
180003,1
164423,2
171893,1
244332,1
228517,1
118195,1
247152,1
147689,1
279932,1
236229,1
225717,2
241090,1
258841,1
247604,1
207532,2
284685,1
205793,2
179893,1
193872,1
281126,1
240876,1
182801,1
236687,2
287111,1
273079,1
201909,1
228037,1
206645,3
231293,1
171391,1
140505,1
186461,1
168546,3
235817,1
238562,2
220710,1
109736,1
118864,1
271389,1
181095,2
281858,1
211668,1
290783,1
265300,1
211974,1
236713,2
286939,1
231097,1
287069,1
282263,2
245100,1
283731,1
261339,2
222957,1
224515,1
251750,1
180177,1
234045,1
253954,1
282823,1
283279,1
268644,1
265794,1
251410,1
247782,1
238210,1
277054,1
275603,1
282301,1
280944,1
137405,2
140178,1
206091,2
229943,1
253116,1
259915,3
264598,1
262189,2
254698,1
126965,1
291807,1
214422,4
286351,1
242106,2
195601,1
184027,1
127031,1
141279,1
218535,3
173723,2
161514,1
252082,1
277592,1
287413,1
184959,5
270896,1
206073,1
242344,1
235993,3
208387,1
277974,1
267412,1
262635,1
253484,1
156099,1
240956,1
274633,1
270344,1
281192,2
283257,1
168814,1
235221,1
140495,2
281166,1
176187,3
261473,1
288299,1
220720,1
284091,1
141377,1
231331,1
147499,1
281614,2
235323,2
261483,2
225627,3
227616,1
279422,1
197589,1
204032,3
287417,1
262629,1
152326,2
171839,2
230653,2
189253,1
202291,1
225561,1
241646,3
140479,1
208501,1
242988,2
179425,2
238568,2
229067,1
151989,1
182687,1
242276,1
291136,1
142410,1
193861,1
190831,2
161704,1
226160,1
233295,1
151999,1
280782,1
222250,2
165279,1
228479,1
259303,1
251208,1
180167,1
234625,2
248296,2
198525,3
223888,1
188069,2
188255,2
225509,1
212451,1
261721,2
215181,2
225007,2
287777,1
186445,1
270168,1
272053,2
50279,1
124115,1
5905,1
235853,2
286929,1
208245,1
286349,2
218421,1
195197,1
174421,2
250498,2
126991,1
96730,2
250604,3
193795,1
167046,2
129456,2
284063,1
283885,1
188025,1
271331,1
230667,1
280972,1
289589,1
92885,2
191759,4
268438,2
229599,1
197751,2
185743,1
271955,1
258131,1
271733,1
278650,1
261639,1
230487,1
273561,2
260053,1
249118,1
235037,2
286729,1
202019,1
172319,2
246944,1
151871,1
218603,2
255675,1
291112,1
291417,1
117500,1
211856,2
250178,3
258065,2
159421,2
120749,1
145466,5
246638,1
151791,6
234755,1
167242,1
217777,1
290809,1
291000,1
291328,1
266548,1
291955,1
263819,1
275215,1
202687,2
289925,1
288137,1
227158,1
260975,4
143932,1
254508,1
173915,2
195363,1
273481,1
291020,1
291833,1
118995,1
217887,1
268650,1
246030,1
254506,1
183807,3
239314,1
276759,1
281852,1
96704,2
225255,2
262495,1
277960,1
279322,2
281922,1
243808,2
181907,3
198371,2
244784,1
286469,2
230151,1
285127,1
269784,2
288933,1
273467,1
291849,1
285749,2
137644,1
260031,1
197795,4
252726,1
223161,2
258003,1
206751,1
246640,1
245826,1
235715,2
274409,1
290974,1
291979,1
211834,1
239574,1
272317,1
272969,1
158892,2
277926,1
250162,3
259629,1
278484,1
277778,2
268066,2
129384,1
253780,1
290994,1
211844,1
158952,2
247710,1
263817,1
223768,1
248186,1
278792,2
125700,1
192043,1
237742,1
236837,2
250144,3
260959,3
215731,2
273447,1
291861,1
249952,1
224873,1
143150,2
195339,2
226942,1
252112,1
290850,1
291052,1
236351,1
137058,1
177537,2
218193,3
194356,2
195985,2
246702,1
278392,1
287723,1
150780,2
220438,1
242220,2
292063,1
286855,1
216289,1
291132,1
196609,1
277176,1
281924,1
222079,1
271513,1
227062,1
239548,2
291016,1
291230,1
163014,2
124737,2
224403,1
291192,1
181487,1
262761,2
192815,2
283455,1
162700,1
223428,2
250644,3
258059,1
291771,1
255385,1
291110,1
247534,2
245808,1
274217,1
259063,1
190717,1
257317,1
224004,1
232165,2
291336,1
167592,2
69800,1
188461,1
198349,3
250566,4
258041,1
258069,1
258071,1
243614,1
255095,1
212955,1
152397,1
267546,1
274219,1
277928,1
248936,1
226760,2
230165,1
224036,1
289913,1
288605,1
280640,2
250730,3
142284,1
246916,1
291106,1
291156,1
180171,2
269594,1
281540,2
277930,1
269228,2
258087,1
236155,1
281942,2
286857,1
235955,1
220722,1
278370,1
162298,3
280116,1
290657,2
172237,2
212911,1
182721,3
291312,1
290597,1
124985,1
175681,1
150062,1
275089,1
165063,1
257445,1
167414,2
262083,1
228463,1
253940,1
202827,2
73453,1
193023,2
289919,1
291150,1
262787,1
225695,1
260947,3
225315,1
211133,1
291024,1
239846,1
184585,2
245502,1
250570,3
280862,1
258005,1
261703,1
93083,1
211053,1
278654,1
263321,1
183957,1
182201,2
278398,1
210007,1
150336,1
290827,1
123355,3
123987,2
127345,2
214558,2
174289,1
225043,1
117494,3
150074,2
223954,1
109355,1
203136,2
291457,1
105032,2
209441,1
217575,1
218225,1
226474,2
290944,1
291304,1
153512,1
243278,1
284307,1
212335,1
183511,1
244056,1
291040,1
291100,1
151625,1
262265,1
291481,1
250562,2
258111,1
287257,1
232041,1
262079,1
127286,1
224451,3
290878,1
291142,1
292123,1
262267,1
151817,2
258729,1
253788,1
291240,1
284969,1
262645,1
158677,1
269268,1
249996,1
291022,1
242300,1
282867,1
264872,1
133902,1
198317,2
258023,1
284079,1
277294,1
285845,1
235765,2
244152,1
291270,1
226248,3
271437,1
287841,1
253858,1
248214,1
279722,1
175297,2
271725,1
291042,1
275817,1
241814,1
258075,1
292363,1
147068,1
291034,1
103576,2
124470,2
221650,1
268924,1
273425,1
181915,4
146526,1
217266,1
286847,1
190723,2
289641,1
260203,2
221326,1
290836,1
291002,1
291218,1
119617,1
134216,1
268568,1
235637,1
250082,1
239476,1
287721,1
287725,1
181269,1
165411,1
223113,1
288233,1
197527,1
284607,1
96316,2
214562,1
239142,1
196013,1
287645,1
280602,1
232903,1
137793,2
244220,1
191943,4
234705,1
275565,1
100570,1
221642,1
132240,1
249704,2
242218,1
214392,1
287815,1
266220,1
260835,1
245976,1
246408,1
278768,1
200714,1
200722,1
216362,1
145964,1
235051,2
207880,1
190887,2
280760,1
123266,1
255285,1
157623,1
265372,1
79575,1
214432,1
224993,1
220812,1
132082,1
187235,1
278226,1
189619,1
284125,1
168644,1
238336,1
225926,1
164109,1
280624,1
287401,1
176285,1
229131,3
225253,1
238170,1
214134,2
223566,1
253438,1
217999,3
132080,1
264211,1
232623,1
266906,1
223324,1
170953,1
291533,1
234422,1
166421,1
98601,1
240454,1
246510,1
282111,1
148160,1
252346,2
146540,1
228539,1
280824,2
264406,1
273115,1
232897,1
223670,1
232447,1
246322,1
265818,1
179161,2
146429,1
201434,1
151955,1
200642,2
145962,1
167704,1
280480,2
113515,1
262177,1
286047,1
225952,1
244314,1
286917,1
259039,1
238494,1
272569,1
268760,1
278762,1
165721,1
141436,1
283019,1
225379,1
265306,1
265796,1
246416,1
254742,2
246344,1
214470,1
120641,1
161878,1
199293,1
271256,1
189621,1
103617,1
264213,1
187911,4
246414,1
274989,1
261161,1
193535,2
291689,1
180975,1
247700,2
244336,1
264099,1
246300,1
279864,1
189615,1
140226,1
170221,1
261723,1
248358,1
180867,1
268294,1
260059,1
225317,1
188359,1
281832,1
280582,1
190265,1
265804,1
202161,1
264408,1
267536,1
246404,1
253262,1
244478,1
280614,1
194859,1
279382,1
235959,1
283345,1
197725,1
221258,1
163649,1
196015,1
282277,1
222354,1
80746,1
182519,1
214448,1
225389,1
268378,2
264954,1
290749,1
188071,2
262101,1
192033,2
254664,1
289749,1
214374,1
268190,2
289309,1
163172,1
209879,1
288331,1
268326,2
263607,2
247674,1
260875,1
204418,1
192269,1
287741,1
265176,1
270152,1
247122,1
130254,1
132379,2
224991,1
276023,1
130486,1
207636,1
239848,1
121819,1
264309,1
208185,2
234424,1
270712,3
134542,3
263915,1
291811,1
247672,1
260863,2
126182,2
168836,1
277512,1
278778,1
181749,2
291449,1
280584,1
280728,1
232893,1
217553,1
231143,1
208183,1
220604,1
176925,3
174397,1
248856,1
280858,1
214430,1
214464,2
289093,2
267192,1
239138,1
207898,1
238134,1
183963,1
199614,1
246040,1
218263,1
198365,2
179969,1
212168,1
278246,1
224989,2
269782,1
179661,1
135416,3
267780,1
185263,1
269932,1
218973,1
178361,2
251048,1
267782,1
269274,1
250612,2
247492,2
243816,1
278694,1
187923,2
245766,2
266022,3
179083,1
280766,1
289201,1
271995,1
268774,1
210765,1
233909,1
205345,1
223250,1
141325,1
254648,1
211778,1
278240,1
219157,1
217551,1
218895,1
208797,1
278992,1
106382,1
103851,2
185553,1
218655,1
249832,2
216705,1
235437,1
228543,1
217148,1
258969,1
224244,2
264868,1
159568,1
113317,1
115983,1
218845,1
231851,1
183297,1
229643,1
226764,1
191751,1
266760,1
266944,1
113368,1
219521,2
224447,1
230791,1
103923,1
149576,1
201084,2
148586,1
244024,1
207291,1
282321,1
282333,1
225824,1
267382,1
267684,1
218683,1
244366,1
260801,1
230235,1
180625,1
223059,1
228901,1
260311,1
148335,1
245316,1
223358,1
221458,1
167434,1
275443,1
214902,3
170044,2
231191,1
226120,1
271637,1
245374,1
113132,2
124141,1
218551,1
146598,1
216661,2
283359,1
166737,1
171099,1
248996,1
245278,1
210257,1
241620,2
139677,1
131654,1
270862,1
103779,1
280358,1
163348,1
189199,1
205535,2
145620,1
226448,1
221286,1
140591,2
227556,1
206220,1
233763,1
253042,1
186511,1
248570,1
282993,1
283275,1
268660,1
187453,3
128017,1
204140,1
184161,1
121885,1
123391,2
236789,1
256599,1
172341,1
281052,1
206405,2
128021,1
218699,1
254240,1
165615,1
285471,1
227686,1
219055,1
246130,1
207680,1
224619,1
264836,1
252428,1
246464,1
180883,1
278196,2
279086,1
231879,1
278638,1
156150,1
216639,1
137821,3
131896,1
209941,1
246100,1
227156,1
249880,1
267636,2
160028,1
250066,1
281856,1
235263,1
266606,1
252724,1
254869,1
166391,1
260881,1
165833,1
191737,1
217653,1
261925,1
172227,1
208705,1
269940,1
154360,1
139618,1
124400,2
154701,1
211363,1
232241,1
243576,1
251676,1
250468,1
116875,1
278238,1
288761,2
280044,1
241626,1
139319,1
178451,1
252370,2
223262,1
219659,1
236335,1
150766,2
196489,1
211746,1
223904,1
80781,1
190639,1
210059,1
226150,1
283351,1
227104,1
194586,1
278796,1
124468,1
229073,1
235613,1
276025,1
198203,1
221820,1
136968,1
245504,1
241618,1
139225,1
265670,1
268628,1
255927,1
146489,1
240066,1
233589,1
219424,1
116527,1
95668,1
115889,1
246650,1
283321,1
201933,1
278190,1
178857,1
278204,2
247978,1
245302,1
232647,1
274529,1
187525,1
259869,1
263635,1
217059,1
238456,1
202003,1
274111,1
269826,1
258823,1
269496,1
236265,1
204012,1
245400,1
230051,1
109357,1
201108,1
289849,1
232715,1
129642,1
202976,1
200548,1
187827,1
192011,1
130602,1
226480,1
193029,1
144011,1
244512,1
282271,1
177333,1
241624,1
271154,1
268578,1
271341,1
94729,1
199628,1
269032,1
270476,1
180083,1
269752,1
278530,1
220430,1
247338,1
225870,1
191445,1
192077,1
217051,1
188789,1
155717,1
250380,1
226468,1
118812,1
160784,1
220290,2
182821,2
226944,1
278140,2
201636,1
78559,2
148598,1
156274,1
136766,1
138274,1
278150,1
260095,1
249746,1
195809,1
122052,1
208148,1
278710,1
133187,1
253934,1
202745,2
259355,1
276165,1
139231,1
180333,1
187835,1
187929,1
273817,1
116064,2
236403,1
157917,1
203821,2
250794,1
192421,1
204484,1
119434,1
193121,1
274343,1
145008,1
202647,1
190587,1
281210,1
160498,1
133481,1
210083,1
207552,1
123999,1
117168,1
231791,1
252658,1
272941,2
182827,1
207399,1
251014,1
123769,1
287849,1
229109,1
147573,1
207574,1
183007,1
112990,1
288967,1
199396,1
290401,1
243780,1
189771,1
194580,1
221070,1
234861,1
206505,1
254054,1
153945,2
117022,1
211482,1
288989,1
223246,1
255743,1
240616,1
273687,1
160535,1
273847,1
216979,1
282895,1
283377,1
160523,1
262193,1
168566,1
269070,1
101820,1
238258,1
97646,1
234723,1
101133,1
237322,1
159723,1
123333,1
223264,1
281246,1
207554,1
208172,1
217989,1
186987,1
187933,1
284723,1
278426,1
252692,1
160676,1
285931,1
229931,1
223169,1
141329,1
290337,1
111,36647
1197,46957
2628,37973
1729,15038
2404,4315
53996,13390
4018,14132
108949,216
224,8731
519,5284
1785,1517
2607,665
3504,6985
3862,297
5346,431
5478,1963
6350,7539
7160,5238
61406,458
4784,844
56805,1640
1942,998
6993,3168
5102,998
212461,1886
49276,325
99149,3455
197729,13
141799,211
183909,194
204832,48
281904,202
4277,388
7758,53
136443,88
183011,922
198265,278
208619,16
199071,11
2181,1395
32591,172
110387,120
81804,381
7241,221
59814,118
5655,174
51380,102
60463,64
107159,39
4459,89
4568,357
200080,48
5442,426
27692,26
140074,80
57980,151
160573,451
216877,5
147018,16
277088,25
124773,2
164163,104
208150,7
216935,4
25943,216
161396,9
168614,9
281278,3
3222,168
146530,2
148867,67
160219,14
170947,150
115556,22
283551,3
169110,8
260425,1
114244,110
175299,25
144752,9
176487,107
26497,109
3817,81
2896,102
8595,77
26230,95
33152,14
51559,29
161620,33
179157,21
267462,10
183593,24
3495,61
153939,18
191777,4
198043,2
205673,9
292047,1
25741,215
80086,31
118808,2
145372,12
52037,78
170195,12
174905,13
93128,19
109607,67
161616,26
246746,2
270722,31
33129,10
153418,5
5084,58
68201,19
171263,57
279094,13
175483,5
44238,145
120805,62
27713,65
6836,34
194056,5
55329,50
194913,8
203130,7
183625,7
99638,33
108656,10
117678,8
130330,4
132940,2
152258,11
196693,18
217865,5
159153,25
199333,64
123812,3
189625,23
99665,8
141309,10
167688,2
172191,3
179439,8
279586,12
135801,7
74115,46
52589,33
124139,4
230479,4
169752,25
174443,10
203877,11
208241,21
208459,8
212221,11
219519,13
94041,20
168458,16
281082,92
138914,12
6607,18
56626,36
211810,8
212295,5
279654,1
175109,6
80827,3
34526,23
156692,22
107853,3
179961,16
236623,2
73135,22
116666,21
172529,29
142989,3
174497,7
171969,6
185597,32
279880,4
124287,6
209207,7
160012,23
3132,159
263549,1
264504,2
135957,13
131834,30
264580,27
289889,3
136874,2
134657,11
288273,1
137008,6
133653,36
1939,2222
1944,3181
2064,7692
47,63298
33794,41686
35836,20093
67197,3503
5620,5519
79293,5686
5388,9510
55805,2039
1207,18785
2549,1735
4642,3000
6339,461
40614,968
95218,96
53318,1942
93838,3511
70305,947
58376,940
3045,873
5640,412
2051,949
3144,268
7171,345
157200,783
54349,46
134708,35
163921,34
176921,143
206117,24
248912,631
257709,25
1456,585
186331,31
2612,1327
6326,127
73101,220
114704,91
4384,133
109629,77
32617,47
5182,83
6690,108
51457,16
8849,85
143886,27
214070,34
84952,552
5090,173
6960,26
46664,199
85025,574
97065,133
104319,37
161686,45
168992,1
170823,3
179293,77
185621,8
89994,12
224208,108
2192,72
8721,38
25824,40
219003,94
129013,73
4851,51
2638,198
27539,44
101812,13
117684,16
3140,146
86762,71
98797,178
158260,311
206511,10
190401,246
91626,118
183497,116
83910,385
186799,7
275917,106
2284,364
164562,4
98087,130
120488,10
192765,28
1477,366
77177,116
8672,20
80214,14
159249,21
100060,61
116807,90
206895,9
5838,118
151769,159
8619,50
192753,34
58287,81
191235,48
93376,23
172565,12
203944,7
5755,120
141395,59
103629,16
171589,5
254718,137
151765,95
177113,38
141402,72
171625,5
191195,4
192889,9
3567,183
95026,44
257805,33
203068,3
39441,76
145307,13
91241,101
166490,7
6115,159
140916,16
104731,8
197011,10
8480,33
167406,4
8663,59
127210,28
71139,13
212923,7
230241,14
4655,189
202099,87
243554,5
284707,6
79029,58
150056,3
164901,9
217071,11
175179,22
190023,11
248374,1
109241,37
99091,5
110899,95
117336,17
127654,6
148204,4
187515,4
189317,4
85544,18
81061,21
89623,14
125113,10
195735,7
108149,20
175249,11
70121,27
158254,59
4076,32
75335,14
122760,5
112905,38
126917,10
215543,2
79287,87
69704,42
2823,43
216831,5
151351,2
163054,2
223826,56
244344,15
178489,9
3818,48
152475,2
204750,39
242360,26
123260,3
6024,66
200022,6
206795,36
215563,10
218663,2
106046,7
185199,6
183533,7
6553,29
148699,13
152192,19
184223,26
200196,13
145299,16
190543,11
243994,11
4481,80
113868,43
114398,2
125259,3
225049,1
66861,14
196745,8
216384,3
144256,11
214939,48
168224,12
221126,6
190951,10
171807,4
152656,5
162610,14
174125,4
7890,61
175453,10
135937,32
135559,5
265130,5
138298,7
8621,21
266206,2
264073,8
132092,1
137327,5
288145,1
136475,41
131482,10
2109,7981
43928,2113
92938,1099
96079,15512
105653,1936
53189,630
70862,415
416,1799
556,1288
1425,2282
2398,5321
4498,1173
46850,720
84187,786
115122,4918
140,5049
711,2212
1244,10130
177,2399
1300,3690
3498,3451
78637,3381
78746,178
6394,250
2998,79
2038,1269
7701,1865
61246,389
60514,2008
194364,4
8516,564
73449,17
146327,174
6946,742
82242,638
189893,215
201586,1066
210539,262
280100,321
69069,458
26875,185
92681,682
178891,10
1613,247
25769,518
175585,806
115903,17
5361,519
6143,391
47306,137
52189,33
5335,192
52806,529
4756,812
2037,466
212066,70
2306,1043
60992,151
107338,15
78358,26
6515,115
26269,234
55476,5
56931,52
159445,16
166287,22
171833,22
186013,5
26712,474
208719,1
246144,3
4507,55
41596,4
98036,36
25932,33
79525,38
260931,6
165673,37
71650,71
117476,10
151693,72
189349,13
1055,340
7896,274
155489,13
107295,9
6014,951
96460,37
123107,31
827,164
181547,14
170287,32
40591,106
46959,141
204980,16
74683,51
160880,31
198271,25
153356,7
151643,11
151657,8
183609,19
62385,31
4032,86
118109,23
4698,57
5162,71
153422,5
277468,3
107827,11
59945,47
117136,50
191797,4
228731,2
236257,1
225752,27
3293,32
68259,42
218219,9
144576,12
31645,15
58282,5
69372,77
184909,21
210345,1
106226,23
32074,26
33994,6
55487,44
61116,35
84996,9
116560,5
157162,6
162158,21
177791,6
128675,7
231301,6
171113,41
156850,4
180793,2
193299,6
142831,33
8722,63
103273,43
171985,16
172497,23
281384,15
75823,16
148228,5
7203,54
188837,21
192639,41
201731,20
49951,33
210521,16
231411,2
256323,9
182705,21
224939,24
27862,31
62953,5
91655,10
177401,7
250876,3
276723,1
171169,27
130460,2
26295,27
187989,8
144396,9
110171,11
177903,6
101767,9
190029,32
170967,5
173325,5
141785,1
77804,4
79083,7
124581,5
275151,5
189351,3
133802,480
132074,40
134569,166
1899,91
131156,20
136634,5
133961,3
135270,25
134004,7
2619,10
135713,1
4246,18623
4327,4723
1206,36818
64957,14997
78266,1420
110110,500
444,1342
671,6524
3104,5860
4822,290
6116,171
6536,1127
6560,109
45928,1028
67997,1844
94959,12136
104841,18126
6774,3371
121231,4195
181315,1816
2582,599
7560,1095
8207,2187
2829,1595
3857,817
132,2178
31682,45
152,716
1114,504
665,1499
5868,91
4733,1480
45028,863
6139,64
55253,864
192245,1678
31150,265
27834,900
109740,446
89030,1020
102682,54
152372,261
159447,264
157667,151
278176,648
3919,941
2466,85
8138,82
5309,1575
146307,149
8010,504
69873,122
3734,359
26099,26
32329,33
76772,83
142212,41
168334,49
196113,91
207141,32
166729,18
209659,8
203401,17
6125,299
7119,172
152055,64
42634,104
6067,275
82030,17
100150,39
115178,26
195005,5
195645,15
281328,4
89377,79
130578,195
77833,172
178059,33
149678,6
182703,8
130046,10
164399,24
91548,206
6076,61
72833,24
89369,119
78235,23
99594,11
31079,126
116845,74
188939,4
26378,73
192397,6
154001,3
161998,9
90574,15
213319,152
102662,29
4828,149
100171,17
202415,10
5286,45
255639,31
160836,14
201616,8
200392,13
3721,115
6917,23
141203,4
160277,3
213461,11
53154,40
216171,4
82032,21
176905,8
160976,15
149755,6
199622,18
5593,96
4604,21
183601,16
284175,7
146168,1
146360,23
280110,20
260307,1
202233,5
190559,24
83067,77
121205,8
169292,5
125133,7
140319,6
148242,39
201761,11
280892,18
193988,3
39931,40
206712,2
224481,3
190501,17
161798,15
199303,2
107710,7
3336,21
157807,3
148608,1
230243,1
271180,4
66977,18
72645,8
127600,11
42312,45
128193,5
183967,13
166009,12
101409,4
161674,14
138870,13
159467,8
161288,10
278316,2
178731,3
114124,10
147168,1
195637,4
254392,6
109000,22
279976,13
148062,35
278628,3
112093,1
2056,192
8015,257
131478,33
139523,4
131146,18
133563,4
136834,14
132078,3
134651,16
138524,6
156964,13
2312,2836
2882,1032
185,25669
305,3426
2616,6386
7361,44430
353,18497
355,10815
128360,11400
48774,20686
164179,19742
694,2815
1542,2232
4641,8228
4844,2969
7347,4955
25834,192
882,839
2898,785
53207,999
1586,7549
1694,3094
3379,630
3155,3643
86298,3057
4893,302
42197,680
64229,231
65181,77
618,364
93831,1651
93723,171
116413,90
747,1111
47830,209
79588,516
26520,58
186741,2
195777,974
93988,463
128606,359
5609,779
1599,607
27922,157
187067,222
31422,611
174371,118
7234,1502
272037,93
5334,545
31660,930
128944,215
2045,424
3940,122
43009,108
162730,156
233095,82
60295,117
112334,434
192551,358
66320,85
108754,17
127315,65
143197,17
235923,1
282041,38
5354,246
54768,216
7488,52
69911,49
122853,3
32853,166
4469,98
60508,20
98994,28
154996,50
242640,3
288849,1
104274,180
61950,59
254192,6
85763,66
85307,40
206345,18
170489,62
696,128
98109,39
262941,28
26383,122
187109,59
3349,99
6480,292
27112,58
46713,11
152846,24
166379,42
220702,6
79515,22
275157,115
199271,4
243036,2
254688,3
269828,69
162148,115
27378,15
68548,48
143553,21
146268,9
144714,39
212046,46
117726,26
140809,61
73710,17
191401,30
199011,12
227703,33
159030,16
139102,33
102485,38
186543,19
243446,1
33972,28
4185,117
130842,101
277834,13
210081,6
214612,76
130706,1
105477,79
160452,5
122131,13
160692,2
122357,12
158368,14
78681,32
98509,12
272227,2
193507,8
79388,28
111691,6
131749,35
144602,11
148244,21
162784,1
172785,25
174683,6
25931,40
173249,19
176053,8
125457,3
69666,35
117310,55
142070,59
167536,29
220112,1
134655,4
122737,7
142788,6
169282,11
153174,14
47049,38
163565,6
167924,2
182555,14
6097,32
27734,37
202425,11
208174,8
206813,6
252784,8
165901,10
183355,13
186763,14
143436,16
180429,11
210915,18
224174,4
91069,5
232277,3
86237,57
200582,4
139624,11
213467,11
217210,25
45758,17
228127,10
123471,11
213135,11
126024,8
155166,10
178033,7
205078,12
210819,6
89054,9
282295,13
161924,14
173299,8
179933,16
167930,3
115558,7
139181,2
216119,22
118538,3
142408,10
145702,8
259229,1
187171,16
171561,30
172503,15
131850,16
264247,4
135733,3
136419,13
135282,9
5129,36
1288,19492
2082,5265
60072,7047
81562,9128
84392,4094
325,1059
386,377
5285,60
7236,679
7323,6905
7367,3122
47950,547
53447,487
72605,948
179819,6646
1306,1148
52666,270
906,2475
955,5210
2108,7227
55721,2174
3095,4188
7001,2435
26554,618
73854,855
26256,80
8751,334
96966,273
106983,271
5450,679
7748,856
26840,687
201837,3
203992,3
158872,2321
2483,440
55020,251
57637,247
79879,828
93475,607
168320,6
183927,23
5365,96
164598,75
75389,98
91628,505
2339,392
3029,865
65669,18
44943,207
5595,71
1311,163
183983,18
34148,379
151113,617
100244,439
141050,72
74740,306
5344,83
26565,194
125970,278
51044,120
39659,150
52321,283
73983,52
79467,56
131759,8
157087,8
204798,5
245790,2
103849,325
2219,156
6692,78
25827,536
32943,244
92104,7
117849,71
2647,300
26976,24
71416,48
87038,19
89705,4
139377,4
214282,3
254424,3
89629,175
187289,9
129721,23
138484,2
152005,2
206841,7
183407,7
95443,167
261135,5
74731,107
72178,96
6712,13
69878,6
8893,105
98621,22
5639,144
142799,41
158471,1
96239,35
141462,13
185039,26
165239,96
203557,63
241474,3
69986,25
171983,66
175531,48
6706,44
5018,54
286227,1
221953,31
140453,5
112655,86
86166,35
128800,4
138626,7
147915,9
153120,6
189393,2
152240,1
168638,17
111343,8
106057,4
127835,7
147821,2
183569,8
196293,12
206649,10
136343,77
247850,2
200420,8
156160,1
179379,19
130584,5
165681,50
169464,3
172065,25
1723,54
121133,35
145168,46
110318,3
128141,23
89139,35
224300,6
226742,10
7898,76
67138,71
128075,2
158727,28
209575,4
127142,10
203741,1
120925,5
174445,11
204794,2
171803,38
179289,9
281390,1
152743,4
281570,24
33117,19
83986,11
105302,27
25778,42
82673,25
81667,21
143267,5
178645,18
148376,14
119808,2
162760,5
79197,15
121455,17
172179,3
201843,2
272415,3
173649,8
269234,50
135504,156
135452,7
288461,1
137966,1
268928,2
264117,4
912,32190
3753,18624
435,14828
2840,5521
169984,2754
1266,17593
66665,1351
748,5607
1382,1121
3020,8091
3261,2934
4451,103
4524,350
5303,2107
6618,3591
6718,210
6932,1510
7228,905
7346,4698
27156,1727
55765,9697
1590,8883
94558,324
581,1938
87876,2402
1681,2520
62113,848
473,1449
276929,800
105835,852
83132,2482
2796,1524
5315,89
7749,411
27746,245
79553,1831
168344,1298
169982,762
178827,1191
61123,1064
128620,937
4162,234
60363,276
184017,312
214772,114
215623,110
81823,25
603,618
202101,329
26322,218
3073,176
4987,220
51277,448
6687,588
64701,402
3121,212
202599,131
105954,840
3956,633
7944,304
7212,338
27523,617
226678,79
4435,57
109004,10
2886,414
6099,89
56370,74
127443,11
133853,5
153865,10
106202,8
1626,812
146674,59
208207,305
55154,47
6637,51
2191,101
197079,14
935,702
8040,119
91560,9
115463,10
124230,8
126947,14
165553,43
170899,14
168088,6
197821,10
199688,38
259321,1
138472,1
5947,246
26481,47
60405,61
87435,16
97119,4
163587,43
137036,7
5245,68
1170,169
113092,15
174481,28
33799,29
56779,25
115008,68
172625,19
205637,9
2635,192
136732,9
142152,10
152515,87
183991,1
288895,1
130586,19
157787,3
197299,6
58136,7
172789,50
174635,4
140127,4
127567,15
224531,6
125309,3
774,35
203008,2
107958,40
161504,10
660,119
71533,65
196421,32
144708,15
63793,34
141495,21
120901,5
128752,2
135863,9
168456,10
219436,11
286641,5
86894,10
88513,5
203938,5
9001,57
99602,35
193323,25
145923,2
146172,3
146190,7
146404,1
147746,19
157028,1
215105,34
144986,9
174659,4
152471,2
192675,3
134603,12
170819,4
26364,29
112078,4
55684,41
149664,4
199402,13
204824,2
206258,12
163603,3
172611,19
172829,11
3976,69
271597,1
66092,38
105130,31
128600,31
26341,48
128003,17
182539,15
190081,7
197789,9
216201,7
40494,33
83034,14
101239,7
215535,11
169088,4
171963,2
172897,20
174619,12
80574,11
96807,9
111322,5
194710,19
172845,13
131439,205
132486,16
136060,8
133869,98
133091,5
134577,4
135969,12
131138,19
263873,16
133757,4
1247,22319
1304,17587
2329,38967
3752,12467
7570,2289
48394,26258
62394,1522
54286,26934
111617,1148
192803,5193
51255,20655
704,1890
1488,3786
2320,1954
3206,812
3421,13334
4663,218
4898,649
6720,303
31225,2305
39231,1712
117533,2306
3927,1821
3798,7437
149352,1146
90592,73
5047,1927
27238,60
6384,52
74370,655
167990,89
26338,26
102005,139
97172,1284
3970,377
79463,281
103085,103
116191,112
288279,42
146,607
169252,201
104218,865
187613,502
168712,672
51903,223
26280,161
141844,197
269898,21
5879,950
4111,236
113220,12
6902,1244
192937,15
197179,265
6382,164
83219,313
72741,509
194927,68
80584,101
4472,94
7990,320
6366,117
7335,393
156909,6
4428,381
26372,22
113711,44
173773,19
158956,202
3923,360
4766,132
163681,7
4174,732
286625,1
128580,9
145146,45
169410,9
213041,6
216133,25
181169,10
190931,11
25891,293
59834,63
27309,92
159359,13
70824,37
176997,31
290573,46
189527,24
27765,43
70227,34
140856,19
144650,12
177607,395
179941,81
252212,89
8007,81
83833,22
109277,25
26720,35
259737,17
5624,41
196511,27
203413,26
194644,11
198875,2
231967,5
70742,33
5306,78
4656,43
72327,44
192957,6
161179,29
200380,1
202423,24
233173,2
82131,17
83357,2
97884,5
98591,18
117117,21
129335,5
177819,8
181201,2
193407,3
231835,36
57960,18
74886,28
177227,19
180249,28
152812,4
231261,1
120454,2
162852,3
169264,29
272951,6
82676,30
144790,5
150152,5
160238,16
187355,25
197475,4
200124,6
200136,2
207077,11
212561,2
212845,14
217987,4
121733,10
204592,3
182395,18
219499,16
253706,13
240524,1
7221,74
243852,1
1145,60
208951,23
109027,31
148761,12
176229,17
191041,5
154606,11
186619,2
237189,4
185861,1
111103,2
222135,16
71986,13
117484,3
149751,1
150407,3
272419,1
286997,1
136940,9
133147,76
264972,3
8770,53
2760,44
3636,55
136752,16
132094,5
7343,42
134779,27
268028,1
3826,8822
4973,43459
57534,507
1595,991
259,2057
2054,18346
4102,2427
5611,845
50923,473
78499,20327
31410,7328
2239,711
5499,382
48518,880
2941,2108
109846,783
130075,370
62792,490
65418,429
161650,281
3819,2152
512,1309
5959,1913
4561,302
186683,4
186711,3
7355,183
72703,198
177611,76
188753,204
193906,151
197343,757
216963,465
279988,28
285851,354
2614,429
280906,72
77206,471
110809,402
8610,1083
202017,19
4786,371
3449,150
168040,103
176829,125
4842,285
125926,138
4515,461
3283,139
69442,16
211223,110
6234,207
26122,465
105886,10
121447,14
152131,23
156180,3
164645,9
204806,4
209835,3
87761,28
128876,23
258929,460
153386,10
202607,6
61357,69
90738,290
7725,362
76743,26
109461,73
1773,155
178855,16
62054,53
167024,2
231855,6
146900,142
184925,84
143998,15
159773,10
181925,44
181453,38
115703,47
5864,180
6177,92
68533,4
92186,13
132924,18
27787,46
8683,57
181659,23
122096,16
204754,3
80321,12
117338,13
121330,51
122593,4
140635,9
153518,9
113775,137
203220,24
290105,33
146904,59
8025,115
1664,80
91556,10
62383,81
149160,16
209157,12
141996,6
167654,8
282695,20
212591,6
88788,15
140785,2
145524,18
196037,14
251520,8
107842,12
27232,8
190629,6
177879,15
126096,8
162728,6
157061,5
49752,26
113947,4
165931,11
73152,15
7887,28
79477,54
7723,63
141644,14
202073,5
7768,30
153464,10
77772,21
107065,9
194754,1
110339,25
132541,7
138758,6
159496,2
155285,62
206387,9
209465,3
212567,2
212569,3
243586,51
25808,45
67140,58
117525,8
273121,3
280082,30
205391,2
184269,30
235321,40
144334,11
144338,9
155896,14
161842,3
83241,7
177513,6
245910,2
174737,19
101355,12
149666,6
178911,6
163627,2
123316,7
174127,5
180839,5
128677,5
162628,4
176189,11
223814,2
243650,3
282133,2
132656,36
3648,105
2781,422
137737,8
137879,9
270672,1
797,115
136584,2
3025,62
137290,9
1172,10982
7143,20186
1,68997
1391,20793
44972,2434
135569,4709
4041,4070
3452,4933
4351,5034
8587,74
154358,203
173205,549
233661,565
206,1028
98491,3725
62999,3354
107348,2621
98243,2910
158528,842
7720,626
3208,2143
74275,1470
69945,89
166597,3
176801,1078
3125,1272
2786,427
1516,466
102483,25
186983,698
8830,793
8943,475
215527,354
7042,594
68486,395
896,508
200864,148
6230,346
227124,16
2775,175
55190,132
7087,541
99741,200
4338,726
8451,326
85334,62
116837,31
130808,7
145915,37
89281,204
1008,825
6387,255
86096,47
60885,46
65238,20
5763,156
140012,7
2780,526
25962,119
149644,10
5192,120
2957,27
86487,237
139403,6
3059,24
81054,31
196853,4
199744,14
86753,15
102941,75
111259,72
114692,79
179995,17
196215,11
250598,6
283517,2
138494,25
157863,1
168556,22
31359,104
223908,1
5960,207
174861,17
32551,49
180087,9
127148,66
5811,12
170153,67
117344,42
39703,95
193928,4
74473,8
128177,14
208321,6
3282,117
120928,11
52927,94
78626,110
142791,31
164493,11
183075,17
8982,259
96214,27
109313,36
275559,49
162870,14
175477,36
26210,31
126120,16
33340,75
114873,27
159427,48
276059,4
232455,24
69169,24
175191,26
76244,47
148394,8
256391,1
6313,95
8637,12
1504,136
212705,1
26140,24
180899,4
91195,2
181097,2
213087,21
84504,11
128536,19
126805,3
130146,5
137325,4
150538,25
183431,2
189267,7
189313,3
168452,12
31353,18
117598,11
195767,22
76864,5
182931,12
192459,6
117506,29
109949,5
4931,51
184785,9
199652,2
149822,30
198521,7
215225,14
34608,31
90380,8
173611,5
183713,11
191477,6
205136,2
211728,13
42943,26
197547,14
42543,24
81617,12
123312,11
260753,1
271186,6
101224,11
185133,2
158266,12
174215,22
4311,18
282985,18
118460,12
161115,10
125185,20
142742,9
142758,4
213113,5
165171,11
33051,13
159028,18
272581,1
241284,2
2296,2655
132446,131
135715,27
133145,66
133079,5
137385,13
134806,7
139755,5
139769,4
3030,5053
1485,22475
2763,13325
3147,38965
51834,1169
52,9518
1302,14286
1812,236
2138,3167
3060,5373
3861,3385
4312,332
4475,211
5791,3859
5968,369
41997,7477
139385,11873
57502,384
1683,1920
5900,2963
115949,93
3593,5010
3774,347
4466,787
2183,2896
186707,7
111130,166
2364,758
27704,263
54270,131
179247,340
210859,421
230231,171
250494,238
74868,710
363,645
3570,43
2475,660
26139,108
81083,156
121419,17
189461,38
42217,422
1902,288
41136,214
3622,373
86410,152
115309,53
96304,79
6457,269
8191,330
297,264
98061,51
8208,121
38294,246
109359,22
163661,4
56093,202
97393,164
6318,154
27799,13
166472,19
1798,348
83374,255
101070,221
768,34
162386,6
5496,129
163094,96
26191,37
7078,305
128316,14
151839,3
201236,3
222743,18
288311,198
136606,13
193745,8
247838,5
283505,2
149444,7
191739,11
133897,16
138394,1
139401,3
189643,41
777,32
49688,147
79895,206
25952,212
254168,2
38843,61
184291,12
151587,35
253234,73
202659,5
120280,6
7994,43
27327,86
136200,28
142925,110
144066,43
147346,20
45969,163
281016,1
49917,155
127256,23
180261,93
170709,132
256325,68
287181,13
172215,20
125918,40
148420,9
50151,75
132626,33
269580,11
277408,60
200326,68
67839,106
5819,57
168276,5
191139,16
205583,41
103050,49
279912,43
158615,5
167084,22
80337,21
168626,28
151719,11
187473,5
111310,7
148138,1
169454,6
173693,10
210049,2
196095,28
104728,41
166074,8
170377,15
176729,7
146734,12
105128,41
172461,115
171213,28
114836,6
197453,39
200050,9
218573,2
222469,9
228887,1
124677,2
71300,3
180507,21
173987,6
178371,34
36553,39
233299,1
281650,1
158637,3
165129,11
125077,17
146552,8
202493,7
71442,47
73413,91
144340,12
144518,14
191003,7
179251,15
47458,29
175291,37
155162,9
148632,15
237592,1
82175,6
103208,21
178637,1
124560,4
272575,1
203896,5
176205,7
196861,13
183071,9
139855,1330
135426,2254
4464,1375
137234,1
132222,14
134509,18
6481,203
770,27
135979,51
6221,61
288275,1
136058,5
289109,1
133221,11
2600,6619
4979,20357
1047,9265
36401,3744
53322,10379
165103,591
3006,9981
4614,961
1190,1740
2155,1970
4349,1578
5255,628
6294,2202
6563,87
45175,465
167570,346
103606,735
7802,1910
72129,1443
42723,3355
221244,269
61948,128
715,626
8158,493
99110,81
5761,70
6813,229
674,3642
1651,153
2967,958
5122,410
5539,199
33072,478
90947,319
70206,600
109895,556
147923,20
150254,217
171253,341
178029,10
206262,28
207367,134
257389,1
4438,658
103727,375
5341,736
3453,663
200630,251
68536,281
154065,34
25771,1435
113315,92
106491,1398
8785,228
26663,195
101942,80
280866,114
1427,804
152236,4
212,487
65709,72
6498,112
79590,321
4569,164
118706,238
7289,66
158244,14
174487,309
1546,495
27784,256
152151,16
160884,5
151321,6
73042,607
2637,191
1400,32
74310,28
97328,405
5204,63
160730,32
94978,87
142028,4
190947,272
6837,132
88574,28
184047,4
188633,21
283479,3
143668,7
56449,11
138440,1
5097,97
103743,10
87360,40
7230,66
96732,3
99397,16
49973,35
155727,33
148769,7
164220,4
240420,30
7769,42
1458,230
197209,35
191697,11
3162,98
992,275
128441,26
164403,13
187247,7
121583,30
147364,20
152992,6
164183,12
189205,74
231527,44
115824,279
141513,20
146936,2
103863,7
60046,87
212991,5
183509,11
251726,155
5599,115
86432,27
105855,59
109485,27
157669,15
165863,7
6227,24
141158,19
160690,1
120321,24
128273,4
120913,5
152234,1
156015,2
203018,1
193797,6
81957,22
158613,18
5336,52
122100,12
122863,4
159484,26
160189,10
183217,4
55406,24
81051,17
106471,72
185653,4
188715,4
256477,5
112907,27
141126,7
146098,1
146154,2
51503,58
256903,3
117555,38
152747,3
171215,18
175289,11
205154,4
228883,1
179433,2
179713,1
273699,1
59960,42
281728,8
71750,15
125555,10
81702,22
222447,3
259743,1
152198,35
37837,26
152686,16
173809,5
154378,21
104039,14
182175,13
93463,14
150812,2
180291,10
272361,1
188621,2
6786,869
264241,4
7140,10
26346,68
135815,5
136530,61
137002,11
137014,4
3541,11
3210,9510
6365,29835
1722,14288
2989,4933
6537,14509
68205,2442
1922,227
2575,1385
3111,1313
3754,1812
4450,1074
4688,599
6223,946
104913,5429
187717,1218
189363,1996
288513,939
6975,1888
182715,5126
8531,2965
2633,1905
1616,4286
49961,1677
103137,824
3987,1941
5077,287
631,2323
86644,4079
2344,1811
48543,138
62344,922
224266,294
7261,376
6996,1434
2170,1064
2363,2699
159191,239
274,1296
8121,255
194192,35
184747,3
197597,42
94473,10
188067,114
201074,29
67799,451
91323,487
122327,10
184157,29
202519,252
217079,46
185001,375
127140,419
162540,32
182819,104
5588,607
42721,551
4325,498
26578,604
7616,576
97057,479
214604,4
4775,757
215523,18
91972,208
171011,1956
189241,457
4680,455
62729,56
33451,189
2256,149
3446,282
53774,32
80129,12
164248,2
212863,62
5114,365
48501,95
254478,22
245368,7
44153,71
1473,235
31948,71
148365,24
7707,235
1434,60
134557,4
6907,26
26703,35
93330,34
148166,87
181981,11
228515,4
272605,2
288035,1
111630,67
161594,157
3474,161
4093,113
162090,10
188245,4
276015,104
283531,2
5000,160
138302,1
151773,21
3607,15
70641,190
173783,9
208773,342
207834,27
123288,188
143857,3
6112,20
287983,9
99677,8
142550,22
183397,88
168090,69
165169,14
217138,12
219557,3
6508,154
216859,89
7789,130
202673,4
180051,2
189303,4
223003,5
84260,30
285925,114
231981,2
274975,67
191201,12
1878,149
78517,165
290631,19
50615,122
236487,10
80283,13
3192,147
153478,7
233915,2
142911,50
192847,2
113866,42
242250,13
160608,31
258307,1
214820,3
194967,29
169792,87
142380,1
167342,8
174691,11
189769,3
195977,14
231933,26
186841,8
113943,3
123302,9
119705,27
148640,11
181505,7
153548,8
160159,11
165423,6
174693,9
154290,14
215329,5
223614,14
246584,4
117901,12
123087,7
101835,3
222903,1
201939,14
197033,3
97184,5
33140,7
225743,2
32851,14
114891,15
223216,3
72030,23
198545,5
98328,6
203176,3
42736,20
87320,12
26030,19
88024,40
150772,17
206827,4
144388,7
111439,21
93535,9
178491,7
141968,27
162948,6
156559,17
130982,3
220990,2
115955,9
189165,3
136722,33
132545,14
135009,3
288773,8
136022,20
3058,73
3172,68
134538,10
138214,6
266356,8
136219,18
2698,23
138246,3
269428,1
137715,5
267970,1
442,20850
1608,17233
1644,8783
103810,2504
194448,5577
1323,442
1399,1545
3197,1356
3272,1600
3978,3467
4304,1087
4757,1579
4936,1340
5621,2827
8880,1524
39449,732
67087,5312
261759,895
7008,1199
7925,1463
93272,1698
60487,1072
107314,569
100498,1559
2059,4899
1770,214
2380,3109
1822,185
182,695
5231,239
169764,371
3032,1929
87522,561
5649,891
127321,146
134859,185
207301,55
245662,1
252286,12
253770,9
281348,2
217186,28
195165,259
70898,138
276897,379
7217,491
8019,923
107630,44
160139,24
241032,125
243406,3
62912,871
65142,294
140551,35
47707,11
65899,130
97168,195
97709,46
107462,66
206105,3
211400,3
51167,123
107537,71
118354,280
1137,73
6194,46
5144,29
32657,344
226758,163
48575,119
146750,7
224222,6
245444,28
248934,3
249898,2
267784,1
281316,1
57843,65
66544,124
156801,25
226492,24
165203,6
156944,294
8484,226
194346,10
5082,27
4288,96
92968,4
147282,95
161173,16
32707,56
172849,15
43869,437
99417,16
274979,256
53370,69
51103,11
162302,12
281178,1
132056,72
2768,74
187495,59
8987,105
178565,14
191229,2
277282,97
179647,62
153836,18
4877,112
279246,21
86593,62
102396,38
265718,1
168058,51
99822,24
161754,3
216525,25
65894,65
147936,8
170487,23
127652,12
149618,12
139387,2
170008,8
179785,69
41753,59
117468,4
121178,11
130328,7
184521,9
186021,4
281800,36
76063,38
87179,11
205148,2
173433,16
276683,20
163701,10
257835,3
141806,62
174455,25
188271,16
80713,13
71490,67
124334,6
152507,7
226930,16
79430,34
2213,26
228155,18
171089,18
198277,5
202491,2
218645,1
196717,12
47956,60
6729,58
190955,3
165115,36
230721,2
213489,13
44585,17
80400,21
265560,3
280382,3
164467,2
78111,42
113630,11
60356,7
128898,19
144590,11
226020,3
201554,8
180447,18
230997,13
145755,16
179783,17
59154,25
291355,1
699,17
132492,47
136708,1
265114,13
132214,6
7269,30
262879,3
137711,1
218,4264
4016,11437
348,8210
440,19992
1682,44140
7285,2769
92507,1966
1663,9230
2471,5814
280,5164
2318,5179
2455,12962
3484,2663
3786,2472
4487,2746
5992,5176
79702,14772
55908,4306
13,2107
7084,1229
3022,3094
74750,676
222477,1188
6375,226
6612,422
135216,248
120138,673
2383,2324
2337,1571
32452,229
184721,1052
4297,393
185443,161
99106,237
117549,440
184023,464
253774,4
287707,28
157833,6
31934,178
5612,447
26283,230
2536,340
7615,178
107196,99
7286,184
114007,487
8574,210
26726,185
190249,12
6060,593
158962,93
2956,945
101258,97
209229,12
4151,431
3572,391
25870,160
91450,32
99415,138
112749,72
224200,5
3231,33
91513,16
139795,25
198745,7
6714,164
107953,246
157851,147
162080,11
212303,206
8043,89
120911,7
117922,190
178355,91
66789,86
187095,9
5193,237
93894,6
96950,12
141321,14
165489,32
5590,57
209209,14
211165,10
91515,49
102604,44
103869,17
145817,3
162990,77
224469,16
281176,1
126082,6
196847,15
152808,3
100404,20
125101,3
78629,20
96537,30
8537,140
173839,10
180093,66
6759,61
190127,9
227835,12
734,60
98623,42
132577,37
179493,15
175601,7
101262,159
161636,4
177797,15
223638,106
277650,3
274485,1
8402,37
121083,3
174805,9
194276,7
160195,6
32686,80
60411,45
90460,30
127138,35
165147,6
61634,13
97815,4
104123,19
146160,1
146216,3
153542,9
176581,2
177887,13
90252,11
155804,9
277296,20
42681,90
221620,2
113851,26
179007,15
212283,10
212311,5
43482,48
88092,23
197811,14
146501,20
86541,36
166715,20
203381,7
166209,4
180503,12
91927,17
96514,13
237842,3
209657,3
152707,1
215795,1
272641,1
132719,16
6578,83
136192,19
135194,11
268704,1
133421,3
8256,138
135272,19
136694,10
268856,1
267962,1
1089,43730
99114,32043
6,29490
86,4374
2102,1529
1100,5917
16,22298
474,20399
1267,10028
2433,4072
4030,1421
6755,2554
48560,593
84944,5605
90405,7842
122926,9028
189333,4002
1367,10185
81537,3319
135885,387
7617,296
78772,4060
3720,651
8492,843
186953,153
26124,149
26285,681
131180,44
134706,34
142540,82
169670,496
215929,5
275191,94
100515,60
27871,347
95207,1545
131656,613
170897,109
207612,109
6999,550
127040,124
6244,366
26005,147
199340,28
4977,254
760,1058
66547,128
104283,2177
7572,659
92694,533
115629,229
8199,666
2210,649
98838,66
152123,66
207311,354
67420,36
38036,38
73681,181
109671,4
145080,44
129739,76
60599,55
61257,127
199470,137
219573,16
5343,163
97957,226
92600,15
155583,104
190651,26
7182,44
60450,23
175927,2
212893,5
42285,107
142442,16
177579,12
201164,11
231757,5
257809,4
4420,224
200322,378
6827,371
1155,10
233497,25
48374,7
163072,237
104245,474
179059,7
122974,5
173169,22
273083,6
99240,3
2281,102
121457,29
248716,8
72921,44
171023,66
289129,13
33898,38
212383,15
636,38
2685,54
93502,110
210639,11
130498,32
83232,17
85129,43
94748,16
25901,148
177057,13
164837,4
200386,15
171297,16
225129,4
176063,10
184195,21
200032,6
59947,36
195027,6
289291,1
82581,42
225467,4
192431,20
100048,13
214226,3
161165,4
164391,4
174501,8
179045,10
190195,19
190211,3
166143,28
201196,2
106892,29
123361,9
164793,8
140423,15
141976,28
169314,6
172223,34
146254,7
146388,1
148066,2
192525,4
101456,12
116674,13
139779,10
152381,8
146421,18
159492,4
205277,2
123024,12
98845,15
182549,17
232709,1
212381,1
290069,1
114337,7
148070,17
178397,12
184691,10
8009,31
160770,14
100157,22
126935,22
145320,6
209283,3
219776,8
141008,5
160650,17
112938,13
144548,13
148675,17
161976,6
57291,19
183913,22
184515,5
225529,7
164845,3
122627,2
158880,9
128510,34
167506,6
170925,13
173553,8
148232,3
166848,5
187299,16
89872,26
110889,3
145230,3
205935,5
227340,1
163240,4
207984,15
233539,3
147988,5
270744,1
5398,296
133647,23
157789,2
5281,28
4365,18
134344,19
138950,4
267982,2
1952,7513
2520,1588
168,12664
2699,14351
69134,2290
103253,7469
56949,4401
101864,8545
2470,13719
205,1343
852,10937
4220,1296
4565,649
4672,366
5016,1568
5382,724
165549,3452
173369,1479
178061,2587
55442,4278
126919,40
4914,2802
26998,42
201190,6
4570,315
55901,373
82667,1829
195497,1638
204008,2
4966,714
8338,679
117372,143
286605,9
198157,233
90561,22
3813,699
188311,58
116951,480
67501,18
140725,285
5777,312
74624,697
33426,10
88764,27
212971,26
5158,94
2911,93
152065,299
105715,77
114184,215
146944,21
25737,116
115819,61
132846,35
139861,114
194861,42
205369,6
190909,4
26035,10
129372,96
5001,244
80417,9
127082,16
142436,18
168756,8
175711,4
102294,34
149948,4
173823,97
168282,51
240960,4
131027,8
5234,116
160978,13
220540,99
81825,18
7402,88
65935,16
80328,27
107890,17
121171,136
177601,59
197491,164
8753,115
243066,2
27189,32
887,38
65665,38
72846,14
109953,80
192837,9
57940,22
143587,9
144512,21
145955,9
155557,21
150106,3
175469,39
55061,49
217405,4
146024,104
572,36
160018,22
192209,71
49899,16
184359,16
123200,95
26684,119
187703,3
5770,188
56158,57
167372,8
182679,74
175967,8
185665,9
194370,3
225171,44
184235,13
160450,2
129229,33
141926,46
71989,21
110269,6
136642,52
206293,135
88603,6
127246,3
141716,5
168422,3
173717,9
172909,74
224839,2
141570,3
158439,3
203082,5
124857,9
184599,24
273675,24
146218,2
156718,23
212321,4
234199,1
25924,53
89215,5
161274,8
6694,17
197787,20
183149,23
230345,2
207596,6
86308,7
126247,4
130016,26
203817,10
197739,9
200318,9
155397,7
198497,17
131019,18
254034,16
107334,61
178833,4
149526,4
287247,1
124659,7
145335,7
174697,25
179147,5
212447,4
157262,7
174219,5
209395,3
120396,5
171471,4
118290,11
186181,4
224727,10
259079,3
198833,12
39394,35
109987,2
263965,14
263495,174
5167,137
138392,1
2158,207
136546,9
135793,2
136574,4
264844,5
264301,4
136437,12
133417,31
267922,3
1242,13152
3,13134
1218,3132
1380,18926
2877,1848
4091,1599
5004,1068
95309,1868
115828,156
178,504
112421,1158
1834,4733
3700,1106
73290,1780
3908,1261
1082,1912
2422,4032
164200,710
3549,1798
2537,294
201749,886
100611,246
5230,183
5701,55
6826,122
2597,507
3645,637
4738,591
45382,280
58347,1339
115170,1438
56563,504
212088,207
186689,4
103549,185
5056,670
72169,194
81156,1135
284611,18
998,879
2879,1176
170315,8
6219,831
5357,403
60609,484
2481,463
4806,255
3340,312
34032,58
109627,87
90357,310
48584,50
124001,1
133729,55
4588,144
174491,171
7226,95
7564,577
60032,58
77985,19
83415,17
193663,7
194006,236
243034,1
2196,358
130992,43
58452,13
139741,5
139753,3
31502,359
201208,22
972,126
26046,9
180069,7
211492,3
176057,53
121111,134
244894,1
248100,2
107372,9
26185,49
4202,30
170361,52
3509,425
3602,189
187429,34
8818,52
107067,10
79603,18
89043,22
170349,10
209667,24
55343,28
118350,9
147744,19
32705,20
137182,5
166173,8
170028,8
179291,8
292053,1
52845,46
99733,16
141501,10
148820,16
107304,50
272483,98
153794,58
126977,14
151977,9
152874,2
60193,16
1062,80
115915,31
200352,8
195725,20
82606,4
195619,27
195525,3
160454,25
139539,14
140449,4
204254,7
205447,17
120761,12
128810,1
196901,5
119966,76
122733,6
188763,2
164731,7
288135,11
925,96
142,41
257535,2
223910,32
203471,2
166213,26
172029,7
185645,10
187043,11
194062,5
215629,5
146002,89
184801,9
97906,18
116273,2
158659,13
179031,6
223936,9
151216,2
153454,21
165107,5
180427,8
206801,1
216283,5
120274,19
132522,6
189455,19
169304,6
185415,7
288209,9
98378,15
171225,15
68976,40
213247,10
291847,7
5676,4
1749,95
97726,4
142723,6
178481,4
208547,6
253982,1
155080,4
140477,18
26162,13
6878,18
107658,32
189755,9
32954,28
68067,12
171991,22
200286,10
146439,5
164274,5
173741,3
215075,6
145244,2
272471,1
283231,5
196171,13
206641,1
189721,6
4013,41
153100,5
134763,5
135432,6
131638,6
262759,55
134810,7
140056,9
133581,19
267166,2
267006,1
267936,1
4993,73122
49272,27689
86295,1264
8784,13860
1130,2234
308,5896
1627,2795
3893,4907
5325,1183
6334,196
6764,2603
33677,218
34153,1064
1956,4707
328,2594
2852,1130
78316,1400
71530,3764
33903,1200
2040,837
78041,957
1410,764
1783,1301
867,345
1646,884
2292,216
3557,713
8800,688
66915,160
188751,704
5983,225
73829,138
174423,105
253972,246
3659,178
94325,667
1934,1038
32589,328
40412,724
176935,662
109183,64
172117,43
71466,679
4944,157
242268,19
5359,307
85016,185
49815,251
6840,190
4831,127
151577,21
6579,478
5381,103
180129,42
196641,4
43022,122
78856,44
101756,34
128618,13
150592,8
102088,312
254614,73
141982,19
3413,55
92174,11
93418,48
233911,1
115973,88
167568,14
123477,25
94494,30
172439,25
222753,5
280208,3
31950,201
233689,43
58146,103
6416,184
5862,116
26399,122
59602,35
81027,22
164314,8
170026,20
74493,16
188505,95
165635,45
26104,51
201704,34
211708,10
32520,26
190801,7
228853,5
3890,9
6053,49
199101,99
115975,12
175903,10
191517,13
158619,21
100077,19
212943,2
230195,1
232365,3
69670,11
75825,28
137090,12
140239,36
212389,31
112070,314
55875,30
259337,40
196191,75
2831,83
131004,20
291483,1
5790,39
152350,6
152900,3
142374,58
91395,12
144604,19
275483,74
162880,10
127274,5
46957,31
148282,12
182197,8
278418,11
208435,28
209913,30
149786,12
67607,46
178683,10
47117,59
116441,17
114072,4
97196,22
97946,75
110221,4
117340,8
143500,8
187735,3
122009,3
130976,112
71525,12
185643,4
124043,7
291693,3
183139,22
164843,6
142338,15
203112,7
171541,54
204776,6
216845,18
191899,4
288165,3
105765,7
176783,11
5031,38
190307,18
37626,70
154278,12
173843,4
92062,2
223602,4
202661,3
151727,3
113449,8
147260,42
163997,13
129725,5
161492,2
195703,8
235647,4
99792,7
174107,11
174121,4
166580,5
143379,4
123532,9
221434,4
226954,5
247280,2
170537,34
181643,8
218891,4
271307,6
171479,17
166570,6
186515,13
69503,15
263409,17
264536,24
136519,18
135837,5
267366,27
839,4156
6711,26273
1997,18245
8666,2969
39446,5518
2161,12497
112171,4442
3983,3164
4681,2407
20,4306
429,1552
1275,13311
2686,6145
3708,1626
7034,2104
39444,1891
3415,1266
3925,1519
27728,2124
2391,7098
112290,5513
5120,1730
164,4541
2577,243
43679,2137
50445,445
8225,863
44225,622
26242,1468
3167,1173
8405,511
166595,3
188387,12
212891,7
4645,465
8578,277
137595,346
194762,253
201847,13
3115,709
96121,329
161852,80
204064,32
165699,477
40,880
7208,287
103543,117
86142,1114
127319,289
5724,36
200252,4
6886,308
81673,31
52042,1257
52579,1145
1988,339
101893,222
259265,283
7791,409
7894,535
269426,336
27509,85
44674,53
33021,66
79802,19
82633,151
88452,17
90843,26
128695,74
170801,9
237952,2
214780,3
140565,34
6506,261
141474,20
4347,245
4729,147
169486,7
187131,6
278194,2
175797,32
284051,3
138344,6
145602,2
137553,9
8615,66
194200,89
194222,31
26394,128
31785,183
77883,7
164513,10
178041,9
132381,83
144398,49
80054,15
470,472
5520,36
96407,69
120759,13
189125,22
216107,39
112434,35
5933,160
174013,7
214959,5
226702,11
26675,74
68884,29
130644,51
187493,29
3667,139
152356,11
147432,34
209459,32
73027,177
34129,134
211982,18
272125,10
71390,109
1636,80
216803,9
271585,36
230705,13
196239,16
162632,35
33988,43
121699,11
72287,25
79828,16
136822,11
284495,1
101428,21
126801,15
189767,4
3314,38
224657,8
173709,22
171021,7
147591,1
172239,3
186175,2
135813,7
177075,3
87874,8
160354,5
286595,12
182427,9
201014,2
203603,6
203633,5
221610,6
78181,14
173551,3
220900,4
258159,1
193771,68
152934,5
279500,18
128701,3
207069,4
218593,5
239630,9
280188,2
32225,17
280060,1
171111,50
115897,5
213551,25
3195,8
168434,25
88310,20
119754,9
188769,14
184071,29
199227,10
163643,3
174131,2
233617,3
84098,12
119973,7
192747,3
217821,2
264259,26
26198,220
4094,94
133371,33
131880,35
25832,22
27743,32
500,39296
3793,40334
4562,402
5445,38446
30816,3084
37853,832
1171,3359
2193,10683
4355,459
5971,13556
60126,4652
70533,866
1353,2215
2351,1631
5339,1308
169,3514
2729,3913
54732,981
61352,904
144976,1228
3764,1040
27518,202
80844,361
147053,8
186681,3
6781,87
7128,229
89343,687
159735,10
201737,324
206272,155
106452,725
55620,170
65868,519
5818,333
6900,209
8930,424
68868,39
26886,34
6243,466
81817,296
122749,14
106421,39
5914,254
60336,113
242008,1
44189,114
62577,229
72104,200
100440,177
128604,246
97470,78
104321,41
170151,137
178961,23
76054,197
128508,25
169180,33
221622,2
53143,95
81403,79
177501,25
195561,126
254722,103
120130,259
52237,36
121451,7
67748,46
187121,5
90268,92
151459,85
78099,19
217397,7
279644,9
282907,4
156025,100
109635,29
5538,411
46561,41
90273,4
83912,44
195931,44
83184,46
152575,36
156791,24
192953,51
112299,18
279138,30
1349,123
258671,80
200138,14
123159,38
92606,53
155119,20
190481,10
203473,4
62972,29
122300,37
273443,21
189163,12
183607,10
6745,64
214186,8
200676,2
144574,16
291827,1
186599,6
175367,4
229721,3
151433,14
204734,1
170016,2
198513,3
225699,2
119171,28
260933,4
4905,25
88327,16
108968,4
147134,5
173141,9
195385,16
177337,16
41688,41
124517,6
2326,48
60133,57
83529,18
107901,17
185651,6
270330,1
146130,1
146152,10
153560,2
187979,18
212565,8
253310,33
121475,10
144366,17
148452,5
170369,32
216125,6
237530,16
159462,21
166641,2
199654,2
202391,11
206672,5
99108,28
7775,38
240868,3
217053,3
275331,1
90876,37
158958,33
33292,15
226342,1
260757,1
277664,1
147264,17
185935,5
202127,1
218651,2
192797,25
52202,30
84523,33
185429,18
159799,21
109773,13
179923,16
183623,2
187855,2
208114,8
117424,10
138432,7
135971,25
7349,129
132100,3
271110,2
132747,12
157336,5
51925,988
59369,16133
192385,2825
1994,11366
2808,4759
479,1293
2026,1334
2736,1462
3539,456
4012,593
5247,1746
5424,149
5444,9472
5461,141
5485,510
5577,2909
6268,481
43396,1906
97921,13576
114935,6103
166643,5669
278702,2127
91976,2393
7046,2381
4644,647
104303,791
2681,463
158571,11
100163,1769
7178,722
1461,2869
2071,1439
4991,466
6050,79
6756,133
6980,128
79987,123
211524,4
182631,4
147831,114
148667,679
163981,108
176567,993
194400,747
210571,253
126186,2
4620,350
27246,92
2880,653
167838,60
157361,431
136754,23
53788,146
56389,716
2519,1043
6961,265
286401,2
25934,86
36363,796
151675,80
70927,75
93982,493
189071,149
1444,134
32875,117
283,240
157338,387
78264,515
83525,193
159813,38
4352,232
8201,114
121255,32
166494,28
104337,909
251396,42
82917,10
158819,7
359,275
6775,91
167728,8
25797,155
63758,10
104733,26
188635,20
211466,1
281778,2
154486,17
283545,2
8761,96
189493,4
279306,80
164655,70
129362,77
204098,10
6275,24
27171,26
1144,163
6824,45
205625,3
205751,1
247330,2
209479,11
78132,11
121192,11
144068,7
8896,59
33921,9
185545,160
32632,100
145142,56
4258,21
118274,2
182381,4
224777,1
217121,3
178063,120
187725,42
31049,48
108797,63
170949,96
92165,30
194660,4
199586,4
27044,67
66437,8
139,41
53152,27
179803,4
185081,16
287609,52
3419,53
6655,43
83227,16
140237,32
79501,12
109151,14
26095,37
160010,33
126142,18
139195,61
72334,40
145869,1
169674,1
189797,3
32166,19
31004,13
141094,1
125111,2
187433,10
206036,20
270464,1
277011,18
152994,3
161604,25
70802,120
109399,24
223007,20
100538,30
199275,4
218385,19
67983,39
210547,30
65909,3
7490,57
155758,13
121917,8
208152,8
169204,44
5338,24
43628,10
49644,27
79528,44
204712,11
249682,4
113855,6
169972,15
127957,3
128906,12
144600,9
192425,2
152952,5
26991,12
124855,9
159036,12
176165,8
169724,2
173143,23
275453,3
113906,35
160058,1
155906,2
273635,3
27277,10
147154,1
189505,4
201670,1
131102,24
270280,1
132418,21
270402,1
264057,10
135210,5
2712,19727
4995,41139
37380,2309
43836,1995
4510,73
104211,5688
162606,4370
340,1499
431,10266
1021,3890
1245,7280
3625,68
3791,4215
4564,1213
4639,4453
5237,839
46976,11865
76077,4203
114662,6578
122900,10595
3439,3027
62553,443
73266,1367
7070,724
105468,1538
111626,12
6963,465
158045,2
6992,562
33564,302
122902,1696
73881,2147
190555,2005
6172,54
139857,334
7759,603
74787,441
25744,270
31270,429
56169,615
88932,1023
281688,2
1670,733
3497,415
692,931
260667,1539
135532,978
881,1183
94985,933
73015,1434
98296,213
179709,169
213423,35
25995,242
73488,166
188679,191
2837,203
59026,531
5564,821
44494,126
241598,24
4279,276
7009,724
73872,10
295,467
207632,121
7705,297
86204,14
6452,278
116463,17
69387,19
69934,170
93842,101
117198,11
2849,201
5887,60
2185,416
25738,70
50541,59
60745,69
126793,5
181973,12
275085,34
145761,17
183747,3
68263,123
214454,11
139922,3
182789,3
25795,182
117368,132
109153,25
4807,161
980,144
6020,119
1335,229
156773,43
5373,429
87802,22
170943,83
159095,5
198619,97
200324,62
207075,35
184689,37
26842,148
101717,17
1538,129
4314,61
6161,55
99364,15
61136,67
84740,14
105926,7
161171,24
8903,114
221016,27
87302,46
185681,4
193932,9
46848,49
94675,82
98400,72
44861,26
230099,4
140417,9
176017,7
182407,43
188817,11
200410,13
286861,7
126961,4
119220,3
158862,22
27454,10
50488,20
187629,9
164485,3
90066,28
228793,3
106074,6
114400,5
126420,57
144964,10
148101,10
180101,2
186873,8
8378,183
166498,23
8680,90
170006,7
282401,32
141088,1
116586,9
168982,8
186523,3
237240,52
146096,1
191781,20
192359,38
85014,19
215203,36
218633,1
220846,6
59044,11
167658,4
193275,4
193261,7
276587,9
280056,8
40589,24
73339,15
178981,11
158641,2
157350,8
89707,24
143715,28
177187,11
190237,4
79238,17
184629,11
115160,16
172567,3
72290,25
79638,15
234977,2
276375,1
161586,73
165719,14
241958,4
203373,10
53855,29
95133,60
171743,10
125630,19
169184,9
194716,3
152916,6
116827,5
122435,9
203869,4
192519,2
133195,866
2695,107
135444,30
133437,22
135619,17
132178,15
134601,75
266786,65
136866,5
136882,1
135657,6
136162,3
136855,2
377,47210
432,13005
7981,3041
49649,2599
98809,16149
136020,5513
33004,12859
102481,2235
1394,18065
122914,11811
94,4186
2867,2730
3863,9750
5817,236
6322,1248
6595,3954
175569,3304
53161,576
1273,3267
2560,1832
51847,131
3120,982
3690,802
4504,218
250,1105
3067,3157
3529,1105
5206,91
5510,41
33669,1794
145937,3
1301,4273
4176,125
56003,642
88118,353
171769,87
205054,678
211243,59
212869,242
176933,934
84128,49
93422,189
139034,10
91660,423
104431,124
58627,660
6239,790
112245,77
220854,151
71325,314
7411,38
114494,554
27005,281
4001,180
4118,100
8147,605
50796,277
5591,190
42900,229
73276,97
87103,15
136247,213
137759,29
582,135
178907,174
88108,364
175795,112
212849,6
212833,127
4615,227
5937,196
32974,35
67370,38
75947,57
130083,117
168166,27
182759,7
229699,27
32493,81
104920,63
142695,14
26732,111
185767,16
5440,471
73457,30
195481,2
199776,3
223310,23
104590,32
123633,1
169814,56
123097,11
175765,35
197397,19
202399,17
192265,88
149624,1
1455,177
223906,4
201300,11
8700,99
71522,20
102115,6
104526,2
195051,15
4038,138
117121,48
165179,69
179701,55
132650,83
72683,26
81690,16
173587,12
205727,2
226290,29
70366,72
133305,12
136920,22
155137,16
97908,111
122948,46
232731,38
250364,59
26371,121
96753,23
152689,10
217129,2
278824,117
402,59
152479,9
210327,9
280450,8
4074,90
168130,30
204582,14
72552,30
60618,26
197303,13
32719,30
184041,4
187303,9
198507,3
77143,20
71268,48
288733,3
286529,18
116301,17
144354,17
148268,2
278676,3
115943,50
126733,44
121188,17
122527,18
146112,7
166665,11
138580,7
8055,36
47805,100
169894,9
95969,13
158322,9
159211,6
172295,9
193419,3
26216,10
86717,14
125549,10
130382,20
202455,4
211914,11
122264,6
97070,3
209757,3
146724,3
67603,16
140615,3
215025,2
227630,3
185153,2
85270,21
171309,6
141912,25
174241,26
110921,15
130388,10
149164,18
142482,27
216378,2
144330,10
144374,21
144394,10
191243,4
78961,18
182433,15
175977,13
73919,8
141000,4
148877,11
167514,12
175361,6
165567,9
106592,3
122663,14
105236,19
138732,1
90853,6
103078,6
182255,5
267974,1
110599,3
195607,1
172431,11
193043,2
105560,7
8453,43
8206,97
133175,12
133529,2
5551,47
3699,4491
8957,12829
920,16824
33830,1041
91630,9542
7669,3088
3489,11443
36517,5106
78349,2093
2384,5884
57,2451
5324,779
5553,1142
6002,396
7980,1476
8807,7269
76093,20142
203322,1129
62849,3909
84637,876
2885,531
5246,642
6328,55
8532,509
31424,611
206499,389
149354,717
186587,984
119190,22
6734,626
7028,807
109472,147
201628,13
265066,25
284193,65
187507,25
3709,758
253128,54
136598,908
8742,29
92264,323
31545,360
70984,396
241960,110
118898,943
104441,395
6779,354
208289,671
63836,34
141942,44
133583,44
103990,17
26340,385
143547,104
71460,180
570,232
41336,75
77353,60
110104,27
131457,41
148280,91
164107,152
268722,4
101260,165
228795,8
98361,405
3399,594
2653,249
72216,13
215089,43
122770,35
189211,3
214434,12
273755,3
1026,133
113080,43
152844,24
38097,231
96836,11
229799,7
121316,54
171467,81
159771,37
195365,21
196463,3
266666,1
143309,83
2489,19
1628,41
129340,21
129342,18
212359,17
289611,1
27742,37
114984,9
119689,19
125323,9
130682,15
148388,19
177191,4
97699,32
224845,13
129773,57
173665,14
270542,10
145958,3
4137,87
95578,3
130442,36
2343,22
160555,49
82682,16
85987,42
182363,4
41974,22
157132,31
181669,3
201917,6
168892,5
171177,25
215053,7
291857,19
6091,82
244304,3
284111,24
147142,34
107546,8
205128,70
142218,24
169850,18
197415,16
219553,1
118484,4
162586,11
166908,6
203797,4
271435,1
84777,37
166850,1
141096,2
6088,43
150655,14
164735,93
172211,5
184705,7
225896,10
275283,4
27777,5
147037,7
57655,66
129348,7
168150,7
250676,3
123739,3
159500,2
180687,4
204212,23
214542,17
216205,8
177115,19
81142,16
95521,23
158753,1
226158,1
155721,9
128009,13
276911,20
207854,12
155565,3
868,91
212623,8
166872,8
146042,8
170543,3
144746,15
187995,8
289733,2
242674,2
168558,6
165009,15
167294,1
254987,1
203453,5
217013,3
149001,5
132480,1783
132954,19
265612,26
138382,1
132106,23
264255,6
139873,7
266426,3
134240,24
133780,44
132688,6
135673,4
5492,39
1968,29669
2694,11737
5541,4230
116797,24460
152079,1344
69844,21033
647,8207
2405,6760
6197,1297
6308,520
33162,5210
72733,2367
89904,3725
171763,9259
53550,1615
1615,2846
58490,691
4166,663
78335,70
4544,1816
44399,330
3932,1750
85401,1136
115071,97
161024,129
197615,7
6959,1297
7177,360
58492,213
217655,1908
7019,341
6978,918
3871,2060
1113,1092
3613,362
4852,252
240824,3
101079,69
2464,176
47254,501
221196,50
8374,63
60503,192
159195,563
171133,9
26160,148
179901,75
2782,780
51573,318
197379,183
6583,201
7110,58
27263,33
55826,18
96510,76
121465,15
151345,239
203565,2
240340,10
7006,117
116779,24
966,136
2666,122
141485,17
6032,267
83763,34
226612,3
281314,1
164635,11
194799,16
4781,81
132648,44
208577,5
283537,2
209313,15
47202,262
99795,75
251256,10
185479,4
135184,65
27740,34
115439,15
157178,5
40457,50
108243,62
148978,35
155066,17
146006,60
72612,51
191193,2
191831,2
175217,14
7523,113
26566,71
52813,63
26765,90
171555,11
76272,111
177037,11
182645,6
171923,5
278360,19
123223,9
199418,4
179211,25
154348,41
154462,11
99636,115
160279,9
167988,4
148480,36
161752,4
39625,12
170191,44
218971,5
72094,8
99502,30
6086,43
7657,144
115907,19
154628,12
172869,6
110813,27
5948,28
152019,30
181073,7
201262,8
275209,6
80777,22
153008,4
101383,7
279714,19
222159,9
137349,2
162252,4
178105,3
180769,18
158876,12
184233,28
216354,8
190937,10
68524,10
213984,5
232415,1
185139,2
217332,4
181261,4
32389,21
167520,19
169498,15
164129,4
148705,10
277306,1
173733,9
171781,16
198857,13
127859,8
125365,6
118906,5
151635,4
259533,1
128249,7
190539,5
97688,6
133165,70
26241,288
134775,90
270544,2
5274,42
289239,1
1467,31
5467,49
139889,3
306,8183
923,22920
339,24940
292,27883
919,29260
1517,27589
5507,7344
68157,34888
3996,33343
3269,3452
3388,2313
4846,1457
5347,149
54736,2211
226202,2130
1251,4322
3649,1518
90376,2611
113780,1005
106195,263
84772,4686
162478,456
4356,1716
89774,4486
1355,883
4603,446
54745,500
2177,723
100302,865
171611,155
198789,18
109181,179
7301,303
174711,47
213397,1383
97175,42
142074,442
180555,193
230723,96
282799,38
3506,727
6472,38
3324,1125
189885,746
7581,223
65603,22
260243,841
106852,50
127044,74
2651,453
25929,194
72249,87
117129,36
131062,6
153438,8
211592,4
226746,43
234318,2
56633,203
944,1137
1069,876
142158,119
54290,253
47404,416
134515,38
143866,10
33193,62
68115,33
81072,11
88646,59
283947,1
3012,130
150280,7
140084,13
175433,14
241294,35
79475,13
88049,17
160660,3
8992,45
128673,9
189361,8
199065,31
120853,114
148036,170
7280,159
6302,44
8611,74
136894,45
98570,56
69284,47
157274,211
106762,174
189167,5
983,21
116155,65
181503,8
33801,77
96868,52
69361,31
155627,36
159998,2
205685,10
82669,25
97971,10
145787,15
151593,76
187085,49
204558,85
156081,11
101583,10
277588,23
278084,80
79228,36
188023,4
149594,6
111647,27
154656,11
210767,8
60384,53
26744,83
157134,10
173949,9
175411,15
194088,14
155549,9
77742,8
184941,35
282999,71
123589,70
139616,3
25966,41
164210,2
93212,142
91028,10
26175,24
116831,40
129646,11
170895,2
172509,6
195123,6
65051,14
49571,71
172257,9
103120,31
123715,11
153802,1
156712,9
86079,11
279506,12
86463,20
122817,14
173211,6
197967,3
221380,1
259921,6
41434,19
6846,32
68647,5
100505,18
7739,53
206887,73
57695,76
6738,25
230617,2
206885,7
26416,14
91218,5
118868,12
219085,1
276971,1
184455,4
128888,3
193866,15
73390,22
215069,6
144322,11
211620,6
200800,7
82326,5
180695,7
248894,1
175817,3
282603,9
148097,9
200668,34
56515,31
154037,2
65930,4
236949,3
676,28
27800,486
132112,162
135127,88
8790,24
7231,35
4157,76
131241,28
131846,3
137206,2
134747,24
2232,9216
1917,26671
1499,6943
74458,29096
93805,1181
969,11693
64969,8294
115617,15680
54,1057
1028,17710
2014,1996
2779,2446
3810,357
3827,6266
3858,911
3969,7766
4221,611
5225,6719
6027,551
6216,719
7090,9744
42602,30
3730,5693
3309,249
4928,884
49647,914
7101,1281
7449,561
130684,226
132630,147
26858,60
25752,151
55278,362
56167,213
163488,8
186737,1
26492,681
4399,225
164367,674
165353,111
200300,64
209333,53
231807,1
279182,456
172889,160
203222,1207
205134,30
244368,81
157270,89
48741,203
242204,401
106236,86
190391,9
129451,17
78703,387
55732,413
5555,323
97870,440
32728,190
112087,404
75813,399
42710,69
104870,13
50742,362
90863,217
6994,295
27273,8
103114,8
161032,79
190179,12
68872,111
240154,1
59107,156
4692,373
120,155
98217,19
128267,12
72035,115
64522,25
223994,4
231155,7
245344,69
287443,3
81164,161
174031,28
84234,80
122347,12
197989,10
223141,13
41820,20
149780,2
85278,26
157432,63
164397,29
211698,8
26432,36
197881,207
192375,50
5148,49
4136,78
8263,73
31408,172
3757,151
131726,16
69088,125
103966,12
203204,12
247328,3
6656,59
7952,41
118826,7
139731,16
147781,19
225709,43
9008,71
286219,12
39402,40
60135,46
43923,141
559,55
6017,96
157773,3
177229,20
254881,4
102012,7
47736,29
96638,21
202781,8
116231,8
161936,5
142955,6
172649,5
57236,14
161141,2
4631,56
256557,5
170479,4
6719,42
128918,61
27640,22
61285,30
64845,26
120446,6
121113,39
173099,12
187353,12
83430,10
146162,2
146262,6
147362,30
108253,11
157352,12
94412,30
143185,5
195555,6
200274,3
200686,54
215311,9
222759,4
227713,3
47665,21
255757,2
211538,1
103190,15
126405,52
202699,16
140166,9
106549,5
159245,2
204940,6
116479,5
161796,15
184345,19
199998,26
165891,10
118734,18
46372,9
166691,4
177827,6
199772,13
255863,2
134791,10
131620,16
7309,56
134593,15
262407,1
135581,8
131437,15
268282,1
139899,4
135751,13
2640,16890
45880,2151
46578,25057
167738,627
3967,10736
279412,359
209595,51
491,5538
1191,1638
2245,5144
2485,6795
4125,473
5039,1033
5466,191
6323,7675
6370,1433
161582,4099
111387,313
36276,1594
7362,1445
3534,5357
168250,11679
1665,4193
58306,771
67788,1445
4557,1031
5103,4567
265432,238
33164,1600
2618,1384
7220,99
144620,807
186333,25
196707,61
196895,216
198781,69
8740,143
26064,367
2613,1639
32914,282
135613,18
196053,20
232587,1
165069,81
8363,443
129937,775
27802,237
203224,211
3726,1347
31956,183
4425,225
212929,11
3759,276
140805,148
8848,370
6403,255
3833,362
59463,16
143341,14
151781,208
176755,2
186985,192
191469,346
213666,75
75983,186
8718,174
197771,74
634,354
252710,283
7703,44
5086,82
6182,94
3049,240
26448,56
32387,344
25945,157
49359,111
69500,13
159271,7
208613,1
219982,1
176753,44
74111,110
202811,6
209257,8
40831,15
152007,2
163480,6
165205,12
156781,56
6181,161
89846,172
211566,4
263481,351
5189,156
72874,51
58309,39
26873,53
192149,7
97031,24
122495,13
143874,16
177587,34
192891,4
233967,40
278270,36
280890,52
172589,131
290089,7
2223,47
142106,15
130347,65
141676,151
196317,28
177141,3
195071,25
192755,21
139078,6
160444,4
91762,48
170937,75
81684,30
26353,14
259871,8
172163,19
173703,8
197351,16
198913,3
122577,8
198089,1
203833,3
287397,38
88168,16
91509,19
166552,2
172273,12
191561,2
198197,5
227989,5
188431,5
125263,10
133691,16
159628,13
270470,1
146260,13
154478,1
199428,3
147206,32
172105,36
175401,32
26615,23
184831,17
280464,1
170793,5
273275,11
101305,13
194530,39
196503,13
198155,17
208627,10
289983,8
25878,41
96571,9
190897,1
71717,32
185155,4
168134,25
58740,39
101413,32
149112,13
181889,6
210963,3
164413,2
180131,11
196703,5
117442,49
115682,2
279548,3
142232,5
279804,5
120294,27
136046,25
135789,20
133665,2
135757,2
135769,39
265100,1
3034,6799
235,17428
4226,53658
79132,57931
45501,2878
71379,3735
117590,2075
88125,20227
1605,951
1701,3369
2412,4186
4159,1746
4765,561
30850,849
79592,4833
87192,1948
89492,11259
197883,1172
285593,980
1951,2503
74754,1179
136586,14
108729,3109
5096,792
8039,560
7102,931
4976,850
5147,2828
6293,129
3232,290
26750,407
184169,42
195161,687
88356,836
1551,323
89427,95
112818,1182
226280,142
175379,11
96655,1306
5638,515
26252,150
8092,91
3350,907
34482,176
4043,425
8834,40
59260,112
4839,103
51660,308
200814,216
74864,109
83293,161
126008,74
109769,166
202575,342
287377,147
224925,3
7408,66
160854,3
146668,55
173135,6
214550,14
846,414
151703,44
26513,338
2646,238
68858,62
183779,4
33098,28
7112,81
95007,34
157955,2
161554,5
165223,12
280036,1
74653,77
144504,18
4832,67
197813,35
252328,7
283481,3
283487,3
283493,2
172511,91
138358,3
6520,60
171745,28
147662,11
8481,97
71482,27
142913,4
5716,29
112955,20
285981,15
200598,95
26148,285
252932,104
204624,18
208821,4
213590,4
115867,7
82139,8
112751,14
156547,32
280976,19
237119,31
26433,31
219711,4
66118,24
81305,41
3473,113
56511,66
56508,133
203296,57
92804,52
167644,36
222248,20
158611,15
871,59
216673,4
98633,34
42548,49
82313,31
620,47
169954,47
211209,2
191233,8
153652,2
106877,15
112074,5
123347,14
178013,10
178085,56
68831,18
209801,7
146279,44
142685,6
58033,5
106397,8
196665,16
155133,18
91834,17
139020,22
176505,17
176761,17
125403,3
142018,3
142486,16
151463,2
6043,28
194584,8
173109,14
204844,2
205271,5
206297,8
209583,9
210169,1
218897,13
141767,9
176005,19
71143,16
83468,24
117690,6
121436,7
180765,2
250470,1
292021,1
163124,19
122960,4
283241,8
218695,6
159221,7
179645,9
201813,8
204760,1
162866,6
112173,23
51535,4
171563,7
3084,20
127441,80
205949,4
73125,13
210751,4
124785,1
260499,2
174687,8
189147,2
96,487
133207,30
267262,20
135759,30
5545,33
134334,60
135304,3
267744,5
134785,22
133107,2
27135,15
776,47
136932,25
268008,1
5954,6332
3702,11801
27660,5265
57401,403
1032,9981
4027,29593
1029,10545
1464,5798
2447,3194
7161,2760
26704,386
55110,114
3075,1720
3683,6467
177689,2214
4024,670
51088,498
72386,599
1518,3330
277028,289
31923,753
226270,2122
6436,958
50274,346
452,1188
141702,194
186717,4
3632,503
84496,20
85796,620
89356,209
75395,593
103299,258
166655,235
206845,365
221396,291
280690,11
5890,817
1167,877
65685,961
180161,72
157122,727
840,708
2477,335
2535,751
6126,205
3663,252
241638,16
77421,450
73858,33
8044,377
86583,14
199207,182
107412,384
67801,245
79541,156
6430,192
108575,42
185235,8
135168,38
216671,99
221816,10
732,237
32659,73
181601,111
40755,59
128924,50
169400,140
162086,10
199350,93
207688,16
232449,2
283549,3
111661,191
157544,3
182403,19
5036,247
8993,53
157891,21
156362,3
159405,12
31362,54
194238,96
123735,6
109282,36
150657,24
220578,2
6127,125
199247,9
215163,23
3001,82
284187,7
27297,30
33247,39
100138,41
152189,21
6325,226
119685,20
142236,13
152972,8
160484,6
281028,1
7528,21
196773,27
93467,30
71246,65
133295,30
134613,6
245180,1
261129,6
6160,78
185057,3
236309,38
6608,11
36247,21
7578,117
207417,18
170731,13
3458,25
203060,7
210735,2
254100,40
193503,7
128552,19
164375,17
171043,4
185427,21
189635,2
208170,6
5203,79
110190,2
165927,41
26889,15
54505,43
190623,25
177987,8
130374,32
167964,42
204730,4
8455,18
181135,13
45329,35
202483,1
204766,6
206533,5
218085,14
228961,3
106431,17
181277,31
187709,13
234450,12
116903,24
239250,14
120309,8
229401,1
149709,11
26312,13
290775,1
120317,20
154268,40
185297,11
250288,6
80761,17
197025,20
257867,7
82271,6
168332,15
171819,12
176883,20
283763,21
172985,4
177949,5
106004,8
157100,25
261505,1
272363,1
193263,2
196009,5
212225,54
163506,3
5526,310
267606,2
268708,2
135095,3
264253,5
134286,1
135474,2
136198,12
138952,45
133695,29
8652,28
2224,31
266252,1
134798,2
132735,12
48,15667
5010,17083
2803,5689
70286,24808
94478,2434
68793,3333
52973,11104
266,17820
507,3565
544,2320
650,1360
2375,4217
2458,921
6252,788
6541,8195
276151,260
6193,380
2203,2785
162602,1493
4508,1551
1835,6133
27391,256
6751,447
96432,1553
101112,1955
8012,731
71743,16
1930,97
3364,1247
191261,10
86725,50
89074,274
129370,369
141718,235
177023,12
178447,159
185989,246
269820,303
276757,43
157839,6
8690,763
8702,68
113350,65
4529,746
3894,162
247060,1
26939,375
241310,13
242262,3
7832,262
126927,61
214320,100
7272,189
30791,153
213405,6
276441,1
6990,482
7157,230
7108,135
107039,4
122423,19
155374,2
98246,40
123943,17
223468,25
151723,18
216905,1
235317,8
238184,3
246668,2
115357,10
144516,20
128558,28
190367,39
94044,21
120462,27
138480,12
6245,200
6600,58
7191,89
8653,28
27816,430
89206,20
157276,167
8381,55
6665,240
25759,106
149428,11
105531,80
71542,216
182379,7
107675,16
183151,136
166755,48
154400,13
188765,11
53375,71
162968,69
126727,12
113370,23
169132,6
2740,80
151671,18
109008,8
183259,6
123184,2
6261,93
130038,10
5657,173
251268,12
39421,99
185275,11
281454,8
160446,6
82705,13
187477,1
198797,10
102989,34
274049,1
280364,1
60147,43
79580,7
118228,1
120574,39
31847,36
6676,95
149719,14
252820,2
166958,61
160145,26
167766,20
173921,22
167970,8
206686,26
78186,29
92461,36
177195,18
251906,8
63788,43
140637,4
186539,36
200248,3
203230,8
218581,1
227711,4
107004,27
188197,2
195421,5
229549,1
243714,19
33142,3
275329,1
2602,66
257551,18
82680,16
276601,10
101472,2
206060,1
25822,59
154816,7
212313,5
116704,13
148056,19
185599,2
106501,19
41721,104
154884,11
98200,15
164111,17
112279,29
167508,13
190011,7
88670,19
161206,19
171817,11
101636,2
117462,12
119308,2
176347,12
116000,6
125561,4
165091,7
194272,5
202838,2
128715,18
195231,4
133933,13
262663,4
1811,88
135434,7
2985,18396
1407,19963
8360,26102
53121,6368
5,13154
6155,7738
163,16327
191,1759
1711,4923
3249,2858
6974,986
33421,208
201773,5724
73321,8038
69436,1618
84615,550
1087,268
42734,1849
268,749
146656,3239
5694,503
1855,832
4212,810
7037,301
110407,469
168636,67
194696,243
63479,1240
88785,1264
143959,14
130628,172
3937,716
3135,1499
58706,138
7223,439
85295,89
168370,29
210849,258
4543,334
57792,186
7914,95
8273,221
2368,438
241510,17
243398,4
27031,37
94931,406
116411,338
45508,30
48264,25
93297,554
134720,7
110134,37
128930,18
145731,11
58743,95
47634,198
86028,128
102557,35
192109,202
81158,682
1341,467
5392,305
6529,19
6386,103
199830,8
2128,257
188885,10
8601,230
42152,40
93367,22
116927,5
235025,1
252986,2
26417,81
182813,20
27606,15
111403,28
186863,204
275161,64
173633,14
151802,7
162470,35
6610,126
69908,29
142564,9
157164,28
81568,102
4244,70
241452,2
263587,1
1360,68
32385,63
61373,79
103523,14
224841,19
152834,4
4739,39
25743,19
78122,91
105620,32
60341,129
27307,6
161804,11
213503,17
290407,57
187463,42
274779,100
201763,14
173627,57
163881,22
65290,17
168534,4
189447,11
226204,29
120903,7
151697,11
183821,2
164749,19
193783,22
155437,5
97966,80
112637,13
123294,43
150598,3
165611,9
195535,4
221234,32
89999,10
143912,4
175177,7
186351,26
208499,3
146072,3
153826,2
6098,44
220146,4
83585,19
114888,15
198495,5
204018,52
280128,1
198683,9
202051,15
142117,27
242210,22
173891,29
210479,35
82452,13
26483,62
162672,15
88138,22
120468,91
161928,14
237982,8
189043,21
215745,1
229081,2
240074,1
276287,1
194474,16
74480,36
83575,11
49926,24
286483,3
245284,6
6914,35
213850,5
143496,6
166986,2
175063,12
225465,2
174349,6
161408,2
167676,12
255009,1
253302,3
195273,6
133149,42
269030,4
138396,5
134843,25
4751,99
270720,112
263047,36
135170,16
135601,67
266900,19
134625,15
288283,3
5176,16
5132,14
132596,5
1357,8341
2268,19616
7317,4824
60040,7884
96610,14824
709,3214
1010,2699
2072,3918
2252,1730
3552,11006
5625,621
6710,364
6884,438
49130,1076
143345,2649
1232,3905
3677,2175
2437,868
5824,175
7158,2937
6879,4074
3007,2298
46062,1825
63826,455
4703,1808
66659,142
7757,977
27912,688
163809,1397
279,923
43333,385
130686,433
258,1807
1806,1159
47261,260
166591,6
34306,34
203904,217
5546,188
44828,1503
128366,53
133832,280
179491,190
258279,74
276137,88
5311,261
959,429
2499,384
5736,201
95484,22
100507,446
259035,105
60551,71
4454,321
91505,158
150022,7
159123,3
4660,100
131050,286
8832,153
27722,417
77326,53
95000,16
114433,11
139938,15
6801,145
175579,72
8705,31
171805,25
169404,20
207461,1
212975,2
268800,12
165843,27
118512,59
214460,8
277890,28
26147,89
184315,50
8876,18
8941,139
73515,58
78445,61
31700,280
8829,39
283577,125
70740,14
205631,3
272865,2
272881,1
59131,33
163561,17
220504,19
134851,78
185253,3
199634,21
102590,31
2197,164
211832,2
31549,65
132180,10
189773,2
2824,129
148938,16
26110,35
206018,39
144984,33
182557,97
127234,31
203128,3
151615,6
218619,3
91169,16
203950,10
107085,19
109858,9
128784,3
151917,1
186135,7
194138,3
192219,7
25861,23
279770,13
97397,27
205329,82
207856,36
236215,3
115291,31
226572,8
146370,3
150342,47
134963,9
173619,56
179219,12
125439,5
207918,6
5057,74
125896,23
197473,2
216791,13
118832,10
194728,18
150322,34
255989,2
34185,12
104266,5
125057,5
132872,2
175595,12
245212,9
245760,1
158755,4
185129,2
161121,7
192001,40
73774,19
149180,14
181691,8
141860,4
203262,4
148040,22
92845,7
126074,40
189923,19
208913,4
93014,34
85555,12
203735,8
260773,9
103008,18
139477,2
272057,3
184019,2
123880,3
141273,2
132488,17
157152,8
137391,19
135763,30
138220,3
135799,24
27172,56
133173,53
139012,6
132840,4
137583,14
119800,6
117527,9
190213,5
123172,4
184643,3
187489,4
212449,9
160098,2
104975,35
145182,11
212255,2
90570,14
106082,16
282443,8
115784,4
212036,4
181533,8
157369,10
162944,4
255045,7
230501,3
236381,3
158298,11
227234,2
193001,8
149566,14
231093,5
196461,3
107778,9
143305,15
211984,2
157551,9
217625,8
266488,6
8399,27
270748,4
134037,10
288625,4
242364,10
215327,5
155972,5
188793,6
270376,31
80680,9
37960,9
40559,17
97533,8
99724,6
264898,20
91983,20
153600,3
196481,1
89315,16
211530,5
156561,9
209435,1
112856,6
245382,21
27078,9
78957,8
153913,7
229961,3
274843,4
208591,21
103561,26
138026,17
110484,18
281490,1
186913,1
25928,8
123765,2
188411,6
205771,1
183757,2
195143,3
185701,2
132286,9
135468,2
134919,3
288749,4
122270,22
233501,5
194452,7
3904,9
79060,23
89145,4
125415,4
136730,2
189141,4
223224,2
177343,3
6435,38
172539,11
195553,14
226062,1
152906,5
211730,1
262713,3
217953,3
218785,1
152139,3
91393,11
157419,13
133325,9
71942,14
122565,4
153238,7
223690,3
143488,2
243942,2
193123,12
238992,2
71933,5
160511,4
142172,7
211203,8
196379,2
143076,5
156315,6
137970,1
132388,15
270102,4
5547,17
206513,14
55324,20
98142,9
104504,3
130850,10
149156,8
109602,6
232217,5
7398,31
168824,12
183565,14
115258,6
235035,2
26944,9
217951,1
284165,2
174835,11
170825,2
85387,13
169652,5
211187,2
199698,8
216165,3
103673,10
224813,3
193763,6
196755,7
145046,2
201710,1
166207,4
183415,7
143961,5
214346,2
128958,3
174457,12
154396,3
208162,2
281504,3
182041,9
182061,10
276705,14
157218,13
134829,14
157767,2
266542,1
153919,16
213171,6
234057,3
102171,15
135180,10
150284,6
71685,12
120116,5
138290,5
186793,10
205557,10
169688,7
102976,3
110535,5
158009,2
158135,3
220336,11
215041,5
154500,3
283559,2
221530,2
247950,3
283347,2
147657,9
217967,2
191267,4
209663,3
167486,11
119699,15
186783,8
155170,6
118175,4
133784,8
131086,2
138146,3
269532,17
288925,1
267796,1
286423,11
184193,28
193523,15
166934,20
106423,5
131015,5
170183,13
179101,7
179177,1
197581,1
214892,22
221782,4
74109,15
91991,9
175417,6
145074,8
187317,14
189709,6
113109,8
104175,17
81962,5
78941,27
158145,6
191313,6
232497,2
192373,3
142068,7
107050,5
281999,3
288593,4
178757,4
83273,5
120879,11
155619,5
218399,1
89670,12
155735,11
130091,3
213083,2
85794,8
89584,29
196517,6
196545,5
83464,5
156313,6
190919,4
139008,2
262349,1
27786,18
138550,1
6778,20
136473,4
157043,1
145344,19
174973,4
41706,25
170853,12
192825,9
197985,1
226756,8
128690,11
176243,1
167096,4
167490,1
182065,11
197839,11
192429,9
247698,5
184845,8
157877,2
60150,21
54561,6
208178,6
234779,1
235177,5
222396,5
236619,4
272433,2
200116,22
88568,14
269922,2
140940,20
179483,2
47005,9
160886,8
80659,5
59974,12
196537,4
190653,4
223131,6
132036,7
263465,2
136904,9
100008,18
269138,2
184487,5
273249,13
245078,28
180243,5
125569,13
217190,1
245920,1
186549,24
1122,16
204540,8
168978,9
192323,4
50550,18
166185,14
239246,2
76811,33
202287,4
127236,3
211299,2
185515,5
240844,1
139257,8
198815,8
98560,7
189669,27
153971,24
101064,7
184147,8
283419,1
80260,9
164117,6
214498,2
168634,6
67359,15
110690,1
216334,3
271591,1
170451,33
137164,4
134503,13
267330,1
283071,2
159636,4
263867,2
125213,6
275047,2
123091,6
143565,4
162078,3
232213,1
32149,51
119084,8
164059,2
149668,9
250194,3
253346,3
195911,11
123927,6
206212,9
213283,8
220864,2
173747,3
170643,3
191669,5
137936,2
202373,4
139507,24
188849,1
188851,1
199574,6
122758,3
254148,1
88752,2
159674,3
128634,11
98052,40
167368,1
128612,14
166942,8
167612,2
211069,1
132372,18
132932,1
170669,6
170623,25
170281,18
129201,2
171341,14
176637,3
182751,2
168800,6
170631,5
196797,3
276205,14
109533,7
225039,6
156085,20
227825,2
82320,15
148188,2
191309,9
281989,3
113143,8
203080,8
158942,6
243068,3
185887,6
168376,2
167192,1
174037,1
206204,3
112330,6
7931,16
134573,3
135577,7
288215,1
246844,6
175605,19
125992,10
283583,3
186597,3
107344,15
5950,9
118946,18
123429,7
167848,7
193361,4
214092,2
252936,1
182319,20
172467,14
278132,4
93295,13
124943,5
116008,12
172445,13
209075,2
153933,17
191295,9
183555,3
216675,5
115333,4
33445,22
220354,2
285755,1
277268,4
4315,25
194642,3
197089,2
123095,2
157583,6
148913,1
203753,4
6766,4
99444,8
7271,13
176313,8
166028,3
245890,2
243028,1
125529,5
168162,2
263707,7
132155,7
270036,2
8699,6
287433,1
131140,7
99999,6
233137,1
169120,2
257041,1
99043,17
117432,10
151797,8
44253,4
123405,19
208895,1
209427,4
149450,5
141387,5
156579,9
187619,6
212070,8
90951,9
141353,4
279806,2
140629,11
143695,14
227126,1
250818,1
260069,1
199053,3
142560,6
167020,2
164777,6
165849,16
94471,6
52033,14
224923,1
148248,15
141546,16
184849,2
2603,32
124178,8
145172,22
226274,1
110326,4
167836,2
163472,5
204576,10
137701,6
270262,1
269726,2
134666,10
105296,7
124667,3
217515,1
256665,2
177035,11
229577,6
197145,5
272365,7
79718,15
98518,2
139667,1
184339,3
230423,1
256749,1
43682,9
80004,7
276207,2
211904,17
168242,15
191725,4
140515,12
250130,3
232825,19
178835,14
116403,7
148861,3
158005,2
197733,2
204614,4
123186,2
97139,7
171377,4
180953,6
40275,5
273127,3
127240,3
173091,11
124533,8
218347,4
100385,12
197701,2
188559,1
96246,16
202481,5
171359,4
224589,3
79473,13
157957,6
164913,5
63629,22
112257,7
42553,9
154394,4
271475,4
287975,2
269276,11
288753,7
275435,42
244538,1
285885,1
140224,9
197525,4
196321,6
220568,1
73678,28
82380,19
109910,3
120108,6
137709,1
142498,1
177235,15
177293,1
189107,4
189815,2
203282,5
205339,11
230281,2
187685,3
239478,9
222416,8
280962,5
193886,3
82269,20
89016,12
188165,6
199446,5
213073,1
258581,3
125932,17
147336,22
284377,9
248216,4
187457,18
84667,7
248048,1
223606,1
167662,8
201406,5
105338,5
203815,2
195113,8
215915,2
199187,9
183743,8
70877,19
6543,20
116122,4
122153,4
142675,21
185709,18
135248,58
137682,3
139807,2
134039,4
262067,2
205066,36
166153,4
145741,3
183521,2
194997,4
205529,3
214658,9
32056,14
44155,45
197595,4
88591,7
172019,14
57996,11
117322,25
124358,3
157482,1
171071,24
199107,2
179185,1
26066,12
154390,3
283331,2
68411,10
123607,4
188121,8
145590,6
186009,7
253698,1
139048,9
153634,2
159209,10
203012,2
206483,8
167140,4
189525,10
286233,1
188329,10
210323,5
194144,16
204532,1
264528,5
265450,3
192995,15
146052,15
175145,15
162582,7
141550,12
164332,2
173911,6
191321,4
199239,5
219356,3
225729,1
91248,5
157401,9
261979,4
241678,5
205491,6
194202,4
200860,10
54922,16
140208,16
187381,12
171735,4
91573,5
190059,8
195475,1
173085,13
177089,9
220318,5
191325,2
256561,2
110923,2
178393,3
158940,10
193565,11
285255,3
184477,4
177449,3
27835,16
84293,6
172329,10
195797,8
84838,6
112236,12
97148,5
159429,7
131084,13
263671,1
158910,14
157657,6
158838,1
260647,37
181687,3
200416,13
190125,6
164763,14
191651,9
202005,5
226516,1
241046,1
248190,1
255305,5
215551,5
143561,6
154274,3
177299,7
260287,3
158147,10
151623,11
81585,12
277712,1
93928,6
130744,4
143957,7
217356,4
142921,3
159556,5
127831,8
200146,4
92672,2
184775,2
187921,8
98829,19
214350,2
125574,3
188645,3
162368,8
142176,2
176621,24
188291,6
137218,3
205717,4
281752,3
124162,4
134443,1
133117,8
158294,10
243362,2
124691,16
125321,7
150012,7
177281,2
156489,2
182081,17
182115,6
196211,12
224419,3
155824,2
201322,5
46748,18
195811,2
247778,1
116038,2
179253,6
116899,20
214342,1
143055,4
158276,5
287571,1
220162,4
159996,4
203182,2
168716,17
195519,8
182063,8
276481,1
123149,4
197087,3
26112,23
132520,9
264059,1
158908,4
148830,5
277868,10
271252,2
180815,4
111811,16
199119,5
200358,2
245154,1
83662,3
150042,5
176143,12
86949,4
239474,15
71047,14
165045,4
181951,7
80825,7
172101,8
276223,17
68664,7
182623,6
279222,1
115164,4
173597,6
258625,2
158559,6
194825,3
170903,11
252628,3
217773,1
148934,2
248302,3
289811,1
229261,6
196351,1
196453,1
285159,2
274587,1
285827,5
263621,6
123353,27
193475,13
195581,6
199700,3
168914,3
127019,9
117174,1
119310,6
172183,6
176557,8
211045,2
199556,7
47054,16
149426,6
203527,9
280024,6
167968,4
158119,3
158125,2
193463,2
237762,1
280472,3
169476,20
145789,2
33641,14
199253,6
225816,10
165737,17
145048,4
187407,12
261351,3
139499,5
186915,2
185873,6
169200,3
258453,1
78465,9
88491,6
142951,4
165819,8
180627,2
193521,10
291837,1
263749,4
267708,6
210827,2
286231,15
224326,1
186665,3
175759,7
214766,8
150882,4
225023,3
229573,6
190063,3
102912,15
112255,12
91286,22
97250,14
113016,5
78715,7
159301,2
169768,20
215611,12
221020,2
280360,7
241074,1
260475,1
149104,4
186787,3
145022,11
145044,1
173423,4
91747,4
281790,9
170617,16
159215,4
213543,1
187245,22
180589,13
210079,2
127843,6
189367,16
200246,5
179921,6
186755,4
194030,4
183969,8
289813,1
151297,1
54972,4
126923,7
263677,2
134838,14
133059,2
135649,7
133381,9
204386,6
72124,8
188555,3
171217,1
281058,27
182431,9
268472,2
103130,17
98341,16
201312,7
170673,13
45899,43
185283,6
33852,11
149150,2
64153,17
73109,23
176607,1
232021,10
190613,5
145202,12
197907,13
245056,1
207255,2
106745,21
71804,12
166034,1
274261,4
77891,26
130730,18
273051,2
173931,4
149302,12
272293,2
147404,6
81629,11
192263,11
177917,9
125638,3
241650,7
272203,1
198743,6
263115,2
133264,4
137496,5
266410,1
152483,4
169774,5
111126,16
195503,17
141175,10
26863,2
122803,5
139571,2
158583,1
241900,1
196837,5
6165,5
169444,6
190975,2
204722,9
245416,5
217945,1
103003,1
238038,2
213559,9
221973,2
6171,28
180851,3
99068,11
149400,9
143705,2
150600,7
208201,2
215861,1
168958,7
186669,1
147827,6
143693,1
151887,2
171593,9
217569,1
79094,12
195309,2
272201,5
91442,7
161774,1
174713,4
79681,20
167264,2
188741,10
69159,9
137228,13
265464,2
268996,2
134256,10
137757,13
98825,16
263125,1
151819,3
198845,10
202529,1
140958,19
176153,5
251624,2
110223,8
163573,8
184703,5
201348,5
219583,3
158809,1
192449,6
84534,5
52118,6
242232,4
140878,31
149146,15
196225,5
153626,5
272107,1
277510,4
210167,3
190673,3
281256,1
274985,4
218437,2
157729,7
252386,10
185299,9
55757,21
78463,10
192593,21
188047,8
196393,2
225163,3
121081,6
156309,4
167400,4
215007,5
216945,12
204478,9
265498,2
147030,3
45994,14
147212,42
192903,3
181475,39
273841,14
194538,4
107262,17
6691,21
208843,9
219868,2
221552,2
228727,1
70155,11
153326,5
156073,11
200788,2
283329,3
192919,1
151449,24
195227,4
159449,1
128023,3
274137,1
48626,12
195155,6
142572,4
185573,4
197945,5
98949,10
221798,2
97703,20
50628,17
135526,2
164252,5
280414,2
284639,1
278092,4
149810,6
150568,7
61868,1
107188,27
111817,31
164499,17
184897,4
177473,2
228687,1
280988,5
96710,10
153576,6
157675,15
189353,5
283065,1
152125,13
117680,5
169934,3
200178,9
200430,4
174505,5
190667,1
279624,1
214008,1
167026,10
217097,5
195453,4
112743,9
228813,1
224228,2
205511,2
157168,1
122503,5
180533,13
196305,3
196509,2
154402,5
184413,3
252906,9
240686,11
190841,5
162358,4
138132,4
132020,2
188213,11
271467,21
158549,5
149026,5
233505,2
212989,7
214270,3
186015,6
95296,26
117632,8
124865,2
170955,9
211049,4
66503,17
193145,2
261601,2
169122,3
259723,6
158318,6
111704,7
283473,17
137694,5
258039,3
35826,12
104345,5
150696,29
223270,3
224250,2
1146,38
191071,5
116867,4
186303,2
172559,2
190621,15
132309,8
138558,13
264183,5
133209,13
133923,6
264199,2
75992,12
107302,8
111509,6
217915,10
93185,5
107976,1
251646,4
152924,5
179373,11
281284,20
87697,13
102817,7
151799,9
116126,3
124109,8
118764,11
126132,3
191109,3
285293,5
182863,11
234609,3
32015,7
68645,6
147004,10
148512,4
260101,2
185357,4
149506,12
259051,2
195729,4
168466,7
288261,4
154596,5
186761,12
1781,8
233919,2
110067,6
213948,3
138696,4
137096,8
230037,1
165963,49
277160,6
258285,12
181593,10
87988,13
246860,4
208905,3
158143,3
83006,6
96306,41
124531,6
125411,6
149122,3
171907,10
218953,4
80810,20
182993,28
72342,6
215021,6
272343,1
238074,1
126229,8
179065,10
197127,7
96530,10
258089,6
173477,16
207622,5
172083,3
113648,8
161284,1
142274,2
212641,1
214298,4
147324,9
196529,1
192331,10
129723,4
197583,7
181923,7
132298,2
133413,11
139064,11
133808,11
282663,1
79038,12
153424,10
241232,2
79767,10
192603,3
210715,3
234189,4
206953,2
183201,5
83256,5
162422,18
198639,10
236397,2
148438,10
284793,7
168410,3
207299,1
124294,3
167630,6
278812,4
280704,3
274265,2
79303,13
81094,9
220564,2
83581,10
195389,2
188327,10
214524,3
285001,7
125277,7
278996,1
195943,1
173887,10
281414,1
157873,3
134105,15
132892,2
185189,2
139590,1
189051,1
191837,4
272129,1
239108,1
157777,9
214614,1
113424,7
152105,15
168192,11
170549,14
225505,3
201831,7
5626,20
243900,17
157989,1
158015,1
125023,8
200362,3
149132,11
165183,3
166542,11
214440,4
194923,2
215343,6
227821,6
274495,5
231267,5
174593,14
222727,3
181497,12
277902,4
174569,5
123800,4
209469,5
265412,1
136371,24
161133,1
233753,2
199666,5
200978,4
53282,34
189073,2
74137,6
85440,13
184899,3
157721,27
178649,20
176707,1
174599,21
188787,7
70507,33
281792,1
175061,1
148799,2
241924,3
202988,5
169780,2
211059,6
152725,2
30764,12
83435,8
184091,2
215635,5
195509,2
163851,2
179441,2
210089,6
244134,5
155172,3
185623,3
132234,4
267328,1
140036,21
194772,26
226530,1
256023,10
210151,4
210725,1
174841,22
129454,5
179891,3
214292,24
207457,12
141129,18
86300,33
149739,10
181553,7
98353,7
152103,26
81172,2
127484,7
97246,10
154792,6
183435,7
215019,5
160436,33
79213,14
220882,3
249722,12
216931,4
179877,9
153648,29
195715,7
235845,3
242998,1
153188,7
150399,6
95652,6
262707,3
135691,1
80562,7
189075,1
191411,1
288487,1
161159,3
114852,25
141036,17
151935,2
216805,7
224741,5
276235,7
68254,5
150084,3
87556,7
130478,37
281360,7
289069,7
192687,1
183253,1
199536,6
31267,14
207598,5
213988,27
277658,2
208158,8
178465,6
181297,5
120092,6
257461,1
276603,8
289775,1
140447,13
273673,13
99901,4
242522,1
127608,8
202629,3
134599,7
134103,3
266130,1
133045,3
127154,39
175157,3
153744,16
159099,7
284567,2
239836,1
654,16
145190,6
100727,6
211416,3
92004,2
230073,2
244526,1
245310,2
179603,4
102419,6
229963,5
131792,2
134487,2
137893,1
146874,17
147076,1
150116,2
223678,2
100096,6
108901,8
165375,3
93263,4
136062,5
158242,3
270872,5
264552,1
184867,14
207493,2
287067,1
159101,7
220198,1
109512,1
154666,5
202149,1
83258,11
175971,14
159992,7
182207,6
172411,10
168786,6
239462,4
170421,1
208479,2
213854,6
187421,5
103626,6
157355,3
176425,4
142428,1
285815,1
131516,3
133519,1
218941,3
160712,3
178951,6
249968,1
197939,1
158540,12
125227,4
211946,6
132784,1
142010,1
154053,1
211001,5
126026,5
282045,1
126407,3
288245,2
180379,2
255837,4
239454,2
105720,11
113309,13
119049,2
158204,1
162254,7
207774,1
162306,2
158214,6
130156,3
267518,7
131900,1
132018,8
267350,3
175345,19
196825,2
94350,4
162904,1
116285,9
51019,8
140156,4
171151,17
201218,8
92250,6
148614,3
210745,1
225479,2
155826,10
219288,9
200596,3
203377,2
125836,5
177597,4
151349,9
202992,3
220878,1
119456,10
175597,1
205269,2
281320,4
185355,4
178851,7
126785,10
231255,2
208100,3
202015,5
234683,2
132268,16
131534,6
135398,5
259025,1
75950,17
254778,2
282055,1
167354,10
147841,3
192987,3
189281,4
227228,3
240216,2
105839,5
163128,7
163905,4
170389,6
193487,1
161098,5
130648,4
184149,3
163396,11
221983,1
178329,3
185821,5
146431,4
267266,4
133626,1
133885,23
267172,3
163242,3
279680,4
214330,2
155178,4
60768,15
95028,8
141727,8
234607,2
244594,1
190333,5
143659,3
171941,14
212859,5
105435,2
1774,13
175999,3
86489,10
109651,2
153436,3
156769,2
172161,2
172615,2
122060,5
64325,10
196401,4
110316,7
89147,2
202751,2
132210,13
263393,1
136846,12
114633,13
84302,7
173893,8
171283,10
166864,6
206050,9
194863,5
111718,2
127673,2
159879,1
185777,10
104743,3
171977,8
209513,2
109708,7
276649,2
131954,3
205697,2
222587,2
171945,15
207373,3
198001,1
165039,8
268946,2
132753,5
133820,3
139209,4
133181,2
199235,10
220048,1
199450,2
170457,3
102969,4
71096,30
149308,9
175789,6
106297,15
176577,5
269810,6
197013,6
177617,3
122003,1
99607,14
152563,2
176039,2
213658,1
280026,4
160828,5
249012,2
133285,5
171791,2
153957,4
163705,4
244144,3
177199,5
178743,10
115895,11
177715,4
52326,10
153468,4
194032,3
169794,5
225854,2
147254,6
195381,3
274781,1
25749,11
172365,7
239450,3
203252,2
146950,1
152737,3
206028,8
159684,2
206315,2
210599,4
67247,2
204042,3
276973,1
288889,1
110788,3
158360,3
162922,8
154341,5
198179,1
260709,6
124613,1
140216,2
172655,2
209755,8
46083,17
175285,1
130320,6
185353,28
207944,6
142636,6
194092,5
147214,3
248708,1
168186,6
223290,1
190071,5
249978,1
164855,13
201170,4
255399,1
203787,5
276639,1
138935,5
169714,12
131166,11
256677,1
116096,2
227300,1
198765,5
241442,1
204640,3
160756,2
114168,2
169798,2
195659,6
121479,5
219272,1
158878,11
119810,2
124428,3
163757,8
169602,1
129751,5
239808,2
218405,5
50076,5
144966,10
172153,4
133622,2
133895,5
210027,9
278064,26
160183,4
230453,5
202984,5
240964,7
214382,5
153712,5
126076,18
147542,1
193363,6
82638,22
202209,4
276863,1
282291,4
244038,1
147992,10
112719,4
122609,2
145450,1
150425,2
166413,2
158039,2
164417,3
159187,4
139413,11
255187,2
160618,1
265360,3
199500,4
199846,2
52352,22
195567,5
167074,3
201787,1
202441,2
214750,1
172333,10
229279,3
187997,11
281416,4
170575,1
213680,3
157663,1
189747,4
118544,2
131700,3
146433,5
154132,1
184877,2
226800,1
159113,2
149578,6
209803,1
276641,1
164574,1
186187,4
167600,4
134981,1
268146,8
197371,4
83592,5
87207,15
160698,6
146786,2
792,48
154971,4
124627,3
222533,2
102596,33
134447,8
147266,2
176275,2
87996,9
176117,2
188081,11
152780,4
141412,9
139831,9
193315,8
192535,5
286835,1
150320,16
206022,25
162816,5
286261,5
130349,5
128880,1
143263,7
166928,1
119318,5
285453,1
246136,1
278038,2
142192,6
177117,4
218261,1
283081,1
88343,16
221700,2
150218,4
279790,4
205050,2
192475,7
127692,10
189437,5
237666,2
281378,2
179931,5
99760,7
221464,1
166044,8
153076,10
77919,12
5967,18
231831,14
209891,3
197943,2
278488,1
118688,8
199888,4
80102,10
87771,3
269586,2
144162,2
189307,4
147312,4
191641,2
236987,1
202033,11
130152,3
291330,1
132770,1
153522,6
119842,2
123989,2
145917,2
157473,1
166243,3
138000,2
139285,4
182425,3
152127,3
175717,11
258551,1
234707,8
276445,3
159634,1
161282,6
141002,10
289627,1
103875,1
106686,6
215011,5
158366,1
214910,3
129447,3
179093,6
168984,2
176001,3
193471,3
224056,3
165161,6
182873,5
158246,2
105890,2
128786,1
143105,1
158460,4
168194,1
272449,21
130532,5
174939,8
191017,6
181159,4
161038,2
177429,2
231007,2
208166,4
124235,6
196591,4
224226,1
167362,6
210161,7
156834,2
268880,8
146638,3
154176,3
254372,3
118564,2
200764,2
206196,3
139697,2
155756,3
282039,2
230675,5
209153,3
220408,5
147222,1
191081,6
281382,1
141838,8
176595,4
288441,2
148540,2
178095,4
162374,5
183021,2
165323,6
206833,1
172347,6
72960,5
88382,8
154900,3
248018,7
131590,6
281518,4
90104,11
103792,18
146852,1
7824,23
177451,9
141385,10
108313,7
198569,8
161672,11
213828,1
221048,2
281446,1
179431,12
106040,1
127709,2
161690,2
176541,9
173067,2
158518,14
161016,4
161018,5
160910,2
86760,9
283017,3
177525,2
224441,2
194678,3
137393,10
132646,11
193327,14
290055,4
234589,1
86401,15
227238,2
186569,8
163436,3
273695,2
199516,6
161306,5
107906,3
190515,3
223446,4
176511,2
258259,2
100255,4
215733,2
167650,6
220906,2
156714,2
119838,1
251654,5
187267,4
164755,6
193509,6
207201,2
191147,3
112056,3
290805,2
236371,2
172405,5
8708,3
261841,5
211381,6
267344,2
279144,1
154798,4
182947,5
162892,11
122689,2
202323,5
234955,2
118834,7
145148,1
217314,2
107851,1
62847,19
76288,8
181653,4
218165,1
273525,3
241756,5
71094,2
227612,1
212323,3
198031,2
183471,2
288373,1
157009,3
173463,3
188059,9
217529,3
283261,1
177309,5
197921,3
163446,1
169154,10
134673,2
199794,2
117450,5
155407,5
123425,2
44931,7
195253,5
250614,6
175273,6
237602,5
172479,3
189693,3
215541,4
144860,3
122553,1
176865,1
269938,3
110794,6
87719,8
205843,4
208431,1
206745,2
122133,10
198041,3
133015,2
213109,4
57499,19
149092,3
93757,3
162754,2
162890,4
215881,10
96983,7
168272,3
280918,2
196819,3
209889,2
124513,1
219404,6
176659,1
189943,2
199610,7
193497,4
109767,4
217234,7
122092,10
257411,2
236871,2
131648,3
80442,1
183069,4
105884,6
109034,5
162740,4
196911,1
206353,2
185019,2
70609,3
25907,10
113840,6
154680,3
177437,2
178685,3
204114,2
128818,1
213389,2
96576,5
99611,4
112483,4
152477,1
207732,1
244234,5
207257,6
278492,7
93654,9
257005,3
166910,6
263163,1
267764,1
131868,5
138054,2
166465,14
164198,3
176889,10
193345,6
129530,3
105821,11
230869,2
38001,8
223512,2
147288,1
173437,7
227953,1
175931,4
257583,3
170503,4
140170,7
104372,4
125301,4
190209,4
158041,3
217685,1
99663,7
273597,2
141974,4
198011,2
267198,1
136291,3
136377,2
139062,5
189429,9
248230,3
101188,6
163428,4
263703,2
190225,2
8691,14
196909,3
197183,2
157411,3
218077,6
196757,6
187801,2
156793,4
209085,6
122033,9
173103,5
197191,10
206859,3
207750,1
208603,1
224511,4
59447,9
152417,2
221652,3
251070,2
149570,16
270684,2
234689,1
153818,4
164903,9
138998,1
213573,3
122675,6
286381,1
122084,11
217228,1
220870,4
220914,3
77831,8
108209,7
155485,1
160052,1
269884,3
4820,3
207726,1
208217,1
237772,6
162988,12
193577,2
272647,1
266976,6
184369,7
282253,1
3209,14
269936,13
144080,1
170499,6
219105,4
145666,1
57023,9
285599,6
274227,4
3856,6
92641,7
170483,6
261267,1
276329,3
97161,4
69611,16
123923,2
181051,2
277382,2
179585,4
161308,3
194674,4
204874,2
207143,1
211636,3
230865,1
30698,6
278432,11
102415,16
279796,2
66686,21
135017,2
133057,1
139928,1
264882,11
184199,8
171591,9
192349,3
211860,9
274831,10
114254,18
67300,3
121304,3
204590,1
192587,5
118746,6
97334,8
192857,5
236279,6
162436,5
121705,3
208809,1
190657,4
90035,10
131602,3
131878,2
131912,4
132571,5
170795,7
182547,17
153895,6
150637,4
191947,5
275795,1
136142,3
199852,2
253250,5
214316,1
153808,3
96689,3
143285,5
241042,3
194714,9
240212,4
202743,1
193499,2
153656,1
154366,2
224585,3
89393,7
197857,4
214578,7
199438,4
170951,8
84475,7
162862,4
213864,3
216497,4
136174,1
147178,12
101642,6
157116,1
198599,5
184551,12
198463,6
183697,8
140665,8
145861,2
283965,1
149124,5
199980,3
176673,1
201376,3
133293,12
145446,1
149898,2
162084,1
217883,1
186815,7
206961,2
227242,1
153746,4
230065,1
137771,4
263363,1
265476,1
122290,18
176545,8
235739,1
123036,3
222995,1
196841,7
130952,5
123473,7
147236,23
173595,6
114142,8
275035,1
168950,4
228747,3
286425,1
282827,2
199706,13
195999,4
239448,5
26536,11
127675,1
145566,2
166072,3
143045,4
209005,1
260563,1
210943,1
239798,3
8673,13
208907,3
276797,10
162584,7
222613,6
279964,3
261405,1
199874,2
106988,11
118183,2
141430,7
141406,1
105976,5
202367,1
98805,4
80641,6
112224,4
124521,6
130672,2
156141,1
233645,3
79656,6
235179,1
196629,4
198023,1
160297,5
86791,5
183501,8
84015,12
171475,12
90112,7
192527,3
138674,4
120307,11
228959,1
168552,6
239616,3
289335,9
79395,7
131960,7
136281,2
170133,2
189591,5
173017,12
245968,1
157069,10
166625,4
206407,2
207333,1
130800,4
176703,2
135679,6
157897,1
106371,4
183373,7
206733,2
281134,2
66440,11
154860,3
172741,4
186765,4
284805,1
168052,5
198313,4
68242,5
101957,2
177329,2
282511,2
143935,2
155691,7
172221,3
227200,4
59426,5
193825,1
232849,1
122315,11
123637,1
85309,4
91871,1
105142,1
158449,1
172901,7
194240,7
198823,4
282237,2
172127,10
117642,5
124907,3
192669,1
216737,4
137152,6
103570,7
199289,11
253764,2
200550,2
201865,2
221022,3
172531,4
195627,7
258493,1
143128,8
223063,6
289645,1
6504,8
253712,3
216175,1
96792,7
99807,6
198999,7
186283,1
136223,4
172715,14
201512,1
205170,3
222597,2
78045,3
67896,5
124484,4
124184,1
163655,2
246242,2
74406,9
6941,3
273963,1
205779,3
290651,1
98643,1
110032,1
192423,6
204516,5
160541,3
170319,10
209561,3
261059,2
283467,1
260437,1
284097,2
8646,12
264924,4
137950,2
154554,2
196355,2
204324,1
216304,1
241290,1
126771,2
151545,2
236733,2
282957,2
245508,3
66662,3
162518,1
163825,2
257295,2
151497,1
195219,4
193627,5
192813,2
177847,3
225579,9
206487,1
283859,1
175133,1
102804,9
114624,1
206131,12
239380,1
275373,2
204740,1
276055,1
166966,5
102751,5
262255,1
125571,3
87693,5
145966,4
196977,3
108141,5
206285,1
222465,1
248882,1
90668,3
193845,3
244286,4
129661,1
132816,1
151271,2
70181,3
113955,3
235903,3
245476,2
188979,3
136315,1
155994,5
81274,2
198125,3
142644,8
262137,1
243270,6
204898,5
207465,3
179719,4
181363,8
282655,1
140129,1
214876,5
180473,4
202932,5
173051,5
183103,1
165543,2
192063,3
218501,3
98757,7
112944,15
257587,5
262727,2
136644,3
140112,4
112221,4
118576,4
186817,2
278112,4
91362,5
158984,2
261827,1
195691,5
196325,3
204916,6
165081,2
277338,2
126010,7
154638,7
272711,5
184779,9
159530,1
191575,2
280620,2
130762,5
291371,2
216467,1
164328,2
176965,3
131946,1
138198,4
139897,2
266462,2
165133,3
154937,3
215243,8
173865,6
151890,7
223538,2
140681,6
87507,8
123014,5
224887,1
88649,7
168038,4
179571,1
221054,1
178967,10
241866,1
247298,1
277648,2
171657,1
144214,2
51691,3
81610,8
93918,11
85505,1
239244,6
168260,4
179303,6
222394,4
207151,2
134495,1
26008,11
137751,6
143649,4
161490,16
236345,2
117658,3
279494,1
166279,2
145672,3
205006,1
217925,1
195523,4
282685,1
239914,2
123635,1
155314,3
119820,1
261431,1
280618,2
285559,3
146648,4
64944,2
89732,6
184349,10
155776,10
233207,1
157214,3
279286,2
131353,3
193669,2
208869,1
137214,2
185891,9
223165,1
239986,1
181989,3
211009,10
218853,4
184205,5
172993,1
173001,10
128387,1
281366,1
104832,2
129413,3
102526,3
272277,1
278100,2
253898,1
199039,9
226598,2
132476,3
151094,8
247784,1
163699,4
63280,8
156137,3
181969,9
278940,1
59478,9
87036,9
173449,9
165309,2
250370,1
142002,2
203425,2
248040,2
223920,4
88173,3
284693,1
256729,2
137829,2
145476,1
279574,6
185177,1
258567,3
262697,1
133818,2
133081,2
134425,2
136790,3
216019,1
92781,11
223017,1
228531,1
223894,1
88961,5
131186,2
261821,1
149696,6
71940,17
128860,1
158282,6
207542,2
103827,4
143235,3
194488,3
209149,5
247320,1
191099,9
98261,7
156643,5
171189,1
164471,2
289197,6
143141,4
194426,1
145893,9
221696,3
240742,6
217384,7
152674,7
179165,8
263069,1
194210,5
277586,4
188167,5
196851,3
189917,4
260157,1
148755,1
154182,4
79739,10
205010,3
232261,3
94435,3
245622,4
261091,1
286133,3
95159,15
117460,5
223195,2
133624,3
269120,1
137244,3
162342,2
161360,8
106365,11
110034,3
116177,5
261971,1
172619,10
281370,10
164835,4
175961,3
122988,3
227318,2
149842,4
147754,3
171667,2
183627,2
167476,6
88493,3
103653,9
113325,1
115339,3
150698,4
152427,2
287223,1
220624,2
276901,2
278208,5
200940,1
182421,2
170573,9
261855,1
148719,6
83562,6
188087,9
122623,4
165293,3
179549,2
6282,9
215255,2
171303,3
281566,3
157445,8
124753,3
109600,5
212397,3
71719,12
72585,6
112693,3
254548,1
145718,4
240602,2
253522,5
150941,2
133441,11
175563,2
182879,1
161316,3
192671,2
81566,3
118778,2
150459,8
251626,1
261867,1
261937,1
271337,1
261475,8
164787,4
125293,4
147388,3
39439,5
150649,2
104817,2
146590,1
194168,2
184799,3
233773,1
174651,5
210611,4
224366,2
229327,1
235561,1
176465,3
184361,5
131524,2
135424,4
132936,2
138248,3
221772,2
158647,2
65986,5
213281,3
226804,2
6146,20
278130,2
215743,1
125587,6
173089,5
68033,3
110065,1
25897,5
153126,10
276981,2
208327,3
247162,1
277406,3
183781,1
123077,4
240870,5
287625,3
137305,2
134276,1
65304,11
121487,6
222783,4
177877,8
261871,1
98786,7
164781,1
140571,7
261763,1
210961,10
182661,4
118546,2
142206,6
201809,3
61560,2
174591,6
194086,1
188605,5
224405,1
160233,3
200696,3
281986,1
266962,3
263551,1
133525,3
134511,5
138972,1
132408,8
193661,3
169808,5
199906,3
233945,1
282219,1
257113,1
279688,1
205337,5
124873,8
198729,6
206785,1
261807,1
84453,6
150000,3
164769,6
5871,6
282659,1
226194,1
202109,6
53187,8
130416,1
178471,5
155739,2
153186,2
199528,3
198983,2
262469,1
134194,1
131124,11
203407,8
282191,1
89114,8
154721,1
173247,4
193125,2
189541,3
130048,4
148386,3
88973,11
119047,1
139996,6
247940,1
117734,2
78068,1
86856,5
95832,8
218685,4
208847,4
105565,2
131532,5
134491,1
191877,3
192507,2
204060,2
173789,15
181647,1
278010,3
272085,13
107128,3
161926,5
96775,5
123002,5
197137,2
119029,1
128275,4
128768,1
148148,2
224260,2
171885,2
288955,1
90172,4
114217,1
205180,1
282937,2
214206,5
218981,4
97254,5
288609,2
185175,1
267228,1
133363,1
180377,5
155607,5
276745,1
142042,7
68853,4
147807,1
199195,1
245868,2
269720,1
104910,7
198849,1
164715,2
164851,2
79106,2
114883,2
125652,1
130412,3
142100,5
144678,8
194412,1
184109,3
226846,8
279292,2
81322,2
165703,5
157093,1
264442,1
266692,1
192885,2
197913,9
198817,2
207087,4
276593,1
203481,9
225988,7
88313,9
178147,3
125357,3
116793,1
119045,1
128826,1
150126,2
164671,1
202892,1
236599,1
167180,8
223051,3
194212,3
212391,1
143855,1
224973,2
190561,2
207047,3
131528,3
135079,1
222541,5
143207,10
141606,4
236369,1
234554,2
179641,3
211185,4
175921,4
194682,6
213037,3
288117,1
187999,4
276097,5
286551,1
68233,2
81453,7
220934,2
173755,6
202119,4
248094,2
179103,7
195393,1
287997,1
8975,6
112741,10
194865,3
210841,4
90744,10
86931,6
239686,2
187977,17
150818,2
258339,1
226094,3
8594,8
179201,1
146706,9
150860,4
142697,2
213403,1
231467,3
188585,3
84250,11
55888,8
113149,2
275651,5
109919,3
261597,1
134931,2
137088,2
211634,2
180731,5
216017,1
165895,4
152713,2
260849,1
199015,1
261829,1
261951,1
262091,1
279532,1
285651,2
222503,1
228351,1
183343,2
192187,6
199161,2
213031,3
140639,1
172999,4
173389,2
202371,1
280628,2
88748,3
106270,3
169112,1
276709,2
290677,1
221680,1
287659,2
211690,2
220562,3
271036,2
288573,1
269250,2
198571,6
204262,1
209829,3
201592,3
224825,3
129709,3
142665,3
180755,1
149602,6
205158,4
162978,2
192273,9
174375,4
193247,1
121553,1
241986,3
112672,1
194454,2
186869,3
229377,1
252898,1
170247,5
199007,5
151275,1
269552,3
133855,1
142040,5
33267,12
168148,2
188153,3
150308,2
178849,5
283925,1
126126,2
218889,1
212491,7
153452,6
173101,10
145996,4
142778,2
110854,2
113983,2
258689,14
194406,1
193375,2
210087,5
240634,13
257377,1
280846,2
236055,1
223193,1
143525,3
131522,2
269508,1
133493,1
134057,1
266958,2
164873,4
6199,10
245688,18
282413,2
130856,4
73782,4
128277,2
269546,2
195741,4
172871,12
221058,1
236955,3
93136,9
169890,5
256095,1
146714,3
96144,10
8359,4
91065,5
204322,3
291841,1
139467,2
187037,5
98344,3
146586,2
198499,6
145793,5
280538,7
204166,2
125445,4
169334,3
167726,12
204732,4
151485,4
282179,1
128960,5
223488,3
231881,1
261825,1
90021,7
205108,1
149374,6
282687,1
276599,1
84181,8
176737,1
253124,4
173777,13
89527,2
217573,2
189347,3
209365,1
205497,1
174631,13
261729,2
265500,2
268992,4
200908,4
220790,5
208425,5
177395,1
144150,12
180995,3
148751,4
87330,5
209463,3
123465,5
286171,4
278696,1
247318,1
280028,1
283941,1
174135,4
174199,4
124841,2
129980,2
79709,6
104815,1
108674,1
166052,3
286345,2
164393,3
137924,5
209211,1
125333,1
181167,1
239738,1
164965,2
156589,4
140385,2
278174,3
218185,2
26759,12
157264,4
256787,1
273823,5
279598,11
120088,3
137363,2
138624,3
132918,7
150925,1
286617,1
186609,2
204320,1
202067,2
286851,2
181037,1
8707,4
64897,6
104011,3
106581,1
110850,7
111702,1
222851,2
227492,1
227997,2
244748,2
185213,7
269246,1
172847,3
234542,2
134302,2
229147,2
270380,3
158926,2
126434,8
227216,5
283773,2
143059,3
199482,1
208565,1
127873,4
115614,1
270700,1
234149,1
230673,3
139245,4
222797,1
273161,2
140719,5
199051,7
131334,1
133191,3
157899,2
216031,1
222595,6
183571,4
123600,8
149102,1
219053,1
166225,4
179517,2
140872,6
277654,5
201931,3
272983,2
189021,6
192403,2
180593,1
200804,1
91071,3
109643,1
181303,3
198899,2
251556,1
170333,3
136090,11
263767,1
153316,1
153995,1
158082,2
282491,2
113010,1
185099,2
223312,3
286477,1
217503,2
147490,1
235847,2
226136,5
160307,1
154986,3
166344,1
163883,4
173251,1
192427,4
147418,5
289105,1
133727,5
134589,4
266092,3
202177,2
153388,1
154248,1
154386,1
219619,1
97466,5
281642,1
200152,3
203617,1
188665,2
173577,1
174521,8
196275,1
289243,1
229021,1
130870,4
58810,5
137246,2
146570,2
148254,1
167402,1
195021,3
276523,1
154190,2
169192,2
210625,5
282795,1
160466,2
216513,4
101726,4
108799,3
196189,1
226606,2
287203,1
151619,5
227743,1
183535,3
201696,1
252762,2
187747,3
199908,6
186835,3
147631,6
158022,3
279664,1
258831,2
224074,1
177455,4
252828,1
147450,3
148986,3
149009,1
174971,1
175073,1
176409,3
220808,1
269144,1
141558,9
147678,3
153184,2
154370,1
223976,3
161222,6
117304,3
231451,1
134027,2
122691,5
144462,1
254012,1
206981,2
125029,6
232761,3
139551,1
147674,1
167308,1
178251,1
178455,1
137773,3
133239,4
267438,3
131462,6
263307,1
201000,1
254122,1
154826,1
128195,2
223268,1
223326,1
166944,4
146978,3
190175,6
271915,1
194907,3
182029,7
259505,1
121360,4
246708,3
214516,2
206371,1
193902,7
123421,4
139144,2
144054,1
173131,1
175101,1
177541,1
178763,1
200522,5
137268,2
236193,4
178415,3
213375,1
216069,3
125351,2
227829,3
289189,1
186321,9
228651,1
209665,4
173885,7
190467,6
126925,1
147925,3
188403,4
197423,1
221945,5
201596,4
183059,2
141920,5
285121,1
244682,3
188607,17
205579,2
120482,3
121356,2
138172,4
143269,1
199398,2
256401,1
116305,4
154522,1
197101,1
181289,2
148896,1
172435,11
263505,2
225581,2
259281,2
164520,2
161224,2
208124,3
180791,1
281322,3
157146,5
159473,1
202958,1
166403,7
116345,2
151151,2
160746,4
175099,2
189265,5
201466,1
135057,5
265428,1
136064,1
153366,2
153969,3
171901,7
256055,1
227656,4
251698,2
144452,2
288007,2
232855,2
191653,4
165983,1
262747,1
194198,6
251658,1
244596,4
140277,3
185069,3
247510,2
174553,1
215079,5
197249,2
211688,3
110320,8
214672,1
219653,1
225249,4
157615,1
166508,4
183183,4
214544,2
153158,8
153616,1
219228,1
275693,1
204752,4
90011,7
99922,4
221398,1
143557,1
216491,2
199121,2
129555,4
198561,1
158717,3
193055,1
267420,1
133810,4
154822,3
225934,1
121707,2
170695,3
129309,7
148763,3
239778,1
234907,2
274577,1
193017,5
257147,2
280650,2
288995,1
166330,3
197261,2
117891,2
178317,3
280958,2
169212,8
236723,2
128303,2
142224,1
152627,1
162256,2
245366,4
288703,2
139883,6
153574,1
238054,1
283973,1
113561,4
121624,1
123383,2
194444,2
150983,1
195651,6
151404,2
260789,1
279340,1
214764,7
251090,3
273807,1
166145,4
175909,4
108942,1
201949,2
158302,3
143448,2
179429,5
129733,2
214576,3
206012,6
243240,1
179649,3
269360,1
269344,1
289839,1
265740,1
199592,2
132780,1
277182,2
279638,1
280462,2
182003,7
157322,3
243244,3
275699,3
289955,2
165907,2
112342,5
134609,5
132824,1
138312,1
49955,5
154384,1
154422,3
280664,1
168536,1
146966,1
242734,1
219563,1
203631,3
124509,6
195003,2
187575,2
198559,2
173967,1
178357,5
186225,4
194280,1
268200,1
266134,1
269818,2
154216,3
212421,1
155446,1
140527,5
115233,3
280498,1
280826,1
287209,1
281946,1
117486,5
251438,2
240904,1
184267,5
164131,5
285151,1
272823,2
193831,5
84894,8
178127,1
194708,4
201550,2
146419,2
148298,4
154317,7
155621,6
170791,1
196551,1
197441,2
140048,2
268826,1
101940,10
153354,3
181379,2
274155,1
182361,2
216505,6
156233,1
161770,2
286667,1
199612,3
226268,4
212919,4
146736,4
153620,1
154242,1
256053,1
122365,1
281776,2
203962,8
279566,1
216390,1
227875,8
124871,3
116477,4
160331,2
242802,1
213211,2
197247,1
155770,8
268798,1
189255,8
206014,4
173419,4
226312,2
155794,2
175051,1
202281,2
136914,3
154194,1
221162,11
173903,5
172369,5
280496,1
287241,1
287243,1
179757,3
218361,1
269962,1
206917,2
160231,13
251138,4
180063,7
184889,5
176261,4
254574,2
236019,1
178723,1
252278,2
145863,2
154969,3
156738,1
197231,2
291453,1
154534,1
179449,6
69201,7
97713,10
97536,7
152278,1
180235,8
284113,1
284115,1
209225,2
123663,2
168642,7
163669,3
116243,2
108808,2
278790,3
199285,3
260465,1
81000,9
128045,1
151757,1
162734,1
184563,3
188337,4
194953,8
116987,4
156976,3
133355,6
134823,8
139475,1
212693,2
222404,6
215841,6
178567,3
224921,1
284801,10
182007,7
188325,4
152505,1
280984,1
216310,7
156517,1
155733,5
194290,6
58661,4
197611,7
267112,3
264512,1
132272,3
132444,3
138190,2
206409,1
187447,9
154614,5
156075,1
91727,5
215381,3
228129,2
212241,5
204506,1
239168,3
252650,3
277746,1
204236,4
151699,2
185551,2
181423,3
141524,3
126052,3
172401,2
159145,2
188685,1
160579,4
173387,2
133475,1
134935,4
182119,10
153220,4
153883,2
156077,2
180989,5
224398,3
128896,1
106306,5
189631,2
284709,3
125449,3
152169,2
276285,1
276691,1
254004,5
223582,5
208070,2
234851,1
220050,2
225677,2
241472,1
280542,2
101289,8
220498,2
164013,4
141355,5
143049,3
155629,2
172095,3
175055,1
196123,2
198529,1
202265,5
224865,1
269278,1
135081,2
137222,1
137805,1
280254,1
152441,2
210655,2
277548,3
206145,1
123826,1
184307,3
179501,4
283141,1
166336,3
222214,1
142124,10
118536,3
67873,5
179791,2
183061,1
170103,3
200544,2
182805,3
186535,2
196229,1
139986,7
131568,2
267868,1
153096,2
153342,8
108158,11
123983,3
105215,10
216479,7
257119,2
208421,1
233075,6
191127,5
178617,6
165675,5
239430,2
287145,1
110284,1
127592,1
148260,5
158735,2
169732,2
192723,1
288025,3
137148,2
137194,1
138096,2
130726,2
114752,13
72854,9
272325,4
278252,5
228401,4
170267,2
212957,2
288825,1
207123,2
161838,2
175481,2
178767,6
193833,2
197383,4
200082,5
200562,1
282873,20
133341,1
79736,4
154812,4
181407,1
212435,1
190877,5
287239,1
103865,6
173585,1
195939,4
206903,2
105595,3
196043,4
282575,2
122054,4
253164,1
128740,4
183365,3
196359,2
134485,2
133788,4
267526,1
272171,1
209481,1
212317,3
245562,1
211075,4
290769,2
179653,3
118191,1
187147,3
197791,8
181247,2
167436,3
246142,1
142438,4
167820,1
82395,5
137186,4
268306,1
153875,2
154260,2
158088,2
286815,3
207317,1
251994,2
124033,1
213942,1
288427,1
254510,1
152137,4
229821,2
272369,1
168140,6
173277,3
253952,1
196165,2
288949,2
194726,2
81064,3
193227,4
257061,1
178765,1
179305,1
199544,2
268362,1
138652,5
132760,5
137494,5
154896,3
228335,2
181319,3
280676,2
81104,7
259529,1
110627,1
125315,4
211398,2
176991,5
228191,4
219039,1
250406,1
207804,3
201769,1
214218,1
283435,1
285195,1
154244,4
219543,3
129352,3
197169,2
139781,1
269330,1
267182,1
288755,3
139279,1
104723,5
178115,3
109904,9
87808,4
240288,4
101829,1
133299,3
121913,2
130020,2
276471,1
276425,2
252610,5
204860,2
118133,3
120268,2
160253,2
189883,2
208441,2
199185,2
212927,3
169070,4
171523,3
140125,3
131652,5
139707,2
103836,10
152956,1
153044,5
153282,3
178403,3
181401,3
148076,5
251588,1
282911,2
124585,2
171199,3
274583,1
260925,3
201020,1
93516,10
169336,2
204746,3
176069,4
191153,5
271317,3
266530,1
153288,1
154188,1
138976,3
229571,2
142614,8
95769,2
189829,4
201973,1
287211,1
291959,1
214224,1
222109,3
140184,7
182143,7
183545,1
175069,2
254887,1
62237,5
253688,1
128225,2
139661,1
142905,5
145226,4
162544,2
163030,4
137511,1
191175,1
153092,2
153456,3
154662,2
199105,4
278120,2
279282,1
141666,7
169332,4
238294,2
242616,1
191969,4
139649,3
153314,3
129386,4
202797,4
166181,1
147720,2
218101,1
286235,1
244756,5
205299,8
208419,1
140483,3
126573,5
207810,3
123581,2
194332,3
201114,1
208335,3
212235,4
140192,1
165541,2
185061,3
197991,2
180803,2
269350,1
269334,8
153050,5
154626,1
180581,6
162194,3
212423,1
198929,2
94790,4
236307,1
189659,3
269742,3
183065,2
288527,1
242486,2
260251,3
150659,3
169896,3
173147,2
179017,4
180651,2
184535,3
199952,4
133407,1
267742,1
96796,5
172061,1
238020,1
193037,1
233805,1
70197,4
212707,1
212825,2
173871,2
220700,2
281956,1
246730,1
291130,2
266350,1
200920,2
289799,1
207043,3
113721,1
125636,3
140984,2
140986,1
157603,3
219001,1
170701,5
227931,1
156736,1
286305,2
222057,2
237368,2
249470,2
268486,2
158105,2
253740,1
212211,2
140739,4
265946,1
270236,1
221640,2
225495,1
93439,2
93890,6
96288,3
97759,1
211534,1
121833,3
119593,1
123745,2
117186,3
214724,1
261671,1
269762,1
204116,5
200916,2
228927,3
238812,2
92408,4
144866,2
88213,3
212781,1
176593,1
147718,3
209145,3
169258,3
204968,3
288315,4
186099,2
209723,1
143930,4
183333,3
216707,3
26267,5
79234,1
99489,2
116965,2
215199,1
256231,1
169596,1
214810,9
158715,1
177977,3
212609,1
193109,2
199225,8
189649,1
114188,2
177277,2
203328,2
288939,3
126152,2
135438,2
286735,2
178035,4
152761,2
98936,1
163957,3
171533,9
215135,1
167108,2
185871,4
168730,2
27477,3
182069,8
246128,1
249262,2
116175,3
272205,1
175725,1
284697,2
163745,2
265136,1
178525,4
250990,2
264966,2
209643,1
246056,3
182491,3
196809,3
163817,2
180273,3
166769,2
125089,4
212217,1
243416,1
269220,3
157757,3
268460,1
237097,3
227436,5
178235,2
102870,4
280294,3
186807,2
216257,3
107466,2
217613,3
227909,2
157367,6
207051,1
190537,1
210801,5
277486,1
207694,2
167090,9
177935,5
164270,4
144240,2
170397,2
129066,4
270170,2
291459,2
112982,3
129197,2
269598,1
131316,3
26685,8
162782,2
134567,3
277498,1
214991,1
210443,1
210433,1
183285,4
120871,2
210583,3
116185,4
265900,3
157098,10
193541,4
116052,5
106996,2
219071,1
282435,2
245306,2
225353,3
273055,12
196967,2
89213,3
125195,2
233901,3
242052,2
130130,1
154978,3
132060,6
266684,1
199143,6
181583,4
279102,1
192169,2
192183,3
277442,1
225141,2
205102,4
160842,1
280568,2
238116,2
131856,5
262889,2
93667,2
171539,1
214090,2
284933,1
184851,1
258355,1
201604,2
116193,10
217765,5
217879,1
221726,1
268456,3
186083,2
186123,1
235003,3
97236,4
142965,2
143424,1
215387,1
278416,1
236905,1
193715,2
180029,7
254825,3
269212,2
200918,2
80368,5
222280,1
44571,5
247324,1
256797,1
213349,4
212745,2
120915,1
211626,2
277614,2
243498,3
146427,6
186881,7
220006,3
239614,2
291377,1
291901,2
218117,3
162000,1
270026,7
133606,1
133415,4
277582,3
251878,1
157761,3
93931,1
197803,6
182719,2
124937,5
191593,1
182077,5
142334,5
218401,4
103177,5
227963,1
212215,2
289553,1
270084,2
176123,4
63339,5
163583,1
184527,1
277450,1
233409,2
32062,7
192879,2
84162,4
180197,2
248674,1
149794,4
206423,4
219035,2
244900,1
266406,2
269444,2
133939,3
186077,1
244036,3
152559,2
152531,1
198517,3
201524,1
188297,4
169562,3
190341,2
201172,3
209859,4
192549,3
212761,1
207700,1
246816,4
141904,5
180179,4
271246,1
135348,7
95305,4
228941,3
136832,1
277526,1
189227,1
212719,1
151001,1
178653,2
246914,2
290848,2
210501,4
288469,1
246106,3
236857,6
91531,3
191083,1
251580,1
188545,5
64979,2
222475,1
274231,2
193908,1
285909,1
209095,3
208875,2
259947,4
243970,1
172291,2
172891,2
200876,2
207053,2
98819,1
243232,1
286491,1
247954,1
282231,2
212649,2
212669,1
155322,2
241766,1
134006,3
264928,1
186191,1
166443,5
218509,1
108588,2
190857,1
200844,2
148618,5
190985,2
151837,1
169306,8
151011,4
217509,2
230533,1
282477,2
287703,5
212150,1
133337,5
192189,3
188899,2
86451,6
89668,2
192329,2
279156,1
158948,2
172965,1
125189,7
190869,5
243324,1
247990,2
166425,5
279100,1
170703,5
162622,1
80243,2
148638,6
169510,4
279266,4
286155,3
266826,1
131775,1
157687,2
207057,3
79278,2
286495,1
201026,16
158685,1
152553,1
212759,1
226974,3
223123,3
124077,2
254376,1
263073,3
268488,1
157811,2
169044,2
198183,3
277476,1
191135,2
210487,1
212743,2
261291,1
76699,6
291379,1
195545,2
102744,5
267436,1
264169,1
269042,1
199213,1
157753,3
157781,2
92691,5
93189,2
206503,4
280090,1
285823,1
158990,4
200482,5
252642,1
268630,1
162546,7
219216,1
171147,3
94146,5
121318,2
144166,2
170159,1
147070,4
216275,3
238560,3
202321,2
232945,3
178923,7
258255,1
241038,1
91503,3
110267,3
118242,1
188351,4
167144,3
100519,1
179935,2
150671,2
212629,1
204442,2
205283,6
189861,3
157206,4
268254,2
88017,2
116921,1
163310,2
199682,1
175269,5
261253,2
261257,2
208804,4
208349,1
205807,2
216887,1
173217,2
268882,3
278338,2
186151,2
74230,4
83275,2
99671,4
139237,3
142046,3
143442,1
173883,7
277456,1
217061,4
197685,2
231889,2
131810,5
232407,1
258109,2
122843,1
186153,1
175517,4
200994,1
231125,1
231343,2
264418,1
282609,3
277448,1
247694,2
166786,2
185079,2
99717,2
214700,6
210589,1
243478,2
241896,2
253226,1
258505,1
139153,1
134730,1
125167,2
186199,3
155298,1
248124,5
261191,2
248970,3
163961,2
206421,4
212637,2
255261,1
159660,4
192929,1
286247,2
153670,2
182753,3
230509,1
133065,1
186025,2
205967,7
194344,2
118294,1
234709,3
256187,2
276303,1
180991,1
208311,1
254520,3
209407,1
179347,3
286243,2
167286,4
252116,2
254162,1
143963,1
162454,1
148432,8
289481,1
123683,3
213600,1
242672,1
181841,7
217725,1
218489,1
168460,4
286681,2
285647,3
213866,2
260023,2
256313,1
209959,1
240350,1
205623,3
281954,1
188051,5
202303,4
282489,1
214004,1
172135,2
198213,1
249274,1
204660,1
110761,1
251766,2
65878,7
101732,1
285357,1
274371,1
229025,2
279614,1
89926,1
252080,2
257111,5
164618,1
123685,1
252914,2
220226,2
289493,1
245112,1
186909,2
229603,1
240000,2
211582,3
285875,5
226286,1
253602,1
214656,3
282975,1
141747,1
213750,1
240366,1
220252,1
232763,1
288361,2
174161,2
212072,2
269432,3
284171,1
183013,5
213335,1
245904,1
78658,3
116189,1
127078,2
150142,3
241286,1
281550,1
74159,5
215279,1
124617,1
264960,1
134908,1
136299,5
257849,2
204142,3
169350,1
277842,1
204604,2
102399,2
175625,3
174305,2
78249,2
243964,1
189441,4
213796,1
218005,1
129828,3
193381,4
155466,2
283935,3
249158,1
213045,3
232753,1
132333,2
184881,1
182423,1
180143,1
150908,1
151705,1
174047,2
198219,2
289143,1
286865,4
107404,3
189321,4
183923,3
155002,1
134433,4
133283,1
266672,1
200462,3
126322,1
172081,4
120771,1
256511,1
194314,1
198421,4
167560,2
286287,3
200344,3
277040,1
211822,4
278032,1
288179,1
258135,1
168762,3
193433,1
287835,1
177659,4
148208,2
177605,10
187411,2
156799,6
259019,1
145827,2
205585,1
220748,1
253912,2
264369,1
163755,1
162212,3
253004,1
213790,1
280552,1
288597,1
147064,4
192591,2
209457,1
287747,1
198433,2
161374,2
211584,2
234853,3
174923,5
266098,1
282397,1
185289,1
213738,2
83281,2
187905,6
122159,1
208559,1
203090,4
196821,1
136082,4
229501,3
286473,1
170879,4
277156,1
189617,2
126190,2
172779,3
197421,3
281212,1
207353,1
290143,1
159896,2
158679,3
289535,1
264802,1
264311,1
191657,1
172823,2
149802,4
220010,1
213740,2
181529,2
166506,4
199356,1
142763,3
204652,3
245494,2
283693,2
282589,2
185839,4
215039,4
177021,2
189463,2
248530,1
280926,1
123238,1
260001,1
216631,6
220022,2
92231,4
280270,2
253604,2
280086,2
255231,2
249174,1
187343,2
252420,1
126296,3
192611,3
153680,5
169838,2
268876,2
148222,1
151923,2
221906,4
207091,2
290149,1
268562,1
249026,1
281308,1
230781,1
213758,1
215269,3
290557,2
220028,2
153684,1
210633,1
234117,7
229521,1
180521,1
280888,1
159805,4
214140,3
279990,2
291739,2
124073,1
108204,4
194472,4
280058,3
156048,3
131209,1
264494,1
247232,1
287827,1
282525,1
114170,2
182791,3
108479,2
152513,4
285047,1
272229,1
178531,5
140521,7
209349,1
93792,6
168102,2
277422,1
232511,2
245010,1
225425,1
287757,1
180119,6
182329,2
289525,1
201516,1
230769,1
210011,3
230607,1
281498,1
162746,3
191513,1
242882,6
176445,2
231277,1
283759,2
287355,1
209147,2
119659,4
281372,2
247574,1
198435,3
247076,1
128435,2
288779,2
182575,3
226352,1
201558,2
235597,2
281520,1
222687,1
121057,2
207463,3
193377,2
209143,2
289025,3
247628,2
227312,1
254030,1
285257,1
131411,2
288715,1
207974,1
251512,1
280908,2
220196,2
246044,1
260025,1
224909,2
246980,1
167542,2
265636,2
264492,1
188363,3
197653,2
163358,1
96193,2
229833,1
125864,2
254566,1
213964,1
135286,2
133179,2
268208,1
273707,1
285859,1
187401,4
216328,4
209541,2
204430,2
252448,2
258073,3
230503,1
151068,2
193992,2
231469,1
248468,2
134591,7
264205,1
92843,2
273999,1
173363,1
241670,2
187293,4
187413,2
203775,4
152938,1
202515,2
231237,1
249476,1
217675,2
198337,3
152936,4
198869,2
280074,2
179485,4
161670,3
216459,1
272515,1
274813,1
193383,2
192915,2
26016,2
215285,2
145781,2
117586,3
252896,1
261479,2
282857,1
182189,11
232747,1
282153,2
216759,1
243692,2
123751,3
136088,2
144056,6
274263,2
271140,5
122958,1
208066,3
33092,3
181425,1
125898,2
258013,3
202141,2
273001,1
262823,1
216043,1
190207,3
140006,8
281872,1
187019,2
117889,1
223494,3
132452,1
263225,1
224811,2
190579,2
208643,6
197493,5
229277,1
213656,1
174347,1
277844,1
195383,1
258847,2
226762,1
179981,4
131369,2
289279,2
176139,3
182415,2
272803,2
181575,3
187387,2
99439,1
192763,1
182145,7
248982,1
289063,1
291629,1
220228,1
144674,2
184065,4
283757,1
184327,1
205499,1
108389,2
197215,1
255411,1
189949,3
228063,1
269896,1
275781,1
244852,1
285013,1
189717,2
276289,1
246064,1
179833,2
285863,1
260485,2
217374,2
282635,1
175907,3
177671,1
207277,2
265200,2
183659,4
209461,2
216161,2
160830,5
224030,1
179477,3
193467,1
193325,1
286465,2
290155,1
287445,1
160946,3
265492,1
257031,1
285391,1
174749,2
246548,2
181871,5
182167,4
187015,3
286125,1
227332,1
239924,1
278950,1
182761,1
159797,2
190645,1
194438,4
167258,3
275241,1
275861,1
149047,3
218879,1
138262,1
226520,1
181809,5
261567,1
271975,2
225127,1
218141,5
251610,1
95560,2
230589,2
246704,2
98294,3
277118,3
186369,3
179067,2
263493,2
262905,1
269990,1
268244,1
178739,1
203216,1
268968,1
253232,2
249092,1
273175,1
159387,2
191331,1
290585,1
257033,3
165637,5
181853,6
181891,6
284655,2
187155,3
224963,2
282367,1
81405,2
159022,2
131822,2
266860,2
273975,1
171399,3
232363,1
161338,6
216035,2
176197,2
176199,1
276823,1
93201,2
201634,3
275197,1
123504,2
237129,1
262981,1
180631,2
222717,1
182093,4
279052,2
222665,1
277062,1
282897,1
149792,2
281524,2
122930,2
267588,1
103604,5
248128,2
249738,1
288913,1
250002,1
170351,4
129391,2
268552,1
286153,2
223075,2
141478,2
182101,5
231417,3
292601,1
276585,1
125107,1
280212,1
179899,3
271619,1
226638,1
277284,3
271156,1
116130,1
285009,1
290529,2
180075,3
286229,1
219063,1
114777,6
172425,3
175365,2
177673,2
216364,1
265708,3
267530,1
255673,1
168938,1
152509,1
194522,1
204574,3
285609,1
287771,1
90806,4
261803,1
124568,3
134097,6
113284,3
289635,2
222719,1
170919,7
211305,1
285035,1
111585,2
243944,2
287033,3
246118,1
212887,1
288873,4
102972,1
282107,1
284369,2
154768,1
221318,1
117302,1
273043,1
286417,1
194568,1
172713,4
202763,1
177955,2
211876,4
246294,1
251022,1
252648,3
220774,1
236013,2
228707,1
235781,1
178631,1
208553,2
164505,1
189387,1
266634,1
234017,1
156093,2
193097,1
192637,5
285027,1
170066,4
195773,1
197637,2
220512,2
269616,1
284745,2
170329,1
189623,3
117614,4
177745,5
143833,1
213303,1
224018,1
224132,1
289591,1
221148,3
218229,1
140243,3
224236,1
286467,1
193303,2
229977,3
285897,4
146742,1
233559,1
239276,1
202805,2
274997,1
123079,2
221806,1
178881,2
287587,1
137437,1
250328,2
179667,1
185827,1
181845,6
278224,1
99798,3
276063,1
280282,2
232185,1
192445,1
230523,2
177979,1
178359,1
186373,1
145518,2
216225,1
254710,1
198467,3
179861,1
139457,2
261527,1
94310,3
203246,1
272447,2
247642,1
226284,1
175859,2
175895,2
291367,1
206787,1
257689,3
195905,2
109062,3
180193,1
119780,1
177961,2
132175,4
152481,2
144616,5
178845,1
216440,2
245052,3
273231,1
273949,1
286629,1
286245,1
222827,2
175623,3
178887,2
185897,1
290379,1
268140,3
171389,1
143581,4
279442,1
259259,2
274267,1
256881,1
276961,1
177691,1
117610,1
208587,1
241998,1
232175,1
156563,3
199125,2
199460,1
289173,1
178935,3
288907,2
203238,1
206696,2
222294,4
113311,2
150190,2
134264,2
203863,3
121997,1
189385,1
177927,2
185949,3
190095,2
270082,1
116791,3
240554,1
162486,1
195325,2
235151,3
159922,3
269340,2
204210,1
287627,1
122587,1
199251,2
276917,1
177679,3
285015,1
193545,1
85203,3
281034,1
121511,1
169230,2
215085,2
164159,2
177835,2
183657,1
282105,1
85323,3
187565,1
279050,2
230623,2
193291,3
257385,2
181131,2
275227,1
69485,3
128259,3
164993,3
189389,1
225996,1
265362,1
158874,3
235935,1
177965,2
197635,2
287139,1
292597,2
224238,1
283109,1
286531,2
178285,1
219527,1
122035,2
220234,2
263911,1
288633,1
196767,3
121237,7
91713,3
279048,1
240718,1
185557,3
176439,1
118964,1
246562,1
149098,1
150178,2
193601,3
277198,1
219587,2
270966,1
137833,2
157625,6
171381,2
214274,1
166703,3
290121,1
250670,1
230593,2
215485,3
244656,2
178065,3
246522,4
289065,1
246346,1
167724,3
276295,2
200180,1
217931,1
280504,1
259319,1
184729,3
254434,1
162360,2
213652,2
130732,1
186375,1
152187,4
210201,2
181771,6
232003,1
287089,1
276817,1
200198,1
178869,3
176177,3
282605,1
79104,3
149856,2
239990,1
283643,2
283645,2
283647,2
223518,1
107157,2
122379,1
130940,1
140421,2
143809,1
145881,3
163378,1
170137,1
171137,1
190161,3
201713,1
282453,2
276385,1
198861,1
271403,1
136411,1
114048,3
133557,3
203340,2
205405,3
100642,1
108658,2
127660,1
130430,1
130590,1
141118,2
145326,2
162678,1
170577,1
181483,2
187021,2
192575,1
194773,1
196739,2
198665,2
200244,1
200640,3
204316,3
205845,1
209343,1
216543,1
144074,2
241648,1
253308,1
256029,1
199598,1
181063,1
132280,5
161420,1
97073,4
121320,1
145114,3
153682,2
153726,1
154711,1
161054,2
165653,3
185857,3
188063,2
190383,2
190991,2
194817,1
196371,5
206427,1
209895,2
188677,1
222667,2
206811,1
260551,1
170655,1
139142,1
122964,3
249472,1
183023,1
136888,1
137158,1
137926,2
173395,4
87325,2
113184,2
123808,1
126237,2
144128,1
144842,1
148202,1
151827,1
174779,1
176911,1
180881,1
196327,3
204080,1
206453,3
206747,2
129215,1
186827,2
190263,1
213437,1
131564,2
133984,1
277764,2
172557,2
122155,1
149690,1
151058,1
169142,1
179207,2
193087,2
204092,1
158435,2
200990,1
286731,1
239488,2
276343,1
205823,1
135176,2
137068,2
138048,1
156213,4
90543,7
109812,2
117634,1
121815,1
144906,1
155615,1
157236,1
163741,1
165957,2
167326,1
169086,1
174707,1
191861,4
203507,1
211119,1
216641,2
269014,1
163160,1
257035,2
226416,1
135039,1
137176,1
135149,1
86508,6
130420,1
283651,2
170109,4
96695,1
144220,2
151919,1
158988,2
161167,1
172599,2
174799,3
180889,1
190425,1
200690,2
202775,1
208325,2
211792,2
225850,1
240914,1
243352,3
220964,1
225079,1
200952,1
271084,1
193203,2
135035,1
231569,2
96585,2
100370,2
117748,1
118920,1
139185,1
148024,1
156356,1
161332,4
170171,1
180353,1
180949,1
190069,1
191573,3
199486,1
262047,1
101444,1
132532,2
134186,1
103563,6
116239,1
126060,6
150584,3
155195,1
159343,1
164023,3
165903,2
166994,2
171569,4
175183,1
177345,2
180105,1
189279,1
190275,2
204992,2
213507,2
215429,2
126002,1
278050,4
190773,1
260641,1
174895,2
265824,2
181431,2
281122,2
290065,2
278666,2
148118,1
156250,1
170491,2
176951,1
183531,2
185849,2
188441,1
206085,1
213085,1
216591,2
216959,2
144884,1
193239,1
219390,2
183371,1
132510,1
134551,1
157389,2
253154,1
288069,1
185739,2
235617,1
132226,1
132553,2
157314,2
159664,1
164009,3
174769,2
183243,1
188289,3
190371,1
204586,3
209633,1
214530,3
123141,1
223029,2
123176,4
271060,2
265816,1
135905,2
136836,2
287683,1
209091,2
87266,1
148190,1
149041,2
159349,1
175147,2
190131,2
195817,2
195819,1
201789,2
216697,3
217007,1
222342,2
255067,1
214184,1
290277,1
157458,1
156873,2
267658,3
124779,3
289755,1
110163,1
125954,2
137626,1
140607,1
153660,4
156708,1
161978,4
166697,1
180871,1
188347,3
194925,3
202289,2
203625,1
290517,1
206222,1
276121,2
72391,1
93002,1
123046,1
123894,3
125601,1
143769,1
163350,1
189299,1
195447,2
215005,2
163282,1
262043,1
210291,2
196749,1
171753,1
189611,2
135073,1
137982,2
135913,3
160213,2
278168,2
89831,1
141706,2
148337,1
157907,1
162074,2
180775,1
183707,2
183881,1
184883,1
186419,4
206993,2
207305,1
214060,2
280886,2
163346,1
236883,1
274827,2
215505,1
195629,3
290273,1
107430,2
134176,3
222769,1
283653,2
213624,2
26446,4
115620,3
124492,2
147619,1
149272,1
167000,1
180337,1
188711,1
197517,1
206242,1
206809,3
216358,1
216623,3
163074,1
203290,1
276813,1
136098,2
156883,2
271455,2
131206,2
285125,1
123896,1
138890,5
150198,1
169710,2
192175,2
195949,1
199360,1
207534,4
209613,1
148270,1
175551,1
279668,1
200830,1
137721,1
131992,1
265894,3
166812,2
115635,2
123052,2
149542,2
157063,3
163839,1
168746,2
173877,3
180647,1
196721,2
198675,2
124835,1
202565,1
284163,3
175709,2
253282,1
193453,1
175313,2
125491,1
263535,1
194758,1
287947,1
100040,4
121877,1
121991,1
123395,3
126054,2
142412,3
149278,1
151091,1
156129,1
168486,1
180633,1
183839,2
193089,1
198307,3
199069,3
205911,1
215511,1
210239,1
199472,1
214000,1
160368,2
277756,1
234207,3
114282,1
121043,1
143747,1
145919,1
147742,1
154307,1
155308,1
160704,1
161358,4
163360,2
165809,1
170845,1
175089,1
180903,2
180941,1
184631,4
198553,2
205975,1
211548,2
211596,1
144886,1
163290,1
235889,1
287677,1
275159,1
181521,1
247542,1
121432,3
166429,3
116883,1
121654,1
124875,1
169976,2
170385,2
188627,1
200478,1
201935,3
203879,1
211005,2
213443,2
126102,1
163098,1
179683,2
198325,2
270802,2
77615,1
90395,1
120074,1
158557,1
169950,4
189057,2
189139,1
191163,1
143787,2
167758,1
222735,2
276411,1
246324,1
211079,1
245412,2
182707,1
267712,1
274951,1
104264,2
124454,2
124803,3
140597,1
156830,1
171079,1
175385,2
190381,1
209791,1
211714,2
217579,1
212843,1
164079,1
201857,1
231289,1
242376,2
141878,1
199542,1
193735,1
280970,1
269564,1
134294,2
114355,1
153496,1
189579,1
190473,2
195387,1
205929,1
194476,2
260415,2
219031,1
241918,1
184833,3
165109,4
228955,1
283641,2
140908,1
143639,2
151617,1
161466,2
163332,1
166990,1
168234,2
196857,1
197693,1
198105,1
198339,2
202305,1
208969,2
211900,2
213453,1
252192,1
165991,2
273173,2
256159,1
134266,1
134595,2
94365,2
140924,1
141664,2
146752,1
148341,2
150784,1
166717,3
177801,2
180901,1
182955,1
191571,1
192869,3
194768,5
215133,2
292359,1
271052,1
208761,1
271547,1
124941,1
156206,1
188799,2
138552,1
163132,6
287021,2
76160,2
36286,4
89323,2
121911,1
144816,1
151521,2
188133,3
211682,2
112001,1
152206,4
214904,2
195323,5
199404,1
261383,1
275925,2
140775,2
132126,1
159668,3
46595,6
102456,1
130182,1
130778,2
147869,1
155155,2
157208,1
159281,1
161980,1
163815,1
168666,6
170651,1
175437,2
178687,2
191151,1
192959,4
195069,1
201130,1
201280,1
203324,2
203573,2
212549,1
98213,2
215625,1
137574,3
238232,1
210043,1
1847,2
125833,1
146832,1
149452,1
151080,1
155943,1
180907,1
209399,1
144890,1
160840,1
194524,1
132076,1
133274,2
121935,2
143303,1
145378,1
152218,2
155191,1
155571,2
181011,1
184733,2
185787,1
188617,2
203857,1
204222,2
204428,1
205777,1
210215,2
211762,1
211916,1
289765,1
278998,1
245768,2
241930,1
211578,1
132727,1
133453,2
134929,1
234903,1
283845,1
120242,1
124198,1
142620,2
159297,1
162224,2
164641,2
167994,2
176357,2
179937,3
194080,1
203577,2
203687,4
209901,1
210989,2
216665,2
253742,3
279160,2
229925,2
275175,1
288309,1
135003,2
268402,1
191251,4
261769,1
277730,2
288905,2
92925,1
118040,2
130148,2
148648,1
173269,4
184595,1
198589,1
215817,3
230543,3
247034,1
167972,3
158815,2
270062,2
163805,1
140910,1
141424,5
145875,1
156704,3
171785,1
189009,1
191747,3
192589,1
202297,2
208128,1
212249,3
199085,1
241708,1
272611,1
276211,1
219095,1
180407,1
134540,3
134845,1
270266,6
218933,4
113678,1
152415,1
157933,1
160950,3
165791,1
167348,2
187965,2
190055,2
196601,2
197903,2
206369,1
73447,1
249168,1
186545,1
282085,3
230389,1
233283,1
224689,1
253478,2
264476,1
264712,1
271092,2
178777,2
225511,1
247696,1
141381,1
288831,1
127048,1
252756,1
163016,1
261739,1
222252,1
198263,6
286931,1
275687,2
271509,2
265540,1
222449,1
150413,1
292753,1
242892,3
281860,2
275959,3
284069,1
249342,1
161512,1
200502,1
252460,2
267156,1
279396,1
235463,1
241366,1
251912,1
155731,1
224561,1
201630,2
200710,3
175377,1
286785,1
204922,1
273393,1
144025,2
129808,1
180115,1
242984,1
286749,1
236213,1
215433,2
287109,1
265724,1
245730,1
130284,1
150391,2
283685,1
211426,2
211804,1
277594,1
281782,1
249464,1
70611,2
174189,1
283381,1
225671,1
225601,2
249334,1
140583,2
286545,1
149038,1
201424,1
156673,1
188479,1
290781,1
171999,3
150457,2
259349,1
249338,3
220454,2
195889,2
251164,1
285137,1
166818,3
140389,2
235991,1
281330,1
123743,3
284061,1
100347,3
134898,2
130954,2
180493,1
236899,1
202597,2
275681,2
207588,2
186455,3
225573,1
182567,1
218511,1
229885,3
234667,1
264165,1
265496,1
225535,1
290409,1
286537,1
254676,1
153526,1
277572,1
278734,1
184863,1
260043,1
260083,1
239328,1
291719,1
224915,1
122619,1
155517,1
175403,2
284363,1
262951,1
266196,1
225549,2
188097,3
219796,1
160868,1
206647,3
217723,2
190483,3
162238,2
247996,1
248876,1
273761,1
90497,1
252384,1
127001,1
223978,2
275787,1
278524,2
283293,1
112603,1
248642,1
243444,1
168490,2
225539,2
139110,2
236895,1
283883,1
270220,1
181107,1
291721,1
278122,1
245342,3
182173,6
262131,1
281506,2
207518,2
261585,1
262649,2
235299,1
248728,3
234821,1
247388,1
259245,1
262751,1
178327,2
237256,1
216079,4
194604,3
208353,1
233873,2
286259,1
124697,1
169382,3
282027,1
247178,2
210425,2
225613,2
289721,1
123741,2
279672,1
148584,1
281624,1
248474,1
162848,3
262587,2
149558,2
233739,1
239266,1
286941,2
201642,1
141181,1
274041,1
261337,4
160384,2
280338,1
202583,1
216083,1
219208,1
154282,2
254064,1
274043,1
270370,2
214989,2
225553,2
117730,1
209115,3
180203,1
281812,1
204118,2
277570,1
283777,1
283413,1
188093,4
231059,2
258063,2
195675,2
261297,1
217140,1
195709,3
205895,2
221152,1
146204,1
155737,2
235843,2
241274,1
118222,1
210421,1
193251,2
225593,1
125383,1
236145,1
281724,1
203032,2
112992,2
174205,1
123008,2
286157,1
290623,1
176863,2
197451,2
169638,1
244630,3
283107,1
260009,1
290315,2
189813,2
270738,1
197487,1
286925,1
214692,2
199512,1
122601,1
208579,1
236275,1
283587,1
289973,1
272443,2
268228,1
193173,2
190703,1
286751,1
243330,1
158649,2
225363,1
169500,1
290377,1
225301,1
277946,1
226938,1
289911,1
278048,1
105846,1
218357,1
291056,1
124143,2
266170,1
281926,1
222107,1
250664,4
292093,1
290866,1
117869,1
273093,1
218541,2
246706,1
206465,1
259761,1
178149,2
247786,1
255911,1
156539,1
281930,1
223664,2
275439,1
114256,1
207816,1
291495,1
169590,2
275977,1
254807,2
278452,1
291491,1
282731,2
292737,1
244904,1
290984,1
291098,1
238996,1
277196,1
131310,1
208243,1
147672,1
254432,2
283843,1
261415,1
202465,1
218859,1
217709,2
276007,2
142630,2
282761,1
165519,1
291383,3
291200,1
291206,1
230583,2
256705,1
148576,1
277646,2
220206,1
273871,1
218523,1
235057,1
290854,1
159385,1
122723,2
205971,1
267176,2
267466,1
282011,1
203098,1
223766,1
224144,2
226502,1
250628,4
286041,1
279968,1
290940,1
291070,1
291320,1
100559,2
284785,1
232143,1
278942,1
289639,1
184677,1
219101,1
260267,1
180187,1
156033,1
280018,1
289895,1
290349,1
246732,1
246906,1
271555,1
147980,1
259463,1
262159,1
235423,2
56874,1
184591,1
258943,1
250624,2
258033,1
278382,2
214890,2
246180,1
260513,1
285807,1
290958,1
291286,1
228665,1
217623,1
181881,6
225705,1
184961,4
272357,1
150082,1
286631,1
289909,1
291176,1
233495,1
246542,1
291116,1
175975,2
212665,1
288721,2
277174,1
182147,4
271471,1
245936,2
279730,1
281240,1
209369,1
249450,1
290834,1
291314,1
291977,1
291983,1
282487,1
148314,1
226142,2
205901,2
291455,1
273113,2
203268,2
291138,1
145152,1
214508,1
228137,2
203703,2
150036,2
276473,1
140206,1
291224,1
138044,2
138228,1
273255,1
207938,1
239710,1
233101,1
156583,1
235623,1
197425,3
264085,2
262945,1
255287,3
282673,1
160998,2
162438,1
218087,1
224567,1
265620,1
266404,1
277950,1
286633,1
261313,1
290902,1
285751,1
123139,1
232397,1
269060,1
227248,1
124039,1
218001,1
291108,1
271228,1
165371,1
282437,1
224647,2
277172,1
225697,2
269044,1
251166,1
263345,1
268238,1
255029,1
286913,1
154356,1
190715,1
226884,1
246632,1
210157,5
218423,1
230473,1
290831,1
291124,1
181805,3
197559,1
99314,2
282383,1
213071,1
272173,1
291088,1
175491,2
287493,1
269240,1
258933,1
269814,1
273889,1
286057,1
290817,1
291296,1
188947,1
61083,4
74317,3
265482,1
177559,1
222226,1
223618,2
250074,1
247496,1
150328,1
262929,1
266390,1
221644,1
262121,1
214328,1
286007,1
150590,2
245858,1
248640,1
219482,1
248082,1
289581,1
111042,1
211129,2
273477,1
290996,1
222645,2
277958,1
119448,2
290531,1
290659,2
287583,1
217306,1
235059,1
290970,1
211854,1
244600,1
286813,1
270374,1
274159,1
195593,1
212333,1
289301,1
262085,2
212130,2
290898,1
77451,2
155745,1
288343,1
258055,1
150026,1
259049,1
278192,4
279022,1
290964,1
285813,1
281970,1
282121,1
238222,1
256355,1
168940,2
258007,1
260663,3
239558,1
282429,1
142521,1
174523,2
289923,1
124364,1
215307,3
286911,1
289893,1
96702,1
231529,1
291250,1
282157,1
226068,1
219163,2
189345,1
286179,1
286683,1
279786,1
236743,1
273489,1
157480,1
262709,1
278532,2
221638,1
142166,2
162580,1
231165,1
188367,1
274065,1
193457,2
275911,2
280772,1
214906,1
279516,1
266912,1
264091,1
267788,1
244896,1
147883,1
159960,1
171653,1
273319,1
266840,1
158437,1
235505,1
219635,2
188313,1
179383,3
197449,2
280748,1
243490,1
113989,1
193131,1
282307,2
256137,1
265802,1
247118,1
122266,2
193411,1
287441,1
291887,1
211167,1
218791,1
282117,1
180945,2
248738,1
145686,1
220060,1
284017,1
264466,1
197851,1
190013,2
252402,1
224985,1
82017,1
279530,1
244890,1
239360,1
204410,1
273085,1
248158,2
188323,1
130540,1
122821,2
286783,1
280608,1
280642,1
165077,1
284833,1
190009,1
263869,1
278782,1
131694,1
278280,1
108542,1
113577,1
288437,1
253048,1
146676,1
124558,1
225381,1
229411,1
176443,1
140172,1
164421,2
188041,1
180845,1
280632,1
226750,2
247790,1
198711,2
123545,1
243968,1
244826,1
287685,1
181655,1
191955,1
268256,1
160404,1
143967,1
155567,3
220786,2
283215,1
171065,1
205875,1
167098,1
279878,1
146554,2
286893,1
223648,1
266320,2
124027,1
232777,1
251074,1
187513,1
201040,1
130380,1
210597,1
264410,1
268264,1
266816,1
242102,1
155531,1
233547,1
188045,1
283601,1
195035,1
236757,1
225017,1
232895,2
286889,1
189607,1
279096,1
225377,1
265184,1
181747,2
195083,1
166882,1
107984,1
174023,1
250192,2
201096,1
234137,1
193005,1
274487,2
168082,1
250410,1
181823,1
249426,1
255251,1
264307,1
268180,1
268182,2
268330,1
265830,1
182083,2
99919,1
290469,1
121440,1
262377,1
124935,3
255091,1
285829,1
245414,1
265820,1
130538,1
167956,1
142895,1
198341,1
246776,1
192095,2
181825,2
181827,1
159955,1
280746,1
211281,1
248478,3
217264,1
143851,1
287197,1
289757,1
206333,1
198253,1
228611,1
240276,1
280750,1
144822,1
233065,1
281508,1
283599,1
238178,1
181713,1
163891,1
267430,1
247490,1
162236,1
288777,1
163084,1
268300,2
239146,1
282947,1
248550,1
198717,1
184083,1
245866,2
283989,1
234925,1
126170,1
140824,1
166924,1
267786,1
250176,2
81100,2
280644,1
166159,1
220608,1
265274,1
280742,1
141458,1
124709,2
276819,1
191985,1
132737,1
256529,1
250188,2
143494,2
113743,1
282127,2
278118,1
132628,1
283717,1
221768,1
198671,1
243486,1
160762,1
290173,1
191989,1
248868,2
200666,1
187917,2
219595,1
234027,1
280578,1
280646,1
170060,1
150762,1
274591,1
257749,3
215849,1
219115,1
269942,1
245308,2
158410,1
159951,1
226912,1
203274,1
124482,1
214438,1
292361,1
285605,1
116983,1
163210,1
229351,1
268184,2
250578,3
278772,1
278688,1
255833,1
203172,1
164451,2
158190,1
240312,1
263839,1
121775,1
169820,1
262827,1
279772,1
248682,1
192467,3
186211,1
172305,1
122007,1
168404,1
249870,1
143490,2
273401,1
267666,2
74330,1
124023,1
107713,1
216703,1
183693,1
275239,1
233307,1
281840,1
198051,1
244222,1
189343,1
245820,1
266856,1
216344,1
252938,1
196709,1
227745,1
207872,1
282817,1
225223,1
270504,1
289683,1
211406,2
230819,1
186399,1
277872,2
226768,1
150158,1
233383,1
227727,1
258475,1
232939,1
258769,1
292583,1
282805,1
137813,1
180467,1
212949,1
260299,1
216717,1
233329,1
245980,1
183725,1
192905,1
276923,1
180077,1
225231,2
248776,1
278728,1
255529,1
283421,1
181195,1
249800,1
234125,1
244632,1
245486,1
260047,2
241426,1
241328,1
152260,1
216444,1
282317,1
226216,1
282313,1
282341,1
211802,1
222362,1
251094,1
233601,1
252890,1
274203,1
241940,2
247982,1
192509,1
213301,1
245906,1
109561,1
282325,1
254572,1
246598,1
248114,1
225810,1
204526,1
209001,1
160229,1
179865,1
165513,1
191789,1
167386,1
146568,1
248784,1
221514,1
222260,1
252774,1
257483,1
288911,1
274783,2
191971,1
207485,1
275529,1
172337,1
210091,1
227174,1
207271,1
133013,1
167290,1
272629,2
253356,1
235857,1
216725,1
223472,1
189201,1
147578,1
165919,1
155996,1
286955,1
280986,1
287687,1
244188,1
164582,1
123787,1
233675,1
258497,1
261879,1
289681,1
209237,1
211197,2
229581,1
136532,3
149480,1
283145,1
163364,1
212885,2
256283,1
250418,1
235679,1
158918,1
149152,1
156131,1
228165,1
172373,1
243686,1
245320,1
221394,1
242472,1
289679,1
218943,1
251190,1
138622,1
170861,1
178515,1
208138,1
264185,1
149462,1
269272,1
252580,1
234287,1
282323,1
206363,1
209597,1
193815,1
278268,1
248166,1
175679,1
204716,1
177811,1
216241,1
270654,1
139628,1
246222,1
271477,1
184949,1
116566,1
118810,2
256971,1
172317,1
207520,2
231001,1
246588,1
274789,1
173181,1
226212,1
191769,1
251670,2
233973,1
261617,1
235279,1
278200,2
255105,1
275869,1
216649,1
216350,1
217244,1
248260,1
270288,1
222437,2
104472,1
223256,2
235947,1
240652,1
193922,1
123137,1
209721,1
283197,1
282309,1
165967,1
273295,1
149596,1
128019,1
241176,1
120490,1
180777,1
247980,1
162116,1
229445,1
223093,1
262133,1
282809,1
269756,1
190873,2
202910,1
218869,1
269802,1
212054,1
191637,1
239432,1
240714,1
139689,1
191449,1
223984,1
222655,1
187879,1
217065,1
230187,1
269890,1
272059,1
164663,1
204724,1
268620,1
261195,1
283285,2
137098,1
221222,1
180335,1
222771,1
234251,1
271014,1
218069,1
287867,1
229535,1
266790,1
227460,1
284751,1
276241,1
217805,1
280244,1
217037,1
244506,1
217923,1
177733,2
163859,1
290159,1
277250,1
161004,1
258809,1
286985,1
249104,1
227701,1
258833,1
187731,1
244546,1
219856,1
253552,1
163833,1
192739,1
283227,1
167978,1
228431,1
192075,1
279236,1
247350,1
274977,1
195967,1
235403,1
136568,1
265196,1
224230,1
274657,1
239880,1
250492,1
273819,1
241908,1
287123,1
289751,1
122557,1
265146,1
269544,1
192951,1
229683,1
187913,1
152391,1
143460,1
228193,1
192599,1
240530,1
268870,1
171329,1
275511,1
216987,1
273655,1
229167,1
194608,1
160742,1
133681,1
275667,1
224737,1
207526,1
259263,1
191417,1
183947,1
209301,1
281950,1
145670,1
212455,1
81758,1
246260,1
190353,1
147705,1
274645,1
251838,1
251088,1
266296,1
131618,1
245142,1
278494,1
270100,1
252536,1
160062,1
278548,1
192099,1
216573,1
223163,1
200956,1
190545,1
187895,1
120608,1
264265,1
207528,1
153532,1
161248,1
287759,1
187841,1
275455,1
142104,1
288893,1
269628,1
151525,1
233581,1
192305,1
267664,1
271421,1
88688,1
273509,1
278146,1
180575,1
187897,1
229229,1
269908,1
139395,1
203529,1
1748,14404
53972,8504
2105,11973
3257,7253
4867,1747
8340,3364
2492,801
143347,2600
4559,398
73323,2161
8912,878
170957,871
8614,1527
67186,563
3655,421
8507,1749
79251,771
1642,681
5360,141
4627,203
26386,523
56286,876
166599,6
30701,185
85131,2193
104685,77
6803,584
61692,117
136666,43
163937,421
216735,12
225912,96
226642,8
179593,31
72479,502
100529,47
7057,139
5735,323
5940,502
270346,227
58351,413
3816,336
9015,29
26349,398
5826,449
4528,60
8491,875
4506,1321
2515,498
174157,28
2630,388
100277,76
96724,9
34411,52
3150,364
4927,303
138212,658
5488,92
139511,27
43727,13
56671,135
271631,120
118101,99
148775,174
78247,60
5924,79
2755,183
729,144
32862,72
142527,7
197197,480
89321,138
183641,50
141856,8
176631,9
27685,321
69324,266
226864,6
283533,2
164151,9
138318,6
139343,1
42213,73
208255,15
6839,120
64921,12
105028,62
143069,33
193968,12
141536,60
220356,7
160533,33
100322,81
169022,36
289719,5
84090,23
149788,5
169974,12
234697,3
90133,22
141864,19
176653,92
240476,26
176121,7
203078,16
218733,33
151985,3
278298,13
30856,97
54318,28
81660,40
33296,57
79686,7
141950,73
63229,3
154564,5
160209,50
187455,32
194048,18
213990,36
38867,38
282997,20
27016,32
173731,54
176289,4
199790,5
290301,3
178747,13
3369,26
66006,5
80195,8
216465,1
73912,14
78490,19
105165,10
48704,46
98116,45
196399,10
234763,3
146132,3
152043,15
154166,1
77146,36
147204,10
141242,9
120390,16
256953,7
44392,43
57282,24
104233,37
198243,4
203733,2
204474,15
7214,30
215413,11
25851,10
78765,9
203200,1
273223,1
276225,2
158599,7
201692,3
125499,5
113503,20
80494,32
96755,10
175399,10
174353,5
89588,10
55132,22
184319,6
164881,19
173231,10
189723,2
272551,4
268014,1
118916,17
150417,6
174431,5
32333,16
133796,3
4536,53
265710,8
136435,3
19,24849
2571,93808
3635,5185
40583,4311
59615,11152
114439,503
2085,9908
2761,12381
3039,12106
193065,1918
2822,2084
2950,3998
3138,363
4849,391
4962,133
5015,5935
5463,4591
7156,3275
7165,264
7248,46
37384,1771
44709,1158
78574,2940
170705,2811
208108,948
7396,806
91290,136
6985,1375
6700,93
7420,105
101577,1039
3457,601
200938,567
210641,16
7372,331
69118,156
1856,638
2623,49
26903,1745
81456,327
140267,4060
2844,574
2451,824
754,384
27563,371
27604,517
27664,260
8477,1532
142821,14
190741,269
70599,2581
5109,565
70994,445
125986,22
219416,12
223944,1004
251244,29
200118,31
7096,322
2554,787
188383,306
273133,529
4390,446
32511,119
68522,504
64695,234
49265,138
152676,11
51471,700
199237,165
112565,4
2652,345
71634,32
106212,44
129046,8
140703,17
176009,16
209477,40
215913,7
3947,867
164540,365
8884,429
4608,153
8385,190
100485,60
147138,6
42584,72
202807,11
5227,122
31930,256
152850,12
226590,2
289737,1
133769,142
193912,3
96052,45
167384,6
178557,8
201232,7
41822,18
193195,6
8990,42
397,100
169218,277
124300,23
4295,65
213363,26
191941,82
78270,22
4324,71
7181,126
172601,14
79725,18
165165,2
194965,8
66365,107
26681,175
1420,86
197591,69
241784,51
219372,3
87069,22
120921,10
130734,27
159626,37
989,78
191225,1
282983,148
168722,119
8760,57
1436,67
107916,96
148940,21
188341,49
143275,69
96817,11
118206,18
2930,93
25951,54
270556,115
128590,15
221296,45
47927,16
4204,162
60338,75
145232,4
189451,6
4320,114
2742,63
161702,7
147726,51
282499,21
169924,8
81497,17
113771,54
148194,3
157931,5
175737,5
177981,2
181537,5
190245,3
77154,105
203811,6
219430,32
116128,22
141357,4
170433,18
227002,106
232577,59
83339,17
271288,3
214190,6
199255,37
200312,6
259943,11
102956,77
33958,8
76303,26
98078,9
49929,27
187741,10
206837,2
212477,8
218577,9
220058,27
227717,3
145144,5
197887,10
251246,2
110219,4
80292,8
246812,1
144608,12
181041,10
221492,2
86061,6
146317,25
142803,12
217224,6
279360,1
274677,1
160916,2
104066,6
140547,17
153742,9
119061,14
173751,5
186589,4
168394,5
105717,22
187377,10
31535,5
82179,6
178487,4
27345,12
123044,5
253326,3
245350,13
134519,33
430,265
263149,54
4952,103
8124,38
6833,10
135817,14
136010,7
138234,9
136680,19
268016,1
56775,6217
135567,1816
85020,2618
1192,1443
2374,1644
92,2360
542,3722
553,16211
836,5197
1541,2245
4961,277
5385,1156
34334,1059
43936,2714
3676,4545
120284,14
419,4680
131724,1285
33145,971
4381,813
31687,254
2903,807
6401,218
4483,794
127202,2300
2664,5343
219852,7
1807,167
2964,305
39398,173
57526,548
560,39
4237,367
5489,1179
145935,604
7029,368
27402,305
122274,9
144072,21
219015,628
219705,79
271865,549
274249,125
3930,1307
1938,1348
143257,138
26317,137
27109,330
73824,57
5054,722
3584,569
109733,71
165087,176
7215,1214
98963,85
163931,86
6304,228
8894,246
77854,244
125139,4
96096,32
201861,158
8844,185
31152,33
69336,11
92758,8
145604,2
150316,13
168608,401
43908,213
172327,8
141137,15
6906,61
122819,12
126140,8
5243,163
174883,20
26698,82
57209,26
60494,13
154876,7
237232,2
6057,249
79860,358
173499,83
172631,18
172699,111
174089,7
182543,9
200054,275
201202,14
117861,80
6149,29
26288,49
2218,53
170711,4
272211,225
172573,46
2994,77
85585,45
45658,75
87270,158
216473,7
100436,137
172549,32
184835,51
193799,19
48673,78
188433,4
2785,156
79498,67
92514,10
129030,26
149516,10
186391,15
195529,32
261845,41
169406,9
27198,66
194450,65
38994,94
171771,13
126022,13
246158,1
197553,4
176795,16
231145,26
211510,42
102535,34
132772,2
26424,37
183799,12
180081,11
222641,5
142813,18
155650,13
177529,15
107707,96
188515,28
78934,41
122789,28
128427,3
163715,26
210237,7
183317,2
8524,66
115084,1
116572,3
86412,80
281912,19
163749,1
192567,3
199452,8
226440,7
245624,6
138802,3
173913,44
146511,5
172569,6
109015,14
168900,3
138929,3
187813,10
218767,1
189695,25
103776,9
140757,9
62334,10
209619,3
69753,7
174735,1
258677,20
281628,3
214144,3
8901,40
170475,18
112288,50
163925,66
261931,1
187423,10
225609,2
60237,8
198291,25
214606,2
259283,29
101235,18
158159,33
177929,8
159803,8
44825,14
130422,5
181741,6
234927,2
254214,28
174605,13
130077,8
133539,6
7262,182
139213,18
5964,63
7401,24
8686,46
132438,3
134099,27
780,57224
53519,6248
55553,668
111360,7520
415,3231
2836,1254
4322,1905
6249,479
6299,1446
42730,723
89470,4239
1227,5925
26152,1042
48165,292
103042,7372
102686,2983
74851,1324
224545,68
33036,310
25856,397
34143,1002
1128,2253
59333,1148
140247,2061
151597,55
186729,3
193942,822
2176,4409
84832,8
106438,1361
193449,923
87485,2724
275245,1312
64114,260
122292,22
26170,121
7831,446
231971,72
1475,816
7566,897
8140,75
2856,484
3327,819
5738,153
4405,406
1739,661
98981,117
77629,170
4494,321
182723,594
7815,312
6072,81
6581,336
52106,11
59729,114
83351,7
137196,13
161048,3
31963,104
167366,27
154917,9
2892,188
126931,15
156958,5
170395,4
172661,39
183209,2
31165,24
114933,37
138314,3
182551,37
65810,285
33415,31
32160,203
96667,129
27758,77
187561,21
169912,32
111856,59
163136,68
25961,163
5327,68
5150,42
112436,79
182367,15
193946,38
180451,17
177155,13
205643,2
99182,14
104552,28
117628,16
121198,8
123349,10
129701,15
172819,40
287101,2
1486,90
110678,51
271749,5
129657,123
8824,22
165859,87
184685,19
157997,14
197513,5
204050,2
42984,29
74129,17
183637,9
145050,6
70661,33
175621,14
144212,14
180861,6
52443,98
201658,6
210115,26
70130,38
8909,3
26741,79
128171,14
149946,11
169920,3
174393,4
214138,36
115727,31
135819,2
114814,23
149828,7
187221,10
250852,57
283195,1
128482,2
142929,41
224098,3
195205,1
92357,26
162266,3
235433,25
232255,5
31826,12
42679,20
81193,11
172935,41
173805,4
184573,11
214930,1
106052,7
158745,4
223356,3
171247,6
100946,27
201715,2
91096,16
150722,4
263849,2
99493,11
174257,10
55628,15
122735,7
224653,8
175637,1
170595,13
157304,7
123157,3
272703,2
287475,1
171741,16
203942,4
77312,46
133423,9
135454,31
133171,28
132422,24
5702,17
133990,11
134831,9
158621,2
132664,22
134017,2
4034,19788
6379,1398
122882,21315
6141,156
33836,2400
91978,1154
174909,1855
257,3975
1250,14726
1569,11802
3243,2805
4262,19546
4623,4363
6617,1711
58103,1965
104374,7969
1186,7403
299,2632
27839,1797
2153,2974
3097,2052
165141,829
6686,940
59418,369
1841,777
4318,860
6584,587
34528,885
8712,401
167018,1150
86345,2158
168752,12
169504,4
191351,1007
97701,458
115680,1114
240138,54
259715,19
279562,155
155659,467
8573,225
49314,502
70334,587
7891,389
175659,305
51545,230
135502,105
2418,701
3119,164
68685,81
116963,27
130892,5
32627,131
56006,18
94739,30
175603,63
176015,21
74204,116
62796,47
1497,867
122294,14
641,109
4419,446
6081,92
55255,195
96486,32
44655,72
102901,15
188761,57
205917,12
213934,27
225762,31
277288,2
80141,32
158402,82
170913,68
121190,85
128562,23
145208,14
3332,10
6255,74
107130,131
108977,328
8720,205
32261,122
87100,35
47274,197
157346,11
171631,26
171835,40
172663,12
44295,56
182755,6
204328,43
261093,2
58895,29
219501,2
190751,44
61931,48
173955,68
66105,37
162276,6
214216,26
166562,53
93748,86
152025,37
190921,9
286921,7
97280,86
173817,58
68967,118
1314,42
131000,23
7053,62
33245,72
152898,5
281562,14
47646,101
55566,119
26737,92
144302,27
193821,39
143033,34
101964,27
160291,15
177305,14
179497,36
91517,21
33160,6
158192,7
169918,4
209873,5
163052,22
163533,9
136590,56
172459,14
88495,72
203302,11
214262,18
33424,33
215137,5
5751,25
128586,9
1843,48
195915,4
120442,6
192021,6
271164,4
153562,1
237007,2
290479,1
232745,1
187973,10
100196,38
161117,12
125453,3
162702,4
170299,8
215253,21
226304,6
277230,6
279560,40
116688,4
145281,7
193910,9
221178,2
195415,13
5579,23
78898,44
215159,9
153909,20
164443,3
184781,5
109945,21
8393,43
107881,8
203837,8
243848,1
283201,9
287855,1
826,24
283029,1
90535,11
113505,18
210033,7
205931,1
96058,24
169810,8
245942,3
45047,20
215167,1
124813,3
180455,7
189039,6
141634,22
137270,8
178571,10
253830,19
134549,14
264201,3
265594,3
135941,21
139341,12
5554,26
132557,13
1225,24986
1220,24039
57640,6321
40629,8196
96588,6101
140110,4934
2987,25451
2891,1364
1222,32501
1299,7712
3181,1471
4247,3318
5610,861
27899,729
47970,694
68237,15744
109633,820
4465,1865
1490,338
227,4689
87867,563
117,1261
1603,3469
105869,394
64,2076
96861,2809
42009,922
4476,415
1874,189
27792,241
2131,823
68324,274
182509,5
6660,901
69830,68
152447,4
209917,708
235595,33
182615,67
97232,149
190551,481
34111,82
170481,58
26052,540
167640,967
4130,464
256393,72
3056,130
113139,25
118260,90
197829,21
26304,22
26774,90
41714,35
56614,35
62764,111
78903,56
84764,16
129301,9
116539,12
2984,156
185215,31
62586,97
94810,152
5580,167
118173,81
31854,108
218465,2
288061,1
291819,1
222905,4
90009,24
116261,50
149590,59
173161,138
47868,92
182055,7
218073,7
283617,3
2743,93
159077,109
111734,94
25996,286
179875,7
25826,225
32263,59
47538,67
140146,44
3931,188
163112,191
169068,10
96592,60
172685,10
4870,161
5656,43
283735,6
89712,8
94027,7
96197,44
205639,2
123165,13
139529,12
155818,7
281072,1
71817,34
231147,44
247638,13
171705,37
172833,27
130069,16
286703,45
68498,15
153430,6
47460,33
52153,16
173467,69
194308,14
162732,25
2895,22
60566,101
6134,81
2845,43
196561,11
81688,21
109853,192
246850,19
110449,13
40422,29
168358,42
113374,63
26410,31
186279,9
206218,3
66815,3
183813,7
231615,1
98219,6
141110,7
160211,1
183403,12
34214,22
6103,28
78528,11
180389,2
3806,196
142148,17
69136,70
146228,2
147057,17
152362,24
6406,90
60568,20
195271,5
114062,22
118754,12
205152,4
215575,8
247138,1
158348,7
187915,5
245886,3
69931,9
200370,9
229843,1
249782,1
280192,1
254098,1
205124,4
3080,15
26672,15
176169,17
195467,9
174675,6
170637,31
109640,11
95617,2
109726,7
189155,1
138450,4
132652,76
134330,16
135587,7
579,41
26981,30
139116,38
131832,20
137409,11
5713,25
1375,11835
51935,6419
54648,2819
55118,6228
168252,12727
197889,137
504,1218
886,1855
1050,1772
1252,20730
1298,7199
6185,519
6367,2169
6568,314
7319,608
8870,1786
87306,6604
1255,2343
936,1601
554,514
1692,114
61697,734
71252,1368
71730,7
104272,1212
141751,5
272977,1
2627,106
7247,1718
764,606
61729,1504
65126,742
1002,143
47976,119
185585,1103
186699,6
3694,423
7926,1260
31347,118
31647,44
130452,559
70643,142
97643,230
223204,1248
56885,762
92954,143
142096,11
30867,203
3281,347
117867,502
92829,108
1733,540
7068,678
1973,1644
224519,9
84242,173
227618,41
7933,276
81441,10
94482,20
2286,253
208813,157
82244,281
193389,3
73730,35
156956,46
59810,417
31038,70
279184,140
39818,54
49200,113
132832,11
147889,12
7127,75
80402,13
184577,15
283619,3
78606,50
226548,1
130392,19
192709,7
119950,4
6351,141
141456,14
73664,154
4374,19
598,168
4134,21
195731,16
214150,5
68028,88
80619,16
139157,6
161074,13
281002,52
172595,21
130492,73
98019,82
152340,4
77332,23
33808,51
147049,12
195445,8
118892,11
157126,6
182301,25
186993,11
171285,22
194058,38
81111,33
272121,6
159608,6
128516,5
145394,14
155635,2
8679,15
115151,31
122659,3
168216,7
101448,9
149606,88
173847,31
123131,3
173957,50
257745,38
146150,1
152980,10
182957,12
211670,4
145510,14
125373,3
172643,11
78620,22
69860,24
196001,6
207199,5
229395,7
249316,20
200654,2
237953,30
149759,11
210923,4
199019,4
244510,11
49291,39
188405,3
206969,9
228131,1
186925,7
53355,61
151483,28
173069,7
116821,5
187671,1
233197,1
81250,11
94945,4
197863,8
242130,1
263405,710
263487,4
3762,18
1166,40
264231,4
2220,47
27829,16
137335,2
134260,6
2150,9358
8985,4430
48142,1288
50872,28187
904,24883
1321,8866
3675,2216
4017,2310
5265,2416
5291,6039
5428,353
5896,194
7366,1761
39381,1518
69757,15977
122916,13286
104879,9541
50601,2617
931,2628
1189,3126
425,880
1326,631
71254,2211
41,4760
154,3382
72781,8
82356,17
3943,815
3440,2243
4505,188
104074,1182
4006,2966
129788,47
182627,4
42418,1344
1979,1466
38095,664
170555,171
211249,10
250920,2
280786,13
139090,95
309,452
56001,219
70697,592
142424,192
2041,876
188623,1132
86817,567
6345,538
191113,78
210865,638
49666,181
66323,23
26494,89
135831,66
4110,238
99258,30
213213,48
8620,868
40870,827
1846,341
1181,99
7072,1286
61646,122
6798,372
80026,211
4191,801
183295,339
3341,1010
123679,5
48863,39
79800,128
180021,5
77774,20
31123,272
3573,170
103521,42
130508,251
26994,22
67744,47
91597,85
104854,22
213894,3
108599,102
95461,43
190259,32
247352,3
160658,1
59382,76
163496,88
4445,117
121243,22
143283,9
118846,15
161084,7
242124,5
99695,37
69310,36
33539,139
36152,33
77736,26
158336,39
120420,10
195427,7
223296,30
173807,12
6588,69
221856,23
6414,77
32593,42
144514,18
166878,11
105290,19
204656,29
221256,41
163779,24
199265,21
200052,31
8203,26
59850,19
104093,36
106208,4
115873,5
151881,3
160000,3
164503,9
152037,113
26581,60
116507,11
4249,86
261155,10
146088,1
125127,22
192275,9
81014,25
123093,22
129346,13
285569,1
167040,22
71116,40
97792,14
129687,3
144562,14
208545,2
47063,20
174917,14
6822,56
60225,11
99478,16
100577,6
177145,6
144210,13
144938,18
195103,4
243546,1
118882,20
202275,6
149366,8
277514,7
195655,12
160906,2
100289,18
181707,11
222292,2
208485,3
34189,46
265698,5
265328,32
138448,3
5728,74
289971,3
136859,19
3574,145
7291,20
138632,47
134142,3
134356,8
267124,5
1559,9
133689,39
271030,5
132908,16
133883,9
131192,18
137783,3
455,9387
1035,18122
2410,6335
3285,8144
119145,15392
3256,10572
4478,1159
4902,2032
5572,1883
52245,4375
59022,2799
2810,2826
1529,331
96815,851
119141,4379
1688,5829
484,788
63062,3489
26680,1199
77800,1586
4276,808
2190,315
55729,366
70656,33
160718,1918
140323,11
170945,1037
208020,20
4416,176
178523,582
201242,300
72294,1439
148884,8
135264,83
2365,910
3522,62
33896,624
347,1807
6776,949
1632,174
93612,17
2801,870
81257,403
115871,56
115174,112
6921,90
6084,123
46627,21
109102,9
4393,316
128908,50
2847,487
248000,37
7014,238
104809,8
132050,16
175155,31
177397,6
179243,7
203667,5
246098,3
133767,95
447,227
206093,13
27166,44
40962,585
274245,7
170751,115
202421,129
175165,117
104998,47
186363,55
201060,7
212190,11
226710,24
262837,11
138408,9
607,20
167546,368
6562,109
107354,28
27736,53
80572,242
106614,8
99178,77
8367,181
7097,53
192911,83
2569,54
292057,1
66943,105
79249,6
93022,31
99047,122
124298,9
157791,2
253826,31
186935,32
191199,6
188215,49
4647,31
197919,10
8237,13
140627,94
27881,19
84557,91
132434,20
111245,77
215525,228
229409,20
39801,32
152666,6
97660,25
2910,61
183891,45
184525,5
164135,7
142066,18
58941,7
104627,8
144534,16
150401,22
153738,3
170277,16
142110,50
8921,76
121426,4
154063,2
5789,59
174543,53
176805,23
187323,31
188569,2
192117,3
202715,14
289311,10
146148,2
125998,19
72041,53
69075,45
194919,29
152451,7
121481,9
167086,3
197287,7
218585,6
253114,21
177815,4
168154,26
82836,11
162522,6
214486,7
245940,9
252708,6
155866,8
184101,3
117682,36
83308,10
102323,13
174297,6
78059,15
172351,4
177571,4
221236,2
183621,2
204394,6
259329,9
234217,2
43244,19
187743,5
111653,6
107246,9
130372,12
121794,10
272429,1
286995,1
138835,181
132358,48
136050,1
132518,12
135779,22
136002,4
26100,30
1136,46508
188773,1346
3638,5591
4015,7579
4308,17506
45081,3771
108188,1406
202439,11670
15,3099
2420,11493
3686,4330
4235,7703
5171,5142
5420,2301
7348,1081
32116,215
41571,3372
68659,794
43,2572
159061,983
1253,6897
2346,2351
4441,363
4629,352
34323,1499
127114,586
272547,36
3320,440
4534,290
1151,430
5667,890
6646,256
33709,70
157106,58
69233,16
3789,711
1827,1075
43558,758
53326,305
140511,74
181267,123
211684,20
242772,36
47446,197
70282,298
153959,119
8591,574
80860,1476
209173,891
6289,185
6140,439
90428,229
96578,28
6748,672
7383,209
26792,131
91488,287
5743,206
170891,108
96216,10
147047,22
3434,256
170727,19
251900,66
70545,22
91886,172
118115,5
91483,240
5494,62
7881,191
27524,67
31588,99
127581,4
196787,1
60389,71
8593,229
182247,5
138420,3
160205,15
120110,44
283657,70
87105,130
185075,7
140689,17
178665,13
3118,386
163983,29
81727,7
162668,12
3333,88
4460,30
155917,21
2545,134
155774,27
205741,2
272855,1
5844,83
154388,7
168056,6
7275,74
100062,61
140769,94
165951,13
129189,19
3382,7
107024,32
97002,42
256531,3
79599,111
255175,3
147748,11
213367,36
69469,50
184427,25
1861,107
7148,109
181065,28
128518,35
177905,15
203982,18
285757,6
288943,1
177783,2
6179,66
84730,33
99523,13
113507,9
127833,12
144182,53
179245,16
193878,3
195707,27
86382,26
122711,13
49379,15
173951,13
180655,4
188239,7
192457,4
146372,11
289011,2
220078,3
164612,6
136237,10
213974,4
140098,5
189131,22
118786,4
182553,9
199434,32
207319,2
211057,4
211648,6
217711,32
218487,7
232509,4
233125,2
159046,9
173129,11
6479,42
213111,19
172391,22
184197,11
85538,35
125455,6
128209,2
141156,3
290141,1
171167,30
88284,15
86795,15
66284,13
167534,14
106895,33
159034,8
221232,14
161622,27
169170,16
171801,8
147899,31
82597,9
207800,2
212433,8
272597,1
845,71
268762,22
3112,360
132758,31
266310,1
7249,92
269526,1
133129,32
158398,33
132377,64
132464,8
135631,3
289763,1
136624,66
138152,8
6333,24680
44555,12273
3527,20776
4638,11545
8798,13937
61132,10818
7765,7
262,4507
511,1688
3040,2223
3835,990
5220,1642
5688,142
6335,371
6787,6274
8865,4420
51575,1692
52724,188
55261,806
128542,128
2385,1028
2691,1033
74946,1858
61348,715
5675,306
73000,406
6659,4464
109720,123
3824,1623
2565,4166
2798,1899
1904,982
2834,207
6329,230
30892,197
44633,558
157268,274
201594,651
6166,1536
3310,1805
1946,1480
130840,425
136305,139
142999,237
157797,175
168430,50
226694,18
272135,347
129250,55
233953,303
8939,935
6772,450
6984,255
929,1121
241272,1695
48416,436
164590,13
60735,188
1756,524
239816,12
61312,54
81786,348
110106,32
111287,48
85261,262
141480,7
27180,122
62788,126
43926,91
115881,482
25762,137
43549,52
83791,8
43699,99
2741,335
82240,58
98956,221
25993,148
31932,53
70871,114
247822,7
95508,98
151645,71
154430,9
200010,4
247682,4
283497,2
36056,104
101527,111
94107,4
147617,12
164560,3
129474,19
205575,48
6426,113
125936,30
37545,210
5474,73
87408,23
161474,15
113696,105
141712,37
203827,3
33148,36
122282,54
53373,72
129784,14
187533,9
1052,48
5210,78
34648,54
122284,10
153358,8
198593,13
186533,28
90953,5
27752,27
93208,83
157671,83
148108,34
86715,80
235033,2
67459,20
53859,149
33253,7
197333,15
200388,11
158858,58
211506,8
197115,11
98552,58
167184,30
96679,12
204610,33
3383,5
155579,15
217075,5
156819,56
110173,21
159357,4
172817,5
227570,5
169198,27
103175,8
227636,38
5576,26
108660,53
172321,19
258469,19
270468,1
287613,26
279508,7
153762,21
92518,22
150540,6
197471,4
212469,8
224092,1
197983,3
192881,4
187201,8
8462,60
25974,29
180145,12
182853,77
49371,11
59858,10
82982,12
196217,4
185523,5
185143,2
99041,36
235593,5
165071,26
216495,6
97332,5
144260,11
131812,6
216843,3
160962,23
122785,11
206915,5
130054,5
197599,15
193013,17
159069,12
67457,26
279692,17
71376,22
143215,3
154698,8
272667,1
272817,2
235105,2
282493,26
290013,1
3612,158
26301,67
269282,9
264478,3
4145,24
1947,9813
112,12308
1194,2847
3898,488
4448,5386
5446,2673
6195,150
6582,596
8954,35
50068,3646
96737,5579
105504,7505
6663,1548
4037,2204
38992,540
75985,1711
4741,1108
81512,682
2524,2201
5874,535
6042,140
8504,110
121370,71
125916,2014
136562,1832
7541,517
3015,1133
1750,366
91890,992
222593,687
269,606
6531,168
163541,22
3086,501
86290,282
47394,213
164921,54
183529,59
4195,577
248222,3
51063,211
25886,179
43608,48
130518,67
205723,3
224024,7
5861,39
192319,228
32335,29
8024,119
138630,23
8766,50
26616,145
32250,60
150694,74
164695,21
49872,31
72102,52
163763,26
243020,8
283541,2
54144,27
208110,123
7979,339
6279,459
66537,13
156783,57
106156,13
168664,6
195315,69
84884,44
80733,24
211428,8
100540,24
123919,3
141369,6
213583,4
114620,6
120301,44
144542,21
173309,18
6940,90
91189,22
143559,6
169032,11
1793,128
1045,49
167804,3
230807,52
232257,13
259591,1
95298,51
126939,4
152453,8
250848,3
131842,71
205797,7
147360,13
213804,3
87589,24
111401,12
73954,18
108864,44
117346,13
142360,6
145014,18
189395,2
288563,5
96421,26
86449,22
123840,9
234859,7
270306,1
152360,1
169238,10
223031,20
151745,38
166538,14
184265,42
102411,11
206517,19
226544,2
101708,13
147927,41
163517,2
181635,13
143781,5
168776,15
81198,6
99848,1
280346,1
159721,15
144254,10
163549,1
89767,29
105772,21
70511,6
78534,22
129516,8
241692,1
214020,8
122341,8
219970,1
80224,10
244448,2
184317,8
281234,2
6876,66
171921,1
174193,1
129729,2
123723,6
149713,6
161734,2
193607,5
126094,8
2438,16
173625,9
284967,1
189145,2
157308,11
136612,6
135991,41
139950,3
7368,56
135727,26
132666,11
5744,35
135164,6
1263,13621
2841,4928
1732,36349
1894,5626
4816,14824
2278,11672
2246,64
3404,1735
60756,6584
61248,2483
327,7533
849,8850
2106,1623
2794,3742
3766,839
3999,3835
4520,595
5094,1074
5316,1197
5329,1189
5876,1925
5941,1399
122906,8828
89761,1030
26133,1649
79428,1764
51357,296
65465,380
4885,628
8372,2157
186991,5
4662,1096
8495,227
43932,395
4956,759
193958,790
7174,77
101997,447
177123,84
71248,818
95839,98
97715,31
135508,40
175693,107
182353,50
194614,5
32582,295
170403,723
144138,60
2494,210
72224,184
89217,60
563,358
7365,303
78245,55
167512,25
171491,177
3674,230
200328,136
27866,202
69654,273
50162,599
174727,1883
56015,108
78967,83
96413,108
111445,7
140080,12
208082,12
72850,45
69251,112
79551,14
615,632
169782,39
199430,28
280856,1
171153,39
5619,197
7093,231
27170,107
69255,11
86756,7
225189,1
230229,22
234213,1
234310,1
236115,8
193849,6
185437,50
283485,3
59138,26
117964,13
180869,1
46653,137
2257,136
149518,3
72330,129
116453,51
171897,2
189865,3
26068,31
129958,15
272553,28
98251,10
192845,10
205743,4
263885,1
292035,1
3517,23
142198,21
175253,41
181285,12
186381,54
99758,3
151613,10
128538,26
26213,33
26468,34
107042,41
260093,22
1470,56
103736,74
4073,101
4348,36
188173,20
152986,3
153550,7
193007,8
208271,2
130196,4
189703,7
182749,26
185035,21
92154,53
189161,12
158852,27
158866,25
84570,147
192369,3
25902,34
54878,39
84150,29
169528,7
116891,7
147370,13
43967,31
224046,5
109783,11
8996,42
85392,28
155832,117
61586,26
89910,5
128760,1
171777,3
97308,47
6877,34
148082,6
99846,53
116341,9
161904,3
236935,1
146106,1
152990,12
113048,48
258915,6
208767,18
122478,10
204252,9
220306,5
257013,2
133199,22
272117,1
106173,13
129667,5
160064,2
205559,20
212120,2
232153,1
228945,1
76056,41
163466,27
86438,11
153830,7
8688,34
62390,24
122705,5
173347,3
185121,3
72678,8
115987,4
172247,14
164602,15
215805,7
128850,5
210551,9
155810,45
162268,10
84801,20
209021,1
192301,9
8016,680
136369,38
132703,3
135839,24
134563,30
270918,1
137365,33
138778,2
6471,56
136756,9
134661,7
134336,13
5186,59
135506,22
134093,40
267972,2
2428,6685
165,38488
1240,47131
56174,20415
2019,16531
1091,5649
3262,3554
4595,350
4847,382
4967,2227
6670,103
33495,738
96417,1090
216402,714
45668,2754
3074,1703
106696,11102
166492,516
1132,3233
8973,2010
73804,308
32666,71
169906,1137
5462,435
1330,1025
1703,783
2764,2856
6935,271
32898,1069
167832,1343
169530,25
5476,878
7764,108
32298,875
82931,134
89164,41
117312,88
131464,68
226580,173
257423,16
269146,248
278794,364
140289,104
4921,657
5088,145
130482,39
40988,135
8605,640
39934,52
192761,45
162828,407
99305,175
129845,46
8094,720
198141,62
279710,159
55389,44
109697,40
86668,72
3401,595
1654,663
8196,287
26184,344
167698,36
142867,53
6976,274
218715,50
104050,22
197331,6
30723,49
56141,103
69766,10
168070,6
170289,62
7270,68
165933,25
45679,127
25972,61
31590,178
68517,21
86066,68
187045,14
281974,1
287425,1
165807,8
181957,8
198237,7
276867,3
286189,3
88835,65
775,174
27528,52
204868,100
123174,15
143209,100
666,198
5044,111
5509,144
7727,104
104384,39
210843,5
285947,155
175231,61
203054,19
199960,11
1901,73
78268,58
205657,6
205713,8
50574,29
80295,15
92099,10
149348,11
80560,22
189791,14
32375,45
108647,69
119627,4
71695,70
79684,237
109798,5
151975,4
173901,8
212945,19
72027,9
166478,55
8840,122
88203,12
148372,36
183499,17
99061,29
231111,1
164879,7
7213,47
171661,11
130034,34
169758,27
26450,9
101319,16
106090,17
123393,2
130908,1
175871,23
1697,23
41425,66
257537,1
141271,6
57964,45
128175,13
173767,11
181155,28
185671,5
194274,12
146118,1
146178,27
213620,7
157021,1
156894,4
144418,24
175957,3
219677,2
165331,6
145440,1
199900,11
204400,3
207441,3
208000,9
217220,4
216306,19
201622,9
90556,21
25859,38
168620,4
211886,3
196759,7
110805,12
204406,3
100368,19
146014,2
185017,5
231961,1
98755,33
123109,11
130552,3
82332,30
174105,14
144460,5
144640,9
262063,21
98151,5
176223,36
230417,2
244832,10
245946,4
90651,10
181605,9
57970,22
167478,5
86502,20
269792,8
162468,2
244718,1
91137,14
136112,7
138378,2
26049,75
131448,26
135470,4
135873,2
133753,37
5166,32
139743,2
8706,17
138010,8
268012,2
54995,5105
40581,1566
155509,711
358,2335
1286,2374
1831,8357
2734,2906
4007,6409
4353,379
5471,157
31445,229
45662,966
60128,221
71579,2284
85881,1028
142509,1043
116799,1702
109189,207
4238,3872
366,3065
65088,1693
66198,1124
66691,244
3637,303
151317,168
1971,2111
5048,921
2036,1271
2732,2244
26974,707
32799,50
51698,632
70833,22
79996,32
113352,9
171495,615
188541,287
74647,29
93740,687
69606,1041
4712,184
3330,794
92920,376
56079,295
110295,227
30798,25
59118,862
3664,240
90578,379
235301,286
289727,45
197877,398
193599,792
201867,11
3092,141
61818,84
105803,18
149650,128
181039,6
206143,5
25898,260
159733,16
26982,42
8221,162
74446,23
2620,240
5411,37
854,241
5495,90
91697,29
100272,111
156581,31
179029,7
196859,1
212925,4
218197,1
2157,115
175615,7
70451,298
184407,25
283539,2
138374,1
157857,1
64234,87
113037,16
72310,29
237458,1
148424,120
26391,222
84553,8
154731,9
164041,35
126579,13
6449,58
162566,41
45942,76
139495,41
142570,12
154858,69
173853,7
247370,3
272871,1
155372,10
209969,8
843,57
272731,10
151905,15
212947,3
275915,14
158607,12
153546,4
153824,4
45192,77
73790,18
187705,3
243434,24
26156,50
59485,44
189329,77
279728,12
32082,14
235799,38
171203,4
108503,11
118189,45
79844,5
141886,18
217099,11
260219,4
172131,23
84961,6
158208,6
178769,8
208495,25
242502,2
65033,6
147462,3
174695,20
150724,7
42208,37
101371,3
216087,6
290389,11
248842,5
3305,54
166669,5
172109,6
201620,6
79870,16
161608,23
239364,11
121723,2
184405,20
217011,1
276941,1
158725,21
80146,22
215379,4
165437,6
260231,4
73772,52
76722,15
158232,4
180547,4
238220,1
56599,14
173117,3
148240,7
81102,12
190247,5
78519,31
146920,9
193761,18
188823,57
112601,4
3907,21
120512,1
123213,2
182903,12
200418,31
153586,7
263753,2
132344,49
136491,23
139205,63
135807,9
137224,3
132436,6
137052,1
131480,46
267992,1
207,5608
590,46771
1073,32575
1527,40550
7254,20839
76175,3281
85414,13580
109673,2278
179,1243
1635,5915
1950,4151
2942,4147
6780,585
52299,78
96821,9680
187601,499
196891,929
7022,7535
26562,154
94939,164
489,3076
6770,754
3723,2112
157232,9
2413,5769
59387,3203
6550,4437
7012,319
2354,1499
88179,1238
2149,716
72380,1139
862,365
1180,477
98154,3897
1649,1478
2817,722
6523,389
47148,76
8189,143
177237,692
31042,65
230625,5
183613,640
185991,25
201306,37
267394,40
94074,98
7745,357
27506,34
7142,657
59549,273
5869,167
189,332
2876,630
163959,251
4930,203
112866,57
26485,582
7704,318
73820,50
150048,5
140525,240
26257,72
55652,127
4864,114
207343,35
44582,76
61724,145
106698,6
128179,8
148482,134
157075,12
172075,5
236051,1
88837,135
153828,22
190915,7
101137,329
92751,74
3832,272
224338,160
87763,18
88051,43
200520,35
203214,2
150848,26
66068,31
195001,134
6256,67
110273,54
4933,50
6019,58
32743,145
95165,82
79545,40
167234,69
65907,16
75428,9
76151,58
87425,18
120623,11
25803,22
1119,182
114760,110
214050,58
31158,48
184977,3
36373,53
123555,8
272919,1
27584,366
32060,54
100423,9
118324,10
120382,9
5982,36
189405,8
117511,76
147196,120
89203,29
194490,10
226640,2
152595,4
172763,50
198097,4
259021,3
3609,71
84444,32
109991,39
194783,21
33823,52
177249,19
35828,45
43081,27
143013,6
146730,18
93659,7
203038,5
154810,4
193233,3
145112,39
207129,1
119182,30
27919,17
120440,19
146378,1
186245,8
61317,32
89939,22
147118,5
187449,19
200740,3
230811,16
198735,2
149534,10
34473,24
169720,10
197763,16
205829,1
220818,12
221176,35
177219,2
200106,8
6605,40
155425,15
207722,16
109701,5
123403,2
185201,4
212293,6
273075,1
73630,26
158581,23
51886,13
170123,12
231369,2
105827,11
127496,3
159000,42
159739,8
177247,5
227328,6
178319,23
127650,5
204500,10
278324,2
175979,9
675,29
113853,22
171499,3
4648,22
72559,26
161402,3
167320,4
216113,1
197081,5
253426,1
136588,159
136026,14
135516,7
139994,8
136950,4
131134,7
5727,59
135635,3
5124,45
2336,9604
3717,13937
91542,12627
135436,2630
383,5234
1396,13275
1747,11401
2241,738
2468,3051
5146,1914
5573,588
6314,239
7176,94
69951,2667
109596,65
62644,1492
2267,586
142997,1898
37,85
4281,81
6077,313
30898,778
68848,1144
134214,791
204006,3
26002,147
3412,1103
195295,370
205994,8
211245,63
42732,682
167700,19
159725,23
179881,923
659,562
56837,57
219726,982
159849,491
4658,639
97395,196
141135,34
27729,174
52715,115
71928,129
203513,322
8496,282
4999,257
157073,13
1310,395
6105,162
141761,91
158404,9
216093,11
26613,33
4113,236
59594,333
245140,37
162210,48
171581,101
1624,482
5946,67
138476,20
4793,97
26232,29
55467,14
83318,80
112957,28
146884,3
187133,8
34008,24
139124,47
7886,65
41402,11
125874,44
204344,1
177181,4
26289,70
2534,114
48229,53
69187,37
180471,9
103255,103
186499,26
94919,27
279542,2
171925,88
69746,306
130638,15
2556,47
40828,51
79627,17
116032,28
142811,17
145857,20
157212,38
174929,9
139132,8
221042,3
287119,2
198701,48
279814,37
260631,4
26013,58
169274,4
199736,18
118344,16
71638,17
172669,6
65845,44
25947,163
220518,33
59173,61
175583,9
193011,3
161034,63
254484,11
141668,104
245202,22
2703,32
187097,19
207323,5
288645,1
35082,36
109941,76
83189,14
119180,11
138927,3
144564,10
152045,11
237644,4
5043,41
50828,14
125545,35
205451,1
146364,1
146412,2
73744,14
109267,10
155360,19
202335,23
100419,6
152469,1
123575,2
86646,27
174669,10
184693,13
189133,7
194268,14
201192,7
208377,16
221302,3
7621,31
70048,25
193277,6
190203,9
3212,23
188945,2
210791,2
97132,70
158589,12
158695,5
199057,8
287251,1
114376,23
278928,10
120448,3
174959,13
144372,10
149626,9
27719,40
73416,12
182559,25
244508,11
103171,17
274639,5
151755,10
170839,4
122695,9
167796,6
277256,10
283415,2
182231,7
54964,16
81546,8
188707,9
133419,2181
7083,84
7393,38
137062,69
262861,7
136880,2
3280,57
27776,65
137825,13
2067,6381
316,35215
1231,8323
3301,8972
3784,1860
4572,1429
5618,33333
34520,1498
49910,1103
60397,4208
140174,6391
174055,8681
1913,2101
47465,732
81704,36
108727,1759
4857,3576
4296,1133
120466,4407
7259,357
1334,3000
189331,566
4625,392
72261,114
79242,1916
502,3889
8365,130
2932,2098
461,908
523,933
5404,561
167380,488
3163,1617
122940,149
126070,11
149011,259
215499,73
225766,61
61,2327
107700,41
190745,55
107649,208
4518,639
5288,597
83411,100
89085,674
115216,263
4740,135
26430,34
75370,32
107081,47
3003,215
937,580
8589,613
109684,45
91355,147
169216,39
210331,55
8867,89
146264,22
78207,77
47566,61
81383,256
5183,60
55603,107
196267,30
5409,190
31894,69
124515,5
163510,54
152284,136
112404,55
171889,10
283495,2
138478,2
165491,170
4694,57
203393,77
208042,31
174503,91
6311,142
174045,98
127,50
74679,2
76149,4
128622,27
132169,31
199966,77
57269,8
66870,97
71444,38
85874,93
129245,28
231677,2
107684,44
163547,39
186305,116
148470,36
227096,1
289097,56
43351,22
287129,6
287823,61
288979,59
143884,16
146520,7
187517,11
191179,3
38376,38
152816,2
147471,18
177807,43
186851,2
288757,8
162250,9
819,58
118878,10
142470,5
3323,89
152246,1
278276,1
154532,4
97390,33
209319,6
116945,12
140687,2
188577,8
212493,1
169898,18
168838,39
93116,31
166011,6
126086,34
164957,23
175263,21
233695,3
146192,3
155092,17
140293,19
113060,7
122304,8
180267,14
141998,3
142182,18
203212,8
52489,7
179117,7
78057,6
126951,22
8267,31
156565,15
121407,4
25990,33
117003,3
122825,3
276311,1
188815,5
151898,8
106034,1
146934,5
148180,3
184363,12
283801,31
57805,10
177007,11
167610,11
110765,15
121219,19
155980,26
159165,8
201480,4
210017,2
187327,5
217334,3
130790,1
145785,5
155521,4
113376,5
193643,2
161324,4
136449,967
3610,109
5252,28
131158,17
4948,39
139592,2
131688,3
158870,22
136990,2
7233,9
134621,54
531,7845
903,19529
207830,977
1966,1830
88,5419
3398,2661
3471,17834
4808,717
5548,949
53123,3760
55052,4374
55444,1428
47491,1058
103721,86
1487,1788
1949,2374
31431,535
197697,86
486,638
31878,6335
31698,832
4770,1173
6392,302
41699,98
1725,150
2567,4143
43914,227
113345,2584
3955,1171
3334,3211
27186,294
135141,1487
85790,280
5598,238
26914,95
176599,115
179953,247
229797,278
269872,341
117123,238
6051,304
194729,42
3426,1159
5632,712
4772,268
73344,2074
183695,189
25893,94
27851,129
32076,135
81075,16
117184,12
4211,1337
993,243
98558,17
6085,18
3199,307
66639,225
93700,58
34375,93
68180,21
106158,16
134290,10
97324,114
118244,88
121063,4
154908,23
280174,72
30890,16
128812,20
7614,731
227018,9
8137,68
257637,263
82534,384
117162,12
159161,140
197041,29
217629,108
250586,7
197,110
4875,109
4717,146
150523,19
6747,124
8713,199
64338,40
44947,103
79842,9
85624,7
72726,65
184613,3
195721,7
4884,121
36539,52
3410,49
153810,10
173771,11
86766,9
99327,16
141854,18
241028,7
8839,145
166026,14
209099,29
201849,19
86721,49
214644,41
148110,21
109781,60
7278,43
60475,18
32049,41
979,43
172807,52
129653,6
276031,1
59844,17
50347,21
156210,10
173435,6
165727,7
177639,12
82857,29
224212,47
6532,37
7170,54
106506,4
117897,25
151224,13
261189,25
155102,6
7204,57
172077,28
67847,20
122102,2
151420,2
155601,20
281202,36
211141,5
160120,4
126056,12
204778,2
206411,4
246846,33
161800,8
161820,12
180309,11
8715,34
178979,9
172427,9
124665,1
173431,3
197835,11
183045,4
159149,12
122254,17
171171,3
27858,4
85740,7
173113,12
221110,2
185489,4
171825,11
77835,11
155275,1
156549,10
233257,3
72751,33
177813,3
199550,7
249190,1
272643,2
272825,2
155656,6
137585,13
136032,10
263485,106
26268,132
4485,295
4542,58
135717,15
135549,4
158635,2
318,102929
3697,6714
2657,15472
46723,7437
1271,9797
7437,225
54094,153
1216,2040
2060,3133
2275,795
2401,3163
2735,4365
2819,4117
3476,6198
4545,4429
5283,3176
6059,4186
6215,678
6631,125
7842,1859
68073,2142
221576,1176
100106,345
1248,5718
8337,1207
1124,4859
3068,2728
4809,1267
71500,1112
48744,995
6958,1204
4143,787
142184,98
3797,284
46967,1365
94070,1669
6558,712
98230,146
102684,949
224034,2
3011,1197
1858,1465
55284,565
105943,44
82744,693
157837,6
49284,503
245902,196
462,209
177297,32
4668,60
547,871
206107,52
3839,247
79230,81
6358,369
58760,22
130984,3
31539,108
90914,269
3805,159
6512,52
50703,204
205074,105
7117,618
1696,283
135166,55
86922,157
52730,99
5397,319
33328,17
57069,63
25920,88
273803,7
172915,67
46770,88
120847,16
169994,9
171179,84
209089,5
217073,9
247458,3
94103,14
26770,139
5760,109
176265,27
155501,32
5372,305
26812,127
47940,82
126062,3
204282,15
216883,12
217475,2
151763,164
4907,139
96259,12
161652,15
161872,5
203086,9
205721,6
272873,1
25786,151
95157,37
123229,18
124350,7
169658,10
191223,1
94429,9
100287,16
208267,2
41712,80
90903,14
121366,65
224344,3
32464,61
51991,95
96849,36
189879,73
183251,23
185295,123
210111,12
27217,44
157813,10
121167,19
120942,26
176717,7
214995,4
169526,7
190547,1
247466,7
66868,17
119226,25
143001,8
150002,5
167858,32
194686,14
7648,19
209823,12
275465,9
178885,65
39410,30
97882,16
142188,8
180319,9
196587,4
146120,3
191503,12
148869,2
121221,25
154780,6
190817,10
205373,3
206851,2
206945,2
217497,3
116044,11
162572,12
252188,37
202207,2
156617,7
214664,1
195151,2
110194,69
115364,19
182269,18
144318,9
144328,11
149382,16
176497,4
218121,3
111266,35
164007,10
274967,1
115473,3
78860,15
90196,15
119579,4
186061,3
189719,5
217649,5
280322,6
174757,6
133139,107
3634,1013
133749,4
134326,177
132468,38
135753,87
7423,55
2887,135
133095,1
135947,10
134883,29
6277,55
137395,11
2826,8341
2004,5436
31685,11066
1641,17167
3671,13664
115210,7009
107,6782
374,5703
564,363
2279,2964
2968,9252
6797,708
35957,2172
71838,4117
214242,122
67665,634
6006,2113
61255,472
101612,381
78039,2617
64993,1410
165551,2501
3981,4178
6893,2553
104757,28
3501,949
2926,3529
6850,585
202,480
84844,471
47997,6000
203519,960
105769,348
93512,727
113252,597
153132,9
3773,746
263,406
3420,1322
120867,8
198145,224
891,2211
178335,411
5737,177
190085,210
201476,51
235099,54
146708,19
77596,125
76818,13
8117,416
59114,17
80928,138
619,723
249964,403
278690,253
60303,103
6540,49
68173,93
106022,359
141729,10
151933,116
208979,7
33113,58
44597,73
209049,15
99371,177
122246,38
236995,129
209971,41
51037,413
32022,140
2589,355
57509,51
79572,166
3122,154
67073,249
78653,57
143199,54
187051,120
6203,245
41914,17
225786,11
58246,166
88839,51
6240,135
106839,138
95856,347
5180,104
7107,593
4743,559
38388,429
104524,2
105244,4
226296,3
4382,41
156175,23
164544,22
147228,19
8883,19
101489,13
197225,62
192325,13
26033,14
63226,19
204074,12
72764,35
75927,5
110792,12
120458,8
157055,12
202938,3
158691,29
108466,31
78009,65
118254,11
148954,29
27426,149
217117,4
40033,128
71876,183
203615,22
176819,8
27526,15
189027,17
6029,55
156396,13
218743,48
6009,50
174885,5
6901,21
170885,12
208915,9
205951,4
123282,15
152282,4
159656,7
73114,25
74870,18
195621,3
4059,23
31045,28
150236,24
164929,23
185667,7
211183,21
117498,13
144528,1
281884,1
165329,55
152439,7
209359,4
221584,2
6447,49
145004,7
199650,7
205381,1
224086,2
230809,9
169196,9
179741,2
157409,8
25888,38
189897,5
223226,5
122607,4
225990,5
231515,6
170225,5
48407,11
282015,6
258849,14
184501,14
179193,4
105490,4
194698,3
84648,10
175405,5
215071,7
176091,5
79124,5
237342,26
189015,4
129405,8
86372,3
115518,8
128233,3
192733,3
272745,1
197271,3
238024,1
259215,16
109323,20
265148,397
136229,17
157222,15
133533,5
288459,1
289325,3
17,22251
1406,426
231,36802
552,13547
30707,18458
1219,27027
1597,11518
2403,8871
6709,4788
1991,3213
2141,5291
2473,1311
2702,3334
3066,2137
3298,5303
3952,2655
4812,826
5137,442
5423,279
6811,680
6873,3436
56587,5668
58156,1370
209497,479
104944,2180
3451,3014
90345,1760
4285,969
7480,125
1123,209
9,4154
78088,1588
224983,201
6619,994
27876,142
2805,4833
3141,602
3562,164
5470,740
4127,337
4511,216
49772,1399
182635,3
186697,3
141749,1283
171115,11
168060,219
221564,36
245818,22
33644,192
130390,10
55844,85
208807,201
220068,25
169370,13
103624,757
179119,1716
140868,28
32058,185
147410,174
282381,17
26414,92
92210,265
149978,8
1520,151
83248,20
56846,179
2777,79
52356,89
167744,69
218467,2
223722,2
232263,2
77672,59
2654,1102
231839,5
170591,63
178785,9
89898,154
92198,232
235045,2
7774,59
140106,176
164280,80
223155,1
236117,95
167682,81
82589,126
103059,107
114700,117
3047,89
27362,213
227258,350
198147,342
5342,67
257755,2
140341,233
32381,82
62916,12
81427,25
205385,11
109887,18
205725,1
116199,27
130922,15
138602,23
88069,119
110649,20
205192,14
31000,79
127200,52
118760,202
164202,10
180591,66
3687,116
172165,14
256567,112
66025,20
86982,87
223486,12
186865,3
194380,1
148811,14
4576,97
58207,17
152135,2
189233,15
158182,9
206515,2
144992,6
8269,48
143261,1
175465,4
191529,2
26968,12
102509,6
171209,16
202547,13
56748,15
144286,27
258593,13
83337,25
152888,3
202517,41
228087,5
236305,4
125780,3
127861,17
142348,14
180301,13
207025,5
212307,13
218667,1
3902,91
195879,10
224661,1
8632,14
8392,43
175697,6
186821,20
228159,8
152029,24
25890,16
89116,14
106704,12
236253,1
273361,1
221254,1
76089,24
292139,14
191699,22
188251,13
35807,17
118858,7
215693,3
166587,9
160720,13
176407,4
179035,3
180449,12
195229,12
202783,5
121809,2
157571,7
234081,1
199171,3
116018,17
46500,11
118212,2
119615,14
211706,4
243408,3
276005,4
208793,22
136602,961
4946,99
131112,14
136986,11
269214,14
269502,1
133161,37
270940,2
586,34648
2770,10147
64716,5637
84954,6681
1967,10534
2861,2482
3051,1278
3254,6066
4023,5994
4546,1940
5680,716
6222,422
48982,2471
95558,1372
111781,6151
260617,784
45431,4576
98056,1239
99764,706
6765,2376
8951,957
6703,405
609,2590
3619,288
4589,553
1351,418
5348,702
6217,169
33454,146
94780,2435
33270,170
44124,28
182511,3
60484,36
27397,780
90469,917
134833,32
230183,134
3658,471
91414,662
7260,329
86898,2503
115875,139
5801,566
144632,138
233071,2
90374,814
165601,132
4633,308
1720,57
1329,379
127042,78
4593,331
76208,176
118462,3
153486,7
6882,378
90471,152
7095,235
164344,6
113039,14
154311,6
173939,304
205289,7
215265,4
32316,124
1164,230
58898,55
90314,4
126981,7
163555,19
203936,4
7897,206
62662,51
7930,419
158970,24
159185,54
26851,24
165509,3
105863,44
138348,1
143317,23
92257,6
112303,96
27370,90
5249,99
156734,8
26125,81
121225,28
324,489
6841,78
184709,7
206103,14
222863,18
252690,8
109452,91
237740,13
202651,5
218313,2
205046,3
142210,75
104035,16
111931,40
117348,9
108715,117
185983,10
204056,35
215911,63
149902,11
223594,77
50149,213
191349,12
172535,78
121227,59
283675,26
131002,20
5997,39
153792,35
2164,240
58509,17
123357,9
197761,24
245068,15
183383,22
229743,2
84639,16
142378,5
76709,52
73010,17
216025,6
273855,3
118570,41
128758,3
172111,3
4940,48
140150,17
140507,8
172301,4
136878,1
256307,2
161204,8
141636,17
204764,2
207445,2
208122,5
74297,12
69495,49
78006,28
25879,37
79920,10
156303,4
49591,22
84985,18
227022,1
142707,6
159127,5
239532,2
5067,13
150348,16
153458,8
160418,4
175259,6
148422,16
125930,3
168956,4
192759,4
287231,1
142705,3
151228,9
126006,15
190609,6
267434,61
2305,213
268408,4
134524,27
7264,33
5715,192
263593,8
289747,1
131572,8
133643,10
133469,2
4571,10845
2688,6120
2107,2562
7451,13543
36529,12859
94677,4565
8533,12215
49286,5408
192307,1062
5945,7009
2078,12077
2087,9056
3114,32683
2759,2962
72,1378
538,5205
1293,11078
1600,680
2048,2327
2244,95
2269,3418
2598,4082
3615,3403
4587,1683
37240,872
7327,2694
65642,1958
86320,3577
130073,1773
505,1367
4912,1008
4480,1071
61075,349
197689,483
115945,39
190939,1331
6505,76
27731,1859
36537,723
118997,1482
150995,46
197709,149
226672,23
32300,357
2972,579
166526,472
66130,373
69278,995
128614,11
55360,83
242192,23
27595,38
128322,14
159821,3
66335,297
46201,30
5741,116
6768,426
60314,25
93892,202
163591,12
205565,1
211241,2
48856,403
200016,3
398,58
120825,193
205082,108
5800,181
164839,7
126941,6
166322,11
170405,79
282753,76
89060,135
125297,7
126397,8
162092,11
166802,42
214894,77
138386,1
138496,4
215117,45
3620,249
6829,123
60530,205
286,111
98189,48
162308,25
218675,17
95615,40
67890,13
51082,95
80775,200
188611,2
272877,1
2783,163
113313,115
122031,22
93750,66
158890,12
269950,50
284287,20
173735,75
281060,42
152057,82
153778,12
54354,11
115669,45
116086,14
189891,11
218105,4
252320,22
6762,146
243826,28
138748,6
140830,7
167950,3
179809,6
183683,7
200646,10
189159,13
103935,24
279978,29
223830,54
54254,22
223137,18
98852,39
52709,31
31664,91
144196,28
26177,16
160846,10
81987,8
221690,45
59854,13
125071,7
130916,4
154753,3
162626,10
187075,6
5216,89
228741,7
141098,24
7645,27
128723,23
161012,11
185655,6
146232,3
147994,5
238534,7
130834,3
220536,23
190765,43
72995,58
145438,1
25922,26
196695,10
200266,44
200278,3
204630,5
218285,24
158491,11
232995,5
236961,25
193273,13
61396,27
137022,2
240724,15
213277,5
115885,10
173383,1
233813,1
153300,11
27348,13
173227,3
180511,12
8904,17
233331,1
161818,7
75436,23
78037,10
210985,2
216388,19
232161,1
165965,7
85567,5
177067,24
158414,58
184921,3
130340,9
252406,4
125912,30
175723,14
99539,6
141908,7
33191,34
68161,2
130610,5
145303,3
172447,8
185801,1
195993,11
210677,2
180729,3
138074,6
137202,6
9014,61
133649,7
132167,53
5750,22
136804,12
135919,19
131934,12
267942,1
1211,4387
48322,2155
49278,6871
50794,2306
81932,6318
3392,1094
2089,2942
3300,11632
5421,1099
5829,235
5943,3564
6534,8865
27904,5740
168492,3190
89896,261
7766,1724
48591,657
1017,3503
2720,4691
6291,1428
1969,2645
6463,56
4537,612
5772,1181
6561,594
151455,829
159755,840
186651,4
2205,683
201228,10
260929,170
180265,429
200822,1132
102033,1479
1509,208
193956,473
171261,12
48522,209
36850,308
96520,62
243400,2
5515,575
27271,151
33861,93
103444,114
80281,51
5748,47
117466,740
26271,118
41585,136
57776,41
149982,5
153056,8
177757,27
41941,155
195779,14
5664,226
26504,194
4500,424
5560,203
50583,102
7328,197
94289,43
165935,3
174425,14
93024,83
126550,29
169008,19
177163,6
187297,4
215645,9
55671,26
172303,4
180745,3
170253,65
180393,14
141918,22
107357,21
5353,228
139634,53
143273,18
257589,86
115678,30
91826,46
230005,8
6065,124
198129,146
199217,9
208949,2
2588,12
88566,55
144556,32
26026,24
51287,101
80339,31
82360,58
136221,14
281806,1
158392,2
98989,13
136800,56
194973,38
45188,71
78140,7
90649,44
291715,27
177241,75
126562,33
194823,4
156373,5
214064,10
291893,1
130504,21
252630,1
117582,18
137292,1
141064,1
185165,2
187469,2
204852,1
218687,1
6106,15
86848,13
147452,18
147817,9
148628,14
32691,6
271793,19
4983,72
6307,51
150276,14
104947,38
162850,20
168986,3
125509,7
139584,47
201492,1
158538,37
118532,20
164208,4
79644,7
203743,7
204472,24
183581,4
47714,83
46544,34
65702,11
236285,3
97550,5
137044,2
143203,22
165939,26
210171,6
25775,31
216292,3
178593,6
216841,8
221884,14
80500,17
129534,11
259571,1
197923,10
79874,59
179419,14
231963,13
178071,16
204070,6
215417,4
167912,4
174185,14
209473,2
126204,1
153748,2
72822,18
160680,20
2211,284
138330,1
5453,246
131920,155
263209,1
132616,28
264908,1
266258,1
137867,11
267958,1
137581,13
1982,9347
3408,21645
80489,6877
203375,4908
175,5468
423,2447
2271,563
4889,2210
8119,298
8529,13939
8907,4336
45950,4026
95135,390
202429,7035
1057,3479
228099,922
695,848
60941,643
91337,17
32349,127
6641,237
82167,2162
1865,408
58332,549
158268,25
162304,17
177287,205
194342,19
27368,715
114762,872
148486,22
130510,182
58622,162
387,723
105246,214
106330,787
101360,699
113188,377
116397,534
184445,85
5975,193
3161,205
212917,6
8447,211
283703,2
58425,320
54738,135
203250,4
746,357
88380,109
89969,32
155645,11
179301,103
216267,6
229259,3
2029,508
27432,102
110322,163
91386,396
39786,32
164369,100
169654,58
71027,38
177109,2
271927,1
26804,16
100823,4
197419,77
152910,7
187305,21
205044,8
233511,6
8756,32
116973,11
1698,54
1159,19
96252,30
171315,123
6849,260
156779,31
183161,16
61470,34
162246,25
201706,32
31469,11
152974,20
124799,4
196897,2
229169,23
129713,67
186165,14
208273,3
179967,26
96066,41
214854,42
167984,20
228399,12
132977,52
186585,19
99687,18
25757,142
124575,38
80763,28
91558,8
78679,325
164709,32
214398,76
172653,22
195185,10
179989,7
91054,30
113416,16
171289,9
200796,18
213143,7
46457,11
138876,4
167122,28
222376,1
233959,1
114492,18
146682,67
124869,26
149402,9
173953,20
74404,14
104849,10
177923,16
116056,5
199331,4
59053,40
151913,32
200268,5
207443,1
191291,11
209709,2
198165,9
275963,8
176999,14
223820,6
31487,41
184415,19
255161,2
116157,20
182651,3
161346,30
144506,13
163144,17
207307,9
141882,2
172961,8
74226,23
98015,23
171809,7
123324,4
145402,6
274055,7
185423,16
172883,14
4409,420
135735,5
137920,15
26141,48
288055,5
266262,1
267946,1
135547,6
381,4970
4447,16274
2490,9557
3897,24024
91974,2236
1121,125
2718,3213
3606,1062
4115,186
5521,291
126430,839
164899,215
4754,2654
8128,1063
93721,2357
52319,1455
206714,295
3433,321
33158,1452
6707,1718
27869,603
142456,356
4578,492
498,389
2206,1705
1161,1613
161354,520
114028,797
183457,54
183959,67
275167,335
283177,285
7299,398
72356,1369
89102,226
6571,242
120637,454
4567,199
5969,767
144606,410
203934,393
280990,287
175351,31
6573,165
3958,136
166589,33
26183,270
57946,66
238344,12
8731,302
850,273
32952,29
110435,15
164250,2
1850,105
191793,5
215615,11
235435,118
210449,9
246296,2
6784,239
7781,451
92448,55
7370,20
31340,20
105950,6
82684,91
232017,117
55489,22
219707,1
285929,1
112506,44
173137,54
107274,27
141016,6
233997,45
53651,8
105703,78
3374,117
165487,40
27158,20
32653,27
72607,8
81385,196
127005,6
153304,4
76134,32
178995,11
229421,8
212331,1
86866,76
205601,2
74456,43
149753,8
117930,9
170127,45
99351,28
280520,7
289021,39
6190,86
199738,18
89592,44
160882,24
172777,36
27326,126
69231,18
189401,9
213976,72
5778,123
5532,141
73641,61
109455,50
152352,7
106214,19
5659,57
97388,50
175471,10
48682,117
129195,7
174881,6
142659,2
165397,22
172417,3
175995,23
202359,38
203749,64
124348,13
179805,2
196619,24
128544,18
167060,5
237288,1
190281,6
167786,23
84796,44
146074,2
146244,44
167498,35
124324,5
217049,5
8544,35
128139,2
129376,7
153276,5
88305,21
184421,22
198099,5
203747,2
218453,3
226550,16
186579,14
178027,7
189513,2
270364,6
181251,21
123627,3
125884,6
156319,6
184725,4
231833,51
260949,4
102953,15
113559,29
1118,38
215095,3
239826,2
33389,16
174183,11
250140,5
176983,16
198623,4
153408,11
222360,1
288545,4
288747,5
131248,242
132588,16
26001,34
7274,52
134757,5
2324,29819
594,20567
3499,12018
59315,36468
5970,2529
8373,2881
109487,37157
2080,12430
610,8208
761,3961
880,5641
1589,5505
2915,9017
3316,2738
3900,156
4343,6965
4736,633
5264,848
6218,10725
6332,918
7139,2603
7444,6864
8966,2353
61240,7318
116975,70
152081,14431
166568,811
4552,840
74416,936
3545,3712
71264,5429
7767,600
1881,819
2649,436
107910,81
4824,115
136018,1456
3571,648
3468,4997
153448,10
91844,231
128878,29
8596,1293
583,293
33834,1836
44590,115
101741,975
139419,91
204692,362
225986,39
268732,416
7114,294
197707,257
35,1497
193603,24
5749,324
100527,849
51666,156
61026,600
3966,574
3137,135
503,142
2445,803
50208,15
91079,548
50740,575
279414,743
5999,554
59336,428
147252,52
185601,34
27304,71
3875,197
4412,158
111249,257
139863,125
7031,171
27754,104
196365,28
163020,71
144070,11
202085,5
6285,143
68674,35
4768,223
5966,91
33310,19
92128,9
153344,4
156745,9
168828,8
50944,113
185425,207
1519,119
26076,51
193851,69
147033,22
201076,8
2444,83
26985,142
3065,40
226698,224
6354,52
8769,53
97757,115
31672,41
99843,33
127266,31
61018,83
8979,64
92424,12
81182,91
143531,54
159151,10
157204,11
8855,147
146600,3
614,162
1369,106
145493,31
191345,3
271951,24
290767,34
128632,91
152280,36
5052,31
44161,29
36711,38
84100,32
161250,5
256221,3
161240,67
146200,7
210727,16
158868,31
5709,48
146110,19
96897,58
8194,120
230863,2
126987,31
260397,4
136706,2
210165,1
51185,35
85070,6
118856,11
143635,7
176633,4
196687,1
251422,10
183873,17
199902,12
164751,22
26622,39
130680,10
280260,47
119587,3
174473,17
252288,2
272039,25
155076,40
189249,36
124306,5
125129,3
6340,10
183409,6
199588,18
203677,8
212094,7
1815,11
183369,20
225982,5
31154,15
47740,35
70792,7
161216,13
193107,4
260435,1
159823,14
165089,2
201352,22
282501,5
27485,29
73523,41
144496,19
179711,8
72315,12
160236,27
128762,9
191093,11
175741,12
149747,8
160116,5
84805,25
115724,2
156615,7
97252,7
262651,5
135113,8
136357,41
134587,46
270724,22
157049,4
266140,4
267322,2
2947,14422
3740,6746
1059,12161
2716,38267
6874,45135
45442,1367
188749,1098
183897,4541
207313,10740
1379,3150
4577,884
5540,1963
43871,1193
80126,1335
82202,2685
168266,1135
3681,6977
125661,44
7238,392
3201,2527
4274,666
33085,1564
2875,2123
62439,497
3511,586
2356,1259
3099,1449
7352,357
4184,743
104312,753
68874,216
101719,86
151315,376
35906,36
150776,101
133281,165
58922,12
127118,42
5767,109
3854,335
146642,70
62206,12
84696,240
25814,18
3962,293
110828,116
4423,144
26523,158
27671,95
31040,12
72159,62
115951,23
1932,327
85354,406
128025,11
8521,362
26429,32
26644,131
76137,34
180347,12
185341,13
164931,267
47196,41
5331,77
78640,23
117565,29
120887,15
178607,17
217144,20
48851,29
51857,72
149634,2
214338,2
171129,12
108468,12
61253,31
2298,187
152254,35
168072,16
181839,9
190293,22
250182,4
117464,49
154456,21
2304,121
6602,232
166721,112
275515,76
3139,123
121453,38
107000,32
109197,33
6400,196
127192,84
211550,1
147624,3
107747,12
108569,24
153520,8
215937,3
281020,4
79496,9
1384,125
1142,66
269666,31
185313,50
5032,32
252184,29
42150,15
47356,24
94750,7
69199,11
27771,13
26229,28
204996,4
55440,39
242150,49
280672,11
284411,51
81520,158
111553,16
177381,38
270320,4
184211,23
161094,12
171759,447
216511,7
87092,14
122220,7
6138,22
155497,1
131066,102
33844,27
69569,13
115998,26
144582,11
173479,6
181273,2
154222,5
103006,12
32084,54
178507,8
178529,27
179299,45
259205,13
271937,3
146220,5
147055,2
153965,5
278296,6
8842,20
109127,10
138868,14
201442,3
209243,1
180669,6
290071,2
203569,1
225599,2
33235,11
275327,1
238558,5
228091,5
185431,18
244830,13
251730,1
86288,10
176939,28
185793,17
117728,16
63989,56
71497,23
292141,10
243510,1
173079,9
25846,19
34193,28
198647,2
190495,10
193465,16
170773,20
192159,49
118804,1
30861,18
169816,2
272705,2
242314,7
129415,12
135498,20
136194,14
133697,25
6499,59
1386,40
133233,12
5130,40
5972,61
268024,1
268036,2
838,8314
1377,15834
6539,48722
7389,228
1513,8766
485,15028
2273,14643
4855,7827
6793,2028
742,2105
900,3332
2297,5036
4223,11246
7379,536
34540,219
43917,795
54881,2191
171765,1551
95167,9582
101739,1447
3938,287
3102,1563
85342,1987
6235,1062
133127,118
55946,484
7618,1115
90943,321
8651,189
6818,1498
4453,162
4133,1590
870,492
2906,1691
7650,226
27812,101
59715,274
88812,1168
202449,11
179295,181
142082,75
163056,402
106841,642
4626,427
2099,1550
7039,385
1814,239
3304,393
5575,73
113064,234
185473,650
89580,67
103867,149
2442,1365
45003,592
70175,50
82499,471
104883,145
198667,102
7714,350
2667,245
27882,369
7846,472
92048,272
187737,9
7923,164
7995,56
70649,62
151210,8
1539,301
139106,72
234059,15
7416,240
124859,366
112850,60
124176,2
151663,5
310,258
84248,28
87785,284
6429,380
150356,9
150896,20
281136,1
114849,77
6075,73
128584,3
145204,8
163388,15
283489,3
26822,22
2523,256
132632,131
201058,4
26975,26
140133,27
54510,128
8697,17
52938,53
178341,17
146329,77
90421,46
174419,13
3934,89
95237,138
168668,33
60763,162
164025,19
5558,18
4840,288
30742,52
2584,21
105813,58
26612,109
168156,9
165579,7
32811,52
177031,5
197757,36
147352,6
168042,19
73392,158
53849,12
141622,9
151900,21
191187,5
272005,6
6055,61
217917,45
126584,82
205142,23
7784,112
65740,78
187069,40
94122,45
188199,5
69953,34
27223,42
72651,12
188887,2
236195,8
54251,20
77688,33
244196,3
135625,102
117328,6
144204,22
153368,3
164568,14
178513,9
181205,7
188731,41
698,153
117492,25
25912,16
110508,17
255215,1
146064,1
153923,24
160394,9
8746,73
162228,11
170763,5
164933,66
162736,10
177335,2
226462,4
261201,15
282719,14
284851,2
5704,31
67096,30
128067,3
151851,4
6693,12
27909,42
114902,14
198115,20
202447,9
212857,12
218669,2
226872,4
229753,8
206927,8
285123,1
190763,14
226374,1
148460,12
288793,1
45537,19
65267,5
127875,4
160084,50
270604,1
181007,5
130394,16
142578,21
154717,1
259923,8
163286,14
171503,21
72649,8
184097,22
118968,12
95975,10
161292,23
283235,3
225655,1
66539,5
178719,19
133125,86
135687,3
568,391
3588,242
133047,11
136892,5
135783,20
137056,3
7948,127
131094,26
135551,3
1272,9065
1957,7013
1438,6725
74530,2933
95510,9198
437,1856
191489,353
196,14662
829,1937
1945,6982
2369,5528
2469,3885
3823,408
5531,287
44694,3081
162350,1939
62511,2745
104636,65
2135,2194
247988,1216
4440,624
6156,4641
6433,859
6591,1180
3129,1911
4950,249
8801,85
33649,402
33817,489
184253,1204
186671,2
188551,22
200820,1020
164103,28
189013,5
210877,47
140162,443
2202,1736
60943,581
197203,623
92475,235
66385,205
456,1016
32830,46
48791,134
140481,288
69712,846
96751,527
194829,19
7086,365
8598,104
208293,20
179855,2
106906,26
1154,130
97694,38
102826,34
172021,6
199878,14
7130,123
59985,469
80599,11
144186,12
7051,247
30954,43
117543,59
90306,32
107682,25
198537,5
226704,35
282357,1
234418,7
151355,9
207273,56
279470,4
152717,15
105364,35
120412,41
49110,99
144692,6
47642,87
834,205
27376,242
62213,6
177013,28
101127,20
48093,47
72609,4
113575,13
215055,14
234703,2
245262,3
282643,4
2855,115
116002,52
185851,33
152129,6
187545,16
224721,13
25975,87
144538,30
189423,6
51921,7
116694,6
280996,1
116501,6
83457,65
83138,11
159972,70
197091,7
95816,94
281086,32
287591,46
42053,77
118264,16
6521,126
53766,62
158424,3
1789,14
201528,17
292349,19
162654,14
70629,24
78921,24
92613,15
128161,3
54067,23
122288,58
120292,31
114556,34
178735,21
45335,109
189005,3
171607,7
188177,15
80405,20
110887,5
117472,4
72844,36
114754,8
72321,7
148286,42
174085,26
287165,21
146134,21
155100,4
249534,1
283979,1
172585,120
168842,3
170583,1
225960,1
244754,17
82300,29
166645,3
158575,30
172867,13
200538,3
228737,3
26195,56
162398,10
211608,1
184995,7
235071,5
198177,7
137048,1
72340,14
82196,18
82311,14
141763,3
100246,3
31112,21
185151,1
195701,11
5317,43
66857,25
82051,26
183847,22
144280,23
76836,22
183043,3
167718,6
171575,11
176341,12
189973,3
53582,38
177045,14
109368,10
85133,32
102273,5
130746,23
169962,8
185773,2
272537,1
155671,11
157585,10
5386,51
136359,34
268592,25
26611,28
134921,11
135172,13
136900,9
263413,2
26194,12
26050,12
138016,4
136764,10
800,7322
1833,2864
733,37001
2338,4787
5630,9011
30825,9341
51662,24833
59501,4514
33410,81
2174,24681
111759,19760
88744,11128
290,4199
441,9667
1735,3192
3710,813
4068,832
4345,1041
5387,1000
3422,1059
31433,1223
948,1861
1643,2716
33880,1598
72209,601
986,2969
2561,1266
2171,1227
182501,3
193175,264
39474,33
166486,686
131023,124
27674,974
75425,197
191811,58
286355,206
112381,63
43684,240
6031,414
1657,149
3423,381
170787,149
33288,334
26702,135
7038,205
78729,334
3563,496
26138,142
91952,45
96726,60
7190,119
127993,22
6405,436
7724,89
217,1038
115969,129
129313,97
35347,392
63181,173
71199,74
165113,5
207365,3
211990,3
4897,127
170601,80
116505,45
5029,147
7388,98
5856,62
8330,207
158882,5
27315,46
165867,4
179983,155
182713,26
45525,103
70295,75
290521,1
143299,5
3971,174
165053,13
69381,60
6089,56
147911,56
220672,2
283555,3
73590,31
6446,137
77896,11
176081,1
139622,16
53004,166
8446,244
78978,26
80432,32
183411,26
153322,3
196307,21
207115,15
220224,34
220592,2
229547,75
76085,23
102263,35
105071,15
26339,78
214941,6
207347,21
207403,30
171695,59
199580,49
884,53
142204,53
208697,2
171049,129
176917,16
179387,3
283031,7
200400,12
64427,8
179697,14
77707,17
160694,9
158723,2
196167,13
116889,13
4650,65
108285,24
109032,3
111915,23
115218,4
183597,122
227488,19
144380,15
145489,40
147024,25
257251,68
140575,7
182531,19
288973,5
53554,12
138754,14
281144,6
90017,20
200368,17
232909,21
241460,5
193021,10
164455,51
171349,27
48770,16
162616,8
272939,1
184555,4
48647,11
240002,1
280652,2
289043,1
285589,7
144022,22
171579,6
173541,29
125477,3
225653,1
150808,5
155012,9
180491,13
164218,15
194242,8
4495,590
137296,92
7344,24
6657,129
8703,32
132634,14
135693,53
6309,24
138796,4
307,7741
2081,17911
3273,7830
102125,12709
5956,13844
91535,4929
103384,2258
4361,9122
4613,989
537,3440
1037,7443
3513,2845
4290,361
8641,13409
54997,8614
69406,6648
229,2532
766,1821
1096,4042
7380,2292
149406,2850
4444,835
52950,839
66171,1893
1727,2395
127583,34
139775,34
91094,1493
5938,685
3326,1001
44197,426
4916,612
1545,643
7303,748
8292,101
27473,211
66090,758
163775,15
174485,64
248718,5
5840,370
67534,273
326,1497
212281,683
68552,189
2983,865
77721,50
200396,14
206737,21
6454,231
241552,2
7227,222
2904,150
67999,98
68039,16
92817,77
163178,2
195737,2
231755,4
242470,2
106538,17
131550,12
6369,33
202533,46
5600,194
5503,154
164411,426
168996,34
823,180
87790,36
100372,5
179111,16
236111,22
289985,1
101884,28
156111,4
162946,7
174551,56
7268,23
6739,43
206188,7
184141,3
960,173
166369,100
8662,101
72626,13
81725,93
115721,25
191873,49
94998,42
113534,41
71760,27
73232,28
8793,86
94841,137
205257,29
160652,21
164137,10
205607,1
248312,4
272833,1
3085,51
96653,12
117065,42
142717,8
183353,61
187523,69
276337,4
5923,165
100046,42
152222,1
279540,2
149484,18
87964,17
169250,30
180431,9
261435,40
179213,5
119167,9
7638,75
70535,19
26098,23
87984,13
210255,1
6685,61
87314,47
194831,11
4924,49
141446,7
172899,5
178151,4
190833,3
75414,39
95288,9
6551,63
160432,18
174515,37
192571,4
146122,1
220302,1
244450,6
249886,14
254130,3
139608,53
151412,5
32957,27
200792,3
220522,22
223556,8
229415,1
233115,3
179523,7
223033,1
97302,63
99633,77
197917,11
183049,4
98589,12
149737,3
278040,14
216939,6
230535,2
245944,3
177211,10
74135,21
235725,10
156619,3
148803,9
169098,10
126967,17
207586,4
235803,2
88759,7
122367,2
272585,1
194949,9
129191,15
148865,9
275973,6
133237,9
138390,2
7341,107
133373,2
133602,16
157034,1
136632,17
6207,53
8202,64
2631,35
154526,4
216769,9
242216,7
173781,20
168912,3
205982,5
247242,3
26207,24
257807,4
171703,31
210673,1
87262,4
150032,5
88061,7
173229,6
216412,2
160327,18
209997,8
153494,4
245672,2
182861,2
179269,13
251024,3
192557,5
205853,8
226026,2
90598,17
281352,4
172895,5
96176,4
6284,42
224008,2
202819,2
82909,6
219029,5
196547,2
154434,3
137745,1
187273,7
196677,5
213075,4
184191,16
121027,6
162992,9
184809,3
217961,3
174951,9
135524,4
148711,10
101247,16
147428,15
80933,15
189831,7
195065,22
217845,2
149814,4
195719,8
197779,16
149418,26
258127,3
127640,6
124151,9
219713,5
89325,7
143470,7
207996,2
96640,12
220092,8
116201,4
194106,12
86091,23
280834,2
287585,1
182895,5
67233,10
231619,5
191497,8
199778,16
146946,1
169908,2
99345,2
221888,1
245892,2
215109,8
119200,2
130018,2
196055,3
265838,4
139885,1
159375,7
207752,5
184759,3
5917,49
176269,9
152858,1
150256,1
194748,4
196811,5
217941,2
231243,1
256711,1
26027,19
8648,30
203138,3
220526,7
230641,1
169090,3
126243,4
220106,8
82420,15
153584,16
206783,1
189661,3
88886,9
223696,2
207453,3
287367,1
130826,5
162274,6
214032,11
108920,2
177415,10
222322,4
281848,3
229565,2
162498,5
276139,3
158011,1
139112,4
9012,13
136421,9
78251,53
51809,6
124645,3
146908,5
158665,4
175071,3
177703,6
149158,13
31351,6
208743,2
249620,7
201941,8
250148,3
251318,6
188933,17
195887,5
57478,14
244558,4
180425,9
173337,4
186205,7
215217,7
181023,6
211512,3
185471,18
273373,3
142556,1
173355,41
275821,5
205200,2
249182,7
121047,3
152798,2
185697,10
287995,1
229453,1
165837,18
252032,1
97615,8
146499,6
193229,4
229875,5
182035,4
262799,8
134855,12
138546,10
135460,4
135844,4
266230,2
162100,5
116249,1
192141,2
120096,7
89192,7
141106,4
195055,2
272529,6
187849,3
197539,4
182275,4
201953,5
198651,12
220850,16
207283,1
250936,1
122683,6
123761,7
205110,2
279108,1
219717,6
213531,8
73355,3
254801,1
144766,2
245570,2
187901,12
168528,10
200980,4
87057,14
205261,9
196869,6
35640,9
146924,5
214654,5
244902,1
153646,18
154392,3
129705,10
143319,8
214738,8
105474,6
228843,2
174715,5
254865,1
105776,10
227805,1
132410,7
268364,2
268534,1
113073,24
123202,5
71241,18
58881,36
95611,8
242904,5
151631,19
92593,11
129005,12
145728,4
125191,8
164825,3
171733,13
224328,1
116271,3
143994,1
246068,5
118776,10
248804,2
33956,12
152121,15
175117,4
190003,4
220892,3
175265,1
163482,4
124326,9
232243,3
216653,2
286343,1
248434,3
232905,6
290932,1
262237,3
267548,6
203791,3
126409,3
142805,7
151921,3
96907,6
208607,3
140992,1
164584,6
193559,4
241574,6
166773,4
2909,21
78413,9
81658,15
220646,6
181377,3
100200,8
124380,10
250170,5
208513,4
103363,8
213205,3
287695,1
173341,6
54480,18
112242,2
186259,5
178707,3
247088,11
166415,4
143057,7
161014,9
93583,12
107548,5
152607,2
148659,3
74748,14
274045,4
198481,1
210029,9
77162,25
129939,4
224368,10
216777,2
182053,5
132414,10
135645,2
141840,46
251100,8
144680,10
160287,3
184853,6
190021,5
196953,3
207293,2
232527,5
101749,11
250648,6
243946,1
153142,6
180399,2
209935,2
176725,2
157869,2
195631,11
194140,24
199596,11
116720,29
155068,1
164037,2
176319,7
8647,25
194220,8
200944,3
120586,7
99089,11
278344,3
178781,4
239252,9
189529,7
81069,7
164495,11
154450,4
52742,29
182095,5
204256,6
158332,3
266526,1
137707,3
136481,11
88005,8
171219,6
191403,1
130980,7
55485,16
80893,17
111887,18
125559,2
217739,12
77921,7
277446,2
26392,21
232251,1
274603,23
239408,1
117580,7
101373,4
184325,4
130140,6
191833,5
102995,19
142336,12
163502,2
129841,14
170531,5
279950,3
188345,8
183941,10
82283,11
152457,30
206739,5
116417,9
214348,1
144060,7
164191,6
141012,4
200750,5
201220,2
161008,4
167382,5
132981,8
265532,1
137717,3
282083,5
177837,13
186739,2
184731,12
141922,5
159486,16
189035,5
200756,5
206250,2
118784,6
129715,2
196473,2
176107,2
176683,4
171917,2
110633,10
99169,6
153847,11
168952,9
281612,3
122329,5
214554,3
50821,12
100463,5
284929,7
213003,2
277738,4
208661,1
217316,4
146356,3
53843,21
200404,11
130722,3
249386,25
229871,4
209527,1
104335,16
246386,1
69005,17
69155,10
89829,4
129425,28
5870,26
201500,3
173635,9
218801,4
196413,3
131596,5
131341,8
137319,8
135256,8
137666,2
280126,11
280122,1
234161,1
199664,12
257945,8
219260,5
109474,2
139323,5
174995,1
207994,4
244966,6
134208,3
174597,10
34240,19
184025,16
219697,5
260755,2
103647,3
253258,4
145823,1
207451,1
73133,9
169480,23
270912,2
109245,4
235149,1
189397,3
200436,5
173219,8
209185,3
90949,12
213145,3
214278,4
167784,13
287737,8
218599,1
215599,1
207848,12
175511,5
287813,2
92343,3
145743,5
116580,14
103420,4
134847,23
32471,15
271339,6
72735,28
61004,17
149342,4
179399,5
183825,3
196689,4
227314,1
206089,3
143653,28
77816,7
166844,6
174821,4
187867,12
224683,1
217318,9
158384,3
223025,1
143629,5
80285,4
234285,5
222272,2
219258,1
74337,14
104867,25
219601,2
211468,11
169968,11
79368,13
147668,9
193293,4
144972,6
216263,5
153136,7
123802,3
114702,5
26402,8
163671,10
172403,11
290059,1
187005,3
242902,7
191427,1
223097,3
32773,13
46363,20
211083,5
187279,13
252132,7
187607,6
36426,10
93408,23
184203,4
169678,2
184271,5
80759,21
158013,2
42886,9
114861,8
161392,2
165355,7
163759,3
123351,11
143397,1
91007,6
111842,4
183441,12
99768,10
247128,3
170463,3
97526,16
192017,7
50585,14
193687,6
215619,3
128991,58
178889,8
184429,1
213383,4
120120,4
140473,13
167824,3
163923,9
159612,2
176953,5
253910,15
283113,5
135647,4
197151,5
101662,8
145737,1
172263,3
207131,3
142246,8
108773,12
144208,2
226060,2
214106,4
117738,5
139002,2
201328,8
218811,4
189403,3
129076,4
149986,8
281094,2
256541,1
122015,8
150680,2
140874,18
148396,7
168796,4
204550,2
284437,2
126138,9
152597,3
177185,15
164302,6
99915,14
207706,2
273851,2
112842,10
142178,4
147964,2
158458,4
229427,2
148663,3
169392,6
195885,5
157801,8
181777,9
267356,1
92483,8
276003,1
184379,7
122451,4
195349,28
196761,8
202307,1
203825,3
217757,1
253842,2
260659,13
98171,4
26496,32
224529,10
141804,18
252176,2
121009,6
186435,7
239502,1
195007,7
220090,4
110584,8
173759,5
262113,4
83664,5
103322,2
142511,3
178795,3
279620,2
101770,16
54220,25
83316,19
250480,8
72032,7
88816,10
141116,7
182171,8
205435,15
134079,17
151685,6
274525,14
88578,21
99708,13
135850,17
26610,7
70008,7
122809,4
193695,7
206413,4
257543,1
183215,3
120769,12
187853,4
176657,7
175847,3
178729,13
249506,1
275901,1
194670,5
208076,3
154933,14
213449,7
79570,13
275665,5
161544,6
148942,4
54607,16
167614,1
290093,5
6647,40
121045,6
116700,16
282303,4
185755,7
60590,24
210195,1
281828,6
142094,8
137853,4
264143,2
134869,5
269006,2
6445,63
222921,25
202405,2
263277,1
181099,1
108676,2
117478,5
121459,8
148359,6
218417,1
71697,17
209989,3
105368,20
172835,8
132987,10
153722,4
252238,1
124637,6
152115,13
94394,10
138752,4
178939,6
213053,3
108852,6
197749,7
188657,2
124595,4
7296,5
91360,10
5851,36
278444,17
97005,20
181949,6
99689,7
136674,12
133535,1
266524,1
134035,9
168214,9
158286,17
191397,1
78192,5
169126,2
114380,2
137765,3
151202,2
168622,5
129640,5
147012,3
143902,4
180725,11
78684,3
138252,1
144164,3
157885,1
224903,4
152107,14
165633,7
119977,21
211219,9
184675,18
239180,8
169172,25
167752,7
88376,10
190351,1
89963,29
196263,1
196519,1
108516,15
164055,6
241156,1
161092,4
183255,4
55681,13
291765,1
148170,10
178717,6
281064,4
89965,5
162682,24
54519,34
218529,22
115911,5
144700,14
191803,13
203888,2
166324,8
182185,11
265674,2
185347,17
204068,15
215035,5
207423,3
250164,3
197645,6
161676,8
152232,15
181607,9
166189,3
175543,7
206911,7
178745,8
232237,1
239604,2
164576,2
252074,1
155072,19
107730,7
190839,15
172597,18
196541,2
170115,3
142476,3
139636,25
181887,6
71243,23
169964,5
197083,2
288583,4
158840,11
77223,15
186705,3
245718,1
204338,5
238732,2
213115,1
120885,4
191357,14
117504,6
125421,2
217525,1
30905,16
160838,3
101335,11
90819,11
181901,8
213331,2
140557,6
207327,3
157977,3
258287,1
192983,5
78483,6
259323,3
164075,4
158029,10
217222,2
280220,5
211598,6
142280,6
156383,13
140459,14
176299,13
200536,2
279436,9
153736,5
142746,15
26022,15
205198,13
172023,11
152733,4
163024,3
229709,1
157769,5
126188,4
182393,2
195597,3
237526,4
188043,11
281938,4
131025,1
166798,3
203693,6
259721,2
284123,1
266532,3
132528,7
131604,6
55223,40
261423,1
286049,1
116313,6
158308,7
102664,3
90741,15
111119,14
116590,5
139683,3
179337,7
74056,3
26063,8
176843,3
92106,22
167134,4
168206,2
244158,4
206463,5
209995,1
210513,2
179215,7
170863,17
246258,7
224184,3
242236,8
214300,1
120629,15
254953,1
216789,1
201408,4
208957,5
179561,8
280526,5
48901,18
214012,1
214022,2
69217,12
171995,9
207195,3
223706,2
232329,1
177717,9
176513,7
193639,5
196303,1
109325,1
285261,1
271200,2
206485,6
157875,7
131904,5
157278,23
172259,6
289095,6
152940,17
203451,3
188219,10
183375,8
27306,39
128189,7
156091,3
194676,2
187351,6
238566,6
99441,20
162908,2
208301,3
251586,2
136976,8
122250,13
242910,6
283793,7
175743,12
122218,1
124224,3
193649,5
186235,1
221628,6
279268,4
168178,4
189323,4
82261,12
234095,1
168184,8
178533,1
150726,10
214354,2
156859,2
177809,3
147238,24
26670,8
104453,3
82353,7
166520,4
165953,7
204858,1
117924,19
135117,15
147086,5
8262,15
79539,10
195841,2
183005,13
114396,25
126552,3
212907,12
169030,7
232271,1
233477,42
226076,1
26235,13
145188,17
72876,18
227680,3
290037,1
116869,3
227959,10
192177,10
144774,4
244032,1
245402,1
120536,11
139060,5
5661,28
209645,4
152721,2
167734,3
7144,6
227560,4
229457,5
148846,3
170521,7
206565,3
133722,3
134019,14
266950,7
136676,3
264027,2
235695,3
166395,11
66389,5
77463,14
127280,4
142078,7
178067,7
197523,29
225455,3
189427,11
69299,22
224521,2
123493,26
132879,4
251324,6
117366,7
208503,3
113557,17
157981,1
163280,1
152366,8
167378,28
196027,3
112332,8
247180,2
186111,2
210057,6
179505,7
81643,5
183245,8
72235,3
105918,12
124587,4
173533,20
196459,1
114457,14
260057,1
154672,11
204128,4
164354,6
157573,8
185637,3
264456,1
264666,5
253514,1
284603,3
179239,1
193241,2
227432,2
241492,3
178633,3
149988,6
178353,11
176629,1
66758,30
273689,3
128490,3
173331,16
155936,1
261419,3
76258,11
185783,3
225133,3
68855,3
187441,5
90795,19
261433,6
142346,7
202946,2
163490,2
176185,14
189535,8
240204,1
113843,14
162662,7
166474,7
196377,4
253430,2
194128,12
219567,5
141367,23
145921,12
204808,3
188065,8
91075,12
94955,11
104462,3
173357,8
143910,7
214046,6
186429,6
266430,5
266756,23
260487,14
229005,23
219262,5
205409,4
170105,8
200452,8
169060,6
101510,3
120210,6
229121,16
177411,5
193645,4
186563,3
179797,6
166739,5
182335,5
183933,6
199686,17
261753,2
98497,8
143683,3
169408,8
216701,7
220188,8
168908,1
212156,2
87514,5
157691,7
218799,4
205040,2
202625,2
251390,4
264704,4
117326,4
252812,3
268544,13
112187,4
123495,5
125019,2
189477,3
209453,19
216679,1
165211,4
187851,1
189931,2
197281,15
49037,25
168258,3
209937,1
163040,4
160299,3
207584,4
209857,6
122693,11
721,18
169168,45
150292,5
128031,7
90537,21
283149,6
113864,7
248106,1
250026,1
199756,1
152749,2
169770,6
114292,12
257857,1
58722,32
86929,5
145072,11
183219,7
71104,7
196455,2
92756,14
234432,6
139042,13
189301,6
169248,6
251412,6
137636,7
137172,4
214566,3
169284,2
196863,21
204040,2
205004,3
199834,14
86900,11
118326,14
122474,5
138770,1
165769,3
177535,5
204650,1
244194,1
124997,5
63283,20
147200,22
286871,5
152930,4
169416,2
204672,16
80421,18
233415,2
251660,2
184861,5
176825,4
170050,2
210777,7
160356,5
207614,5
244000,1
246078,1
100448,2
117718,9
280806,5
222625,2
231965,10
83071,7
86622,5
86675,10
87773,6
197483,4
109981,5
190575,24
274321,1
100741,5
270762,6
157182,3
274647,1
181683,6
160378,3
8692,56
111449,18
93946,30
160551,5
162826,6
186971,1
201308,17
209695,2
210419,2
160171,6
176411,1
70377,24
218605,1
91666,21
218475,3
31090,13
188315,8
277324,17
128155,4
255985,1
283387,2
78991,26
182229,7
169826,3
252084,2
98783,18
103806,9
165677,9
85576,9
213640,4
201556,3
167668,3
202639,3
133085,3
133259,4
186571,5
149642,11
156896,36
167742,4
185969,6
5814,4
185581,8
91540,42
96160,6
107541,38
139657,2
178969,8
201256,2
272465,10
153124,19
176711,3
193801,17
176235,10
151431,7
176857,3
87518,6
150606,10
140818,10
181347,3
5271,11
210507,13
186007,7
207514,8
242234,13
275585,4
285949,13
149514,9
191273,2
195925,2
198827,11
120877,15
188643,6
107951,13
221931,2
237874,1
208028,4
80952,10
188353,7
196525,11
175581,19
215687,13
196019,4
66981,5
157727,4
202633,2
265734,3
229957,2
276943,11
195255,39
221524,2
76716,21
141112,3
155368,10
200460,6
211395,14
277522,2
145775,25
185951,8
129311,3
146910,9
41353,23
193483,1
194068,5
201370,5
81615,6
256537,1
185685,2
207626,4
165815,2
190847,1
129763,4
256115,1
143482,3
148936,1
198697,3
98823,5
121677,5
173875,9
100203,2
60666,19
228327,1
87794,7
148616,2
172865,26
217047,4
138162,1
133943,2
132432,18
204382,4
286383,1
90208,5
141542,6
213221,2
197961,3
164578,8
234971,1
235411,11
189137,14
187695,3
69744,16
174653,6
6015,34
113555,9
71154,28
165505,3
191215,5
281794,2
97600,13
186551,7
123127,1
241014,4
88252,8
279634,9
202986,4
215655,6
211067,2
160798,8
140633,2
203170,6
117989,8
121312,13
69964,12
103286,7
214016,1
275247,2
203118,3
172553,5
173641,4
250476,7
214800,5
71065,4
148735,8
260055,1
203651,6
232463,2
123549,3
283853,1
196243,17
266640,31
158121,2
131592,3
133327,5
265536,2
274133,6
177203,15
192139,1
275103,5
184497,22
106998,18
100483,3
141214,6
217158,3
179965,7
164809,5
72212,21
83437,16
80235,12
169104,4
130252,4
162178,1
242288,3
150536,7
123911,4
268370,11
176031,3
180123,16
111575,1
120272,7
245512,7
124344,4
119424,8
157765,3
153352,6
87562,7
217639,1
228355,1
194600,8
120464,11
120266,12
152336,3
165291,6
91896,6
104276,10
213393,2
208012,6
70689,21
116233,2
285903,2
207522,3
141773,1
187869,4
264516,1
133365,20
131174,7
181139,6
33201,21
284383,1
56477,3
165525,4
275825,3
42335,6
172235,7
165121,5
275905,3
249572,2
239460,2
26106,15
120791,4
145452,1
123993,8
174073,3
230139,1
179565,8
216581,1
3750,4
25892,3
101156,3
234653,1
108328,9
148476,12
57357,13
283401,4
225822,10
119619,5
182469,1
213952,2
286715,1
251480,3
125980,5
122337,7
170533,5
286623,2
209537,6
155617,2
186349,8
209555,4
184565,5
210447,2
263043,3
131646,4
137968,4
274651,10
125285,11
241440,2
217162,4
219561,14
124157,8
148428,8
181651,4
247898,1
154542,6
279072,1
164719,3
221522,2
140198,9
145712,1
146958,1
25984,15
182071,11
246358,3
158043,3
199083,3
143976,2
68314,8
190189,6
131305,3
139080,7
90931,10
26088,6
124537,9
167002,2
199259,4
27197,10
171747,5
189101,3
282885,2
118730,1
168364,3
175955,3
178049,15
284523,2
257505,4
184151,2
88466,8
93070,3
206925,1
210205,3
197601,8
163551,2
229433,2
134678,6
124196,7
221728,3
131790,5
132606,2
158151,10
182325,5
276315,1
185829,7
114333,5
201276,11
120232,1
135252,8
176859,11
200762,1
217019,2
241436,1
204682,1
159676,3
161598,2
274491,5
153676,6
91882,14
239480,1
97163,2
176095,5
190889,11
139537,4
116574,3
157192,2
178883,4
172705,14
205919,2
220558,1
219342,2
123941,4
177793,13
204792,6
196929,5
135192,10
644,15
266084,2
94337,2
279258,1
246336,12
116331,4
199882,6
158765,5
177573,11
142092,4
125876,4
142244,4
223470,1
38713,17
165497,9
187319,14
212044,6
219691,2
268974,1
219464,3
106078,5
146624,1
179073,3
227106,2
143843,5
224282,1
7441,10
208475,2
211536,1
153604,4
276645,1
123579,6
265506,5
27759,5
136074,1
138822,2
114363,7
154504,3
215023,3
178949,7
230291,2
197373,4
238230,1
96759,3
242790,2
142254,5
163214,1
173005,5
260133,5
128792,2
147284,2
250608,6
170409,12
196383,15
203234,2
165389,3
205433,3
212076,3
109616,7
133005,1
136231,7
133677,3
272651,2
212839,10
144192,5
176363,9
160986,8
185917,4
152181,7
206299,5
115864,8
132190,5
129986,1
148556,1
165845,8
258573,10
165473,3
207237,2
202689,2
87390,10
83969,13
209271,1
275537,5
246698,2
99287,5
137484,9
264866,2
266872,2
168120,4
202245,2
163438,5
173897,7
282033,1
225916,2
201600,3
184985,1
197823,12
119569,3
222847,3
162388,4
164733,3
218071,13
181257,13
214943,1
212995,2
120134,8
237219,2
110179,6
64754,3
91854,7
136070,5
137383,9
132132,17
131182,3
135121,8
266394,4
82678,15
199822,10
199876,5
195049,7
170175,2
117855,2
111536,4
89010,6
186959,10
242274,2
110651,4
243886,1
225747,1
82184,2
97707,4
168700,2
236359,5
112393,3
118716,14
179557,3
185293,8
4742,7
244040,1
162818,5
109383,13
273897,5
135400,2
246618,4
190185,5
114195,9
230177,1
177039,4
123188,8
160227,3
143023,14
123559,1
152517,6
247602,3
109565,1
284815,2
120576,10
140679,2
150742,5
239806,4
165701,4
217851,2
240722,5
207786,1
243488,2
290167,1
214981,6
114122,10
135296,12
157242,1
131644,3
277550,6
204662,1
161836,1
173083,8
201979,2
157292,2
191171,2
69834,3
179445,2
198131,2
149260,6
115957,5
211948,7
231969,3
274067,1
245076,1
201410,3
119822,7
143791,6
146762,2
187931,2
192541,5
124390,3
159652,6
239794,4
208806,1
280456,11
163294,2
151084,4
133479,4
267512,1
213505,3
244276,3
195017,8
94339,5
140457,6
72016,3
197507,3
145016,1
172955,2
191287,1
216889,10
123921,3
256213,2
101585,6
201392,2
145462,1
110233,7
206447,7
207329,1
206214,5
163384,4
209179,3
78832,6
174643,3
136110,2
138254,1
267706,2
188031,5
122579,4
32168,13
72910,3
158370,1
183205,5
167866,4
146720,4
154184,4
110696,2
203044,1
244180,2
110864,1
149134,4
167324,5
126725,4
82370,5
224475,4
240374,2
248208,3
209549,5
207736,1
209551,5
101803,5
127333,6
146588,8
272661,2
196671,1
271965,4
133949,2
131380,2
266796,2
270474,1
285791,6
6381,9
160622,1
94262,17
59136,7
213027,3
214971,5
286111,2
126652,1
119866,3
145472,2
190033,2
109931,23
181213,2
129036,5
147714,1
184371,2
186895,7
162384,9
165529,6
8519,17
124308,2
97817,6
223175,1
210329,6
203310,7
207481,5
210153,2
211251,5
27889,6
141301,7
285763,12
134875,2
263083,6
167598,13
221046,4
182243,3
114687,7
146980,2
177759,4
282833,2
248546,4
199444,2
199824,1
187035,7
127102,12
161082,3
196435,3
203489,1
145414,2
145903,3
84140,9
143719,1
201947,3
208617,1
215671,1
195839,5
208911,1
153302,3
222589,1
163298,1
173475,3
194612,10
131588,4
3277,6
144988,4
256547,6
183025,2
256305,3
139940,3
166484,5
199854,2
77491,6
86081,5
192277,2
128806,3
276861,3
168698,2
236887,2
26964,6
167628,4
220874,2
106076,5
137624,2
187847,8
197593,3
106458,3
250424,5
177727,1
132993,8
157803,14
279658,1
282593,1
203661,4
237754,2
27914,3
87296,6
138544,2
201767,12
105455,2
177217,5
180169,21
282035,2
197817,11
236113,6
203156,2
244690,2
90690,3
105915,1
102688,8
118562,1
158084,3
160860,9
122643,7
148928,8
279374,6
253710,8
107199,4
131496,9
137084,1
223292,7
149234,4
143466,10
244394,1
57942,22
283787,4
224577,1
191327,7
273697,1
141779,2
261147,1
171195,21
201404,4
183131,4
167240,5
259823,2
256339,1
177135,3
164813,3
213257,1
213662,4
211574,2
104774,6
256807,1
217909,3
119960,1
176705,2
134712,14
215267,1
168298,3
137482,11
270118,1
36816,4
220950,12
240258,3
241308,1
115247,6
162108,4
172717,13
161986,4
259335,3
282145,4
171831,6
175043,6
223179,3
224537,1
216398,3
192673,2
236463,6
124747,1
169242,10
123675,6
199620,5
190041,3
186443,3
153750,12
179773,3
124957,3
162312,5
150736,2
214148,5
191909,4
272461,1
137459,2
135103,3
269236,3
1158,14
125531,1
228411,3
232887,1
148695,5
105865,3
167106,4
116283,3
187265,13
219087,1
168008,2
91044,10
108752,4
187799,2
142883,5
193485,6
198169,4
117452,3
119043,2
119818,2
63840,4
204936,1
152133,4
214744,4
282559,4
145390,19
233587,1
284993,1
131968,3
131984,2
138102,1
157114,3
273171,1
234631,1
273569,1
160048,5
166984,3
277114,3
142432,7
176535,4
181773,9
198483,3
206897,1
246862,8
282351,2
285563,2
140860,7
141084,5
207341,3
144236,4
143641,5
51341,14
128211,2
233181,2
81646,6
193675,1
205132,2
162412,2
162884,3
223950,6
284185,8
199802,2
206147,3
155403,6
225978,1
113244,5
171221,5
186825,3
191917,2
87516,4
187783,1
91617,16
143755,5
159355,5
180499,6
216983,4
119573,4
162450,6
99560,17
172885,12
280686,4
96257,10
172853,3
268522,8
262621,3
134449,14
211279,2
212349,3
151771,8
212192,12
114164,4
169118,2
146022,13
192689,4
183179,15
176203,2
103087,1
172039,1
237217,1
8945,5
255425,2
205715,9
135374,1
176635,4
220172,3
125371,2
196877,8
122563,7
166540,16
162570,5
253666,1
220696,2
237001,3
146020,3
232915,2
138568,2
91599,8
204618,8
162462,13
193495,1
108271,6
124422,2
196951,6
216753,2
160225,5
161010,1
130476,10
206365,3
187173,2
195281,8
276213,6
171939,16
156877,2
190165,5
213519,3
190497,4
168304,6
117592,13
209133,3
200518,6
168136,7
290011,1
277178,3
115893,5
220866,2
198491,4
87010,9
119844,5
131696,3
143777,3
92079,17
205869,1
212427,2
100799,8
268766,1
134405,2
134328,3
134479,4
135893,6
131128,8
156913,3
266464,5
172989,3
71736,20
185763,2
94542,27
197325,4
199099,11
114174,8
184913,6
203178,3
209577,3
274735,1
216819,12
276801,9
179905,6
273995,1
220896,1
43633,9
153734,1
163673,9
167890,2
285893,4
251796,10
214969,1
186227,8
147045,7
198013,3
185321,6
175159,4
136898,7
135378,8
136566,1
133706,1
148060,3
144956,22
34364,11
71448,27
282391,12
222513,1
46753,9
199858,3
174637,4
201801,3
157779,3
130173,10
146034,5
177609,3
193827,2
27310,6
158805,10
226310,7
96539,1
108551,13
128886,6
131824,8
150732,4
164292,3
180477,5
125533,11
155409,5
227795,1
157377,5
184973,4
148848,5
194734,4
199243,4
185937,1
229665,1
183473,2
171321,2
186011,1
275547,2
98859,4
212098,3
263705,4
137797,8
210225,20
198937,4
236243,1
87327,14
143827,3
159437,9
217417,1
73330,17
197531,5
151993,4
167188,4
197565,3
215057,6
214716,5
91904,4
144772,5
229251,5
194885,3
147302,1
258257,1
84372,3
166687,4
100257,1
154994,5
196741,2
47165,14
123667,1
143096,3
54542,12
208785,1
141560,2
196777,7
200150,6
739,11
218557,1
73139,7
80797,14
139461,6
164687,7
133739,22
135575,3
131610,9
263357,2
136738,4
223157,10
98221,6
103910,3
94308,1
178619,4
160350,1
197435,3
173775,6
212841,2
274619,1
112359,8
184923,11
178999,7
201398,2
220880,1
220894,1
207692,4
153915,8
212837,2
129857,11
179323,1
279044,2
180959,2
191365,17
180219,2
201712,2
114696,17
145255,4
215189,2
218131,3
160508,3
93533,11
156675,6
252324,2
98467,7
123018,6
208731,8
219790,3
255665,2
204988,1
130426,4
142703,2
162326,12
224224,4
198755,3
128362,4
135015,14
253894,1
214740,3
198847,10
277444,2
148749,2
185323,8
177399,2
222324,2
195527,5
118914,6
33229,3
248242,1
105901,4
277896,4
170505,4
184783,3
202990,2
91612,6
142544,1
145851,1
147126,7
204958,1
208086,2
208967,1
276651,2
257015,3
137895,1
149082,8
138878,4
135262,7
116159,14
240302,3
6621,11
228349,1
153812,3
230671,4
87071,10
188401,3
174467,4
119589,4
145546,1
172195,2
92783,1
127869,2
7872,24
165687,3
139651,7
137076,5
132030,2
135077,3
263365,1
178599,4
166677,2
170215,3
198747,1
167604,7
222603,2
249906,2
200556,11
287531,1
159065,5
69487,3
84983,9
85861,5
86773,7
157635,1
261953,1
279568,2
166293,2
27221,18
90201,8
172157,14
165401,1
208181,5
149832,1
166328,3
111525,2
111791,1
128223,3
128816,1
189663,1
281826,1
170445,4
282721,2
190695,3
220416,3
274599,3
185233,2
169222,9
268948,3
139823,3
267004,2
131278,3
136465,10
265182,2
32294,9
252786,1
131840,5
199456,5
149240,9
152294,1
47626,9
87505,4
162024,3
280998,6
99513,9
165383,3
179577,1
160074,1
198287,1
205168,1
221666,3
243896,1
143160,7
251578,2
133964,6
263051,1
262505,1
156460,2
166546,6
144778,3
164481,6
198923,6
90825,3
200852,3
207427,1
257471,5
165405,2
153716,4
98449,14
176565,3
131743,3
207548,3
255101,1
257555,2
237236,1
116664,14
66250,1
201522,4
194084,1
289593,1
279256,4
198901,2
198949,2
198997,4
149925,5
214784,7
252392,1
279312,1
157595,5
136838,1
156869,5
265382,3
265032,7
165135,2
195133,1
138940,8
128157,4
136630,13
143681,5
198083,3
206662,1
273923,1
189365,3
109623,1
194108,3
148290,5
282597,1
273101,3
247296,1
276079,8
172299,5
185225,4
171665,4
140904,2
146768,1
259615,2
283999,2
172657,5
195971,2
259193,2
284617,3
216077,3
264105,2
124529,3
281266,6
191279,2
240502,6
124290,8
48299,9
149438,6
215001,4
87085,2
166054,3
107252,2
82643,9
86495,10
278592,1
173257,8
170621,18
102917,9
244392,1
173061,5
213912,2
158671,4
183787,1
210829,4
199618,9
8095,6
212092,2
142230,3
253944,2
176969,2
132938,2
263323,5
268216,1
160207,11
181565,7
221608,3
150546,4
281038,3
203142,4
145909,2
163354,2
204052,4
261917,1
274731,1
151499,2
116740,4
169144,2
146930,2
282507,1
206381,3
256535,9
83767,6
138218,1
175793,2
238952,2
158811,9
270794,1
288561,1
136778,5
264015,2
133708,3
276955,5
247930,1
87216,7
92200,3
279544,1
165283,4
101162,8
209447,1
179625,2
205963,4
175019,4
163236,2
246628,1
180479,9
160890,6
165029,4
249068,2
167864,8
64410,3
80022,3
88228,3
277904,7
145799,4
169246,7
234338,1
170803,9
150393,3
139435,1
288683,1
116455,3
149608,1
187503,6
250950,1
104795,4
125513,4
219027,3
79653,10
273349,1
157587,6
189369,2
234400,1
164771,7
278604,2
56702,4
256089,1
141391,5
234781,1
277998,1
171659,1
128399,2
139425,2
258291,2
232317,3
218029,1
83446,3
272259,1
289261,2
184707,4
233187,1
224020,2
281024,3
124253,2
269534,12
202047,1
223552,1
197747,6
167578,3
189593,3
181977,10
261967,2
79043,4
184589,6
203531,2
156406,3
197439,11
190361,16
141497,5
286887,1
119037,1
157937,3
253236,4
67876,2
254792,1
204946,1
193553,6
214548,3
134154,7
288207,1
268322,5
171731,17
222609,2
141594,1
65556,6
282177,1
124265,5
185889,3
144694,16
181975,10
183921,4
261699,1
212935,2
234404,1
116401,5
278608,3
165617,1
230541,1
26028,8
119031,1
282751,1
145222,1
95111,5
110852,2
125011,3
184803,10
131838,5
133093,4
138272,4
137399,10
167022,2
95735,17
142214,4
179979,4
211442,4
100595,4
210775,4
256101,1
190797,2
25957,4
157925,1
160488,1
188135,12
103374,3
203829,4
255685,2
165573,4
227536,4
89850,6
135907,3
266568,1
268938,1
194658,6
274601,2
122639,3
165369,4
252136,1
239632,1
56067,6
179621,2
278602,1
292731,1
145198,12
198241,14
172475,2
141056,7
219828,1
275153,7
278656,4
280182,1
122141,2
105330,3
142983,4
191549,2
211642,1
280448,19
70146,5
84555,3
117716,2
249460,3
124741,2
211672,1
110862,4
194654,1
227534,4
151208,1
286767,2
182457,3
277596,1
58785,4
199193,1
204744,2
282143,1
6514,13
172575,13
205020,1
278412,2
150716,4
204358,7
243072,1
118983,8
126044,6
118736,3
128774,2
180117,2
287517,1
58180,3
63688,3
69039,8
149913,3
208991,3
258431,8
181105,4
284757,3
135422,2
268930,1
176493,7
221168,2
234681,1
123469,2
128051,2
124973,2
198137,1
205118,5
217719,8
145745,3
143111,2
276557,1
215909,1
247314,2
167160,8
118568,3
171639,3
219089,1
245990,1
211109,4
202541,6
210417,1
241312,1
141896,6
281292,1
182911,3
133369,5
134413,2
167606,7
286845,2
160366,1
261637,2
234243,2
128437,2
186431,11
176029,2
215847,3
272353,1
284305,2
122027,6
117918,4
215609,1
167934,2
111261,3
206417,2
186293,2
260497,1
109893,13
132745,3
267076,1
104307,4
105382,3
154550,5
162106,4
140419,5
159978,5
207177,3
220160,1
249862,1
192899,4
170619,5
176611,2
103241,1
155762,3
226066,1
167410,1
207578,2
198893,3
198907,2
185173,1
91860,3
104285,7
288013,1
216029,1
186893,2
85896,8
123235,4
179077,4
188157,5
142919,6
130198,7
162980,2
236943,3
259327,4
147642,1
160496,1
202113,1
204284,2
192069,4
90466,1
124831,1
242178,2
267886,1
136028,1
136740,10
131074,2
216011,1
77229,6
151123,4
233955,4
205563,1
271152,2
281184,3
122571,1
271349,1
182935,4
122633,2
224735,8
184945,2
121867,1
171679,5
130604,7
186823,4
198181,8
196991,2
189671,3
227574,2
190271,4
167408,1
252012,2
194508,3
131536,2
288445,2
195679,3
202049,2
279874,6
25981,6
64408,13
183527,1
164234,4
230685,7
125225,6
184419,2
275233,1
165359,3
284431,2
122023,2
139072,1
121519,2
202906,1
243550,2
260771,3
168340,3
222195,1
112261,6
218011,2
206347,3
242478,1
185207,1
184245,1
166725,4
133857,3
136425,3
211173,5
65381,15
163324,1
251120,1
261897,1
32972,7
268048,4
226848,6
128203,1
236769,1
103266,9
218103,1
122978,1
128476,1
106355,3
225241,2
91253,2
106351,3
279178,4
282845,1
287511,1
260193,2
187053,3
177171,2
196563,5
185487,4
81656,22
177967,5
169276,7
84481,9
276537,1
276141,2
151749,4
172991,2
245988,1
243378,4
111649,2
188563,1
164352,7
129885,1
160346,12
194408,4
195665,6
81347,4
226138,1
232477,4
247164,1
277308,1
138564,2
139964,2
268404,4
265318,3
184335,2
282213,2
83277,6
221656,1
258997,1
203318,2
174563,2
244710,1
173133,8
118556,1
120905,8
291863,1
177147,4
152503,2
25979,5
92646,4
98323,2
183233,1
194324,1
218549,3
278430,7
283589,1
222637,1
198953,3
156730,4
157381,3
196815,6
283453,2
3779,14
89248,13
261707,2
179997,2
73460,19
146728,6
278134,2
194008,3
125940,8
213077,3
130738,2
181455,3
164847,2
121421,3
175863,7
1706,12
282713,11
283289,1
237872,2
122359,2
123619,2
124548,4
124847,1
149108,5
179283,5
91163,1
212597,7
287359,2
277910,6
282899,4
99085,2
262677,1
266978,1
204580,4
155376,8
128287,4
282181,1
163004,5
142624,4
207133,4
261661,1
277302,1
184125,2
183557,8
198627,6
169320,3
186553,3
278380,5
281356,5
197703,2
97845,3
172977,1
174117,3
111766,6
155399,2
183949,2
185533,6
210135,2
286553,3
290333,3
141936,2
200590,12
194182,1
242800,4
212253,1
279104,1
233097,2
268308,2
180209,8
140379,9
196795,12
67803,3
183047,8
145968,7
276905,8
149294,2
235287,3
200656,2
84448,6
209671,1
179721,4
154620,6
85744,4
277882,1
256287,2
287467,1
252718,1
173715,2
55512,3
96734,5
194166,1
211754,1
212527,1
227452,2
207187,5
131828,6
139699,2
270038,3
139447,3
264926,2
269988,2
77435,8
73989,8
216961,1
167574,3
182901,9
187153,7
185359,4
126729,6
219750,1
224342,2
114685,6
172675,11
290914,3
186919,2
232311,2
248954,1
159526,1
278740,11
139263,5
289875,1
217360,2
62920,4
193729,7
211161,4
277918,1
219802,3
227162,7
158992,4
176255,10
235819,3
224843,1
136279,5
157300,2
165417,4
114809,6
282193,1
170269,5
160157,2
213712,2
238040,3
82915,9
270618,3
232157,5
204902,1
205012,3
206062,2
215955,2
205367,2
130904,2
200964,3
173035,3
128391,1
185379,2
161720,5
70531,6
144052,5
148112,3
91494,3
188543,7
162928,13
250692,2
193249,3
132022,1
131786,4
205571,1
155986,1
127339,2
276747,1
126789,11
122739,8
124285,10
258725,1
78184,5
196111,11
261693,1
274431,1
207079,2
165387,5
84529,5
282563,2
261263,2
104498,4
112617,2
126763,1
154130,1
250024,1
275957,1
206923,2
253724,3
122062,8
130936,1
111318,4
125646,2
174555,3
207181,1
281898,2
268514,13
158922,5
137819,4
133083,3
136381,2
7816,3
115139,6
214730,1
92029,5
220164,1
252388,1
118476,6
114805,6
193155,1
102413,17
219647,2
127009,5
281666,2
130720,1
126098,9
159498,2
202133,3
282747,1
185391,2
63772,6
89932,5
213253,6
247412,2
174755,2
194178,3
275933,1
269280,3
268590,4
136594,3
276803,2
101975,14
262961,2
236361,3
179455,4
174437,5
160782,4
188923,2
260135,1
164841,5
215595,1
260781,5
132212,10
182047,10
128433,1
204134,1
155808,7
280636,2
58081,4
90514,2
249398,9
280196,2
223286,2
69687,2
227961,2
195397,1
262361,1
220322,2
152220,6
150479,4
37058,13
116851,1
67298,3
182979,3
278652,13
59865,5
205461,4
58847,10
183585,3
179583,1
248866,1
162410,6
287099,3
140363,3
132860,1
207538,2
149424,2
117513,6
81548,4
129435,2
216191,2
276461,3
202769,1
198885,2
206141,2
180843,3
128364,1
281340,2
219252,2
158950,4
3647,9
105963,5
128181,6
180257,5
231207,1
179109,7
68163,9
134383,7
105081,14
170107,4
131070,5
274607,1
80076,16
139074,2
283923,1
179601,3
190389,2
282599,1
238062,1
281991,1
173013,2
183117,1
270702,1
282923,1
152179,7
230649,3
86620,2
111846,1
115256,4
87276,2
170659,10
209125,2
279372,3
240738,1
198935,2
267440,1
134493,2
133339,3
105961,5
153340,6
202904,1
209219,1
91309,10
166447,4
204920,8
168646,10
121055,2
219766,2
281626,1
63134,3
194254,6
172579,10
68539,4
253054,1
172971,2
202369,1
31692,10
269968,2
149804,7
205423,1
92471,3
130109,1
262513,2
262241,1
138148,1
193888,4
149980,2
154622,6
154658,2
150834,1
129054,5
273371,5
124113,1
281222,1
200184,6
273971,1
101245,4
161656,5
173579,1
189597,5
250132,4
125593,2
170209,6
201995,2
193413,2
228145,1
180701,2
180255,3
184293,1
195759,1
262303,2
263039,3
257643,1
154586,2
236969,1
181323,1
245802,1
118870,7
202513,10
96532,2
146515,2
254342,2
214220,1
214222,1
191605,3
101986,3
289711,4
226636,6
112212,2
174039,1
185803,2
193435,1
200088,2
153064,5
153244,3
154552,1
204848,1
193924,3
255483,1
271533,1
98834,11
165013,4
281838,1
173545,10
173631,3
205867,2
285117,1
242836,1
287537,1
122387,2
142288,1
178875,1
193581,9
125131,3
121551,1
147548,4
178663,7
123848,1
271385,1
213093,2
234414,3
198567,5
282165,1
186635,4
244120,4
179689,5
287151,1
189859,4
85503,2
129441,3
158713,2
165285,1
169442,5
178185,1
182885,2
200742,1
268746,2
139565,1
126148,4
277236,2
185065,3
154759,7
269356,1
108052,6
205311,4
96842,4
178583,1
181953,9
198469,6
221144,1
178859,2
193874,3
242474,1
241612,3
267400,2
244328,1
149681,4
234141,2
89014,9
99667,3
115795,1
151854,1
162174,3
187185,5
197469,2
267402,1
166896,1
154642,2
154818,2
181305,2
77149,12
238096,2
284635,1
288425,1
225155,1
198859,1
196079,3
210663,1
159600,2
160255,1
32994,3
166733,2
275339,1
124699,2
135891,5
158681,3
187205,1
161300,3
267416,1
158400,1
137313,1
154514,5
166348,9
188875,5
91595,10
198417,4
284571,1
241858,1
132640,2
217939,1
260279,1
96865,5
221624,2
284087,1
102845,1
282063,2
175125,1
170040,3
194779,3
269660,1
278692,2
263531,1
134366,2
282775,1
94786,3
154544,2
154632,3
122752,1
231453,1
259901,1
271621,1
275647,1
167730,5
274533,4
190303,2
149586,3
183267,10
144754,1
275863,4
72022,4
207802,3
175507,6
113524,1
280560,3
175561,1
124087,1
175083,1
175353,2
277110,2
269964,9
154230,1
108316,2
286397,1
290113,1
147390,4
206656,2
93628,3
173799,10
225862,2
249130,1
272753,2
177359,2
274673,4
140026,2
120323,7
89285,3
151555,1
164536,3
144200,2
120313,5
113466,3
138166,4
262367,2
137690,2
5330,4
153204,4
184013,2
130237,2
146974,2
121049,1
124829,4
213095,1
129068,2
198407,3
234171,1
221872,1
226186,2
235531,6
171755,1
188501,2
114359,1
220814,2
191209,1
111774,6
172225,3
199546,3
217713,1
267528,1
137130,2
151189,3
156067,3
136820,1
210687,3
275857,2
285607,3
131794,3
145376,3
163873,1
277228,2
149866,4
275485,1
272729,2
289835,2
173559,1
193829,3
225727,3
190631,3
77344,7
160339,8
127871,1
145324,2
209877,1
202255,4
207902,2
201182,2
149850,2
163404,2
174851,3
186119,3
277060,6
267008,2
153594,5
154426,1
190459,2
221018,1
204390,1
125235,2
225555,3
167176,7
208985,3
168504,2
187573,3
252364,6
151806,2
163328,1
158707,7
193237,2
160008,3
137294,1
134835,3
153110,2
153624,3
153638,2
153642,1
153985,2
186779,6
292487,1
213846,1
213634,7
243428,1
178555,1
260091,1
196077,5
213868,2
220096,2
244704,1
287403,1
122661,1
204880,1
169232,2
185503,2
198829,4
141532,2
153450,1
154854,1
120631,7
278664,3
215573,4
231445,1
208223,4
275927,1
253824,1
211418,1
173647,2
195673,3
198579,4
127258,4
237340,2
189187,2
211341,2
179939,1
186847,2
266546,3
134743,5
138196,1
153254,4
153376,4
145156,3
220024,2
112614,6
197871,4
274003,2
112023,1
247048,3
152224,2
271615,3
289853,1
151305,1
222817,2
225001,4
239378,2
113646,4
121011,2
123959,2
148875,2
169818,2
172193,2
178297,2
179391,1
201901,1
133321,2
264197,2
267404,1
154524,4
179771,2
280566,3
181485,4
181573,2
270426,1
105051,9
181939,8
206763,2
145122,3
164081,4
287481,1
160247,1
249210,1
148262,1
178643,1
190565,3
190827,2
205773,3
154562,2
154782,2
260393,3
207648,2
202809,2
206777,1
123850,2
162480,6
122143,5
282167,1
188879,4
166988,3
152948,6
189967,3
250372,3
285975,1
92906,2
191173,3
200296,1
273729,1
264089,2
266744,1
267372,1
135869,2
137507,3
81765,4
153072,2
198917,1
206797,6
263751,1
240180,1
122001,1
150663,5
202173,2
237310,1
111316,4
181929,8
188011,4
196151,2
174429,5
208933,3
173447,7
159050,2
220998,1
181833,2
192153,3
211890,3
159464,2
185525,7
123937,2
175237,2
235607,1
82984,4
201514,6
139569,3
174367,2
137180,3
138128,5
181313,1
270774,2
75362,10
208427,4
115676,5
166060,3
144990,4
290189,1
40404,5
290405,2
259285,2
213245,7
271417,2
124591,3
129717,1
66579,9
117857,2
187065,3
194284,1
274369,1
161296,1
138188,1
165945,3
153038,2
153212,2
153372,2
154610,2
154866,5
203567,2
181411,2
270114,1
215157,4
289035,1
92479,3
213099,1
100131,2
282289,1
258353,1
143579,1
270190,1
181879,9
196269,3
228603,1
281032,3
187117,1
228419,2
152670,2
187581,3
191123,1
135292,3
267230,1
139920,6
270182,1
134808,8
133959,2
140533,4
154200,5
7145,5
291725,1
145420,3
173527,3
113203,6
200620,2
206913,2
281644,1
276483,1
245288,3
277082,4
210381,3
213203,2
109771,3
141575,1
154305,7
178223,1
190493,2
246912,1
288063,1
139555,3
276037,2
153162,3
154778,2
198479,4
215771,3
97457,3
229723,3
216053,1
167946,1
282459,2
275835,1
286237,2
261345,3
168494,2
91745,1
104139,13
189473,3
121061,8
159395,2
156573,4
216549,1
179375,2
178167,2
178217,2
184453,4
192661,1
278342,1
78951,4
181287,1
224815,8
216695,4
148713,1
127721,2
172155,8
231443,1
287819,6
232831,6
219402,6
208725,3
174863,7
124921,4
213920,3
193699,2
231083,4
181517,5
196135,3
198091,4
128137,2
128221,5
192415,1
255679,2
212429,1
254134,2
214754,2
121533,6
162248,3
214276,4
235585,4
178373,3
180877,1
276653,1
184123,5
275491,1
182925,2
274225,1
241674,1
214204,1
139505,5
290157,1
282851,2
280324,1
128261,1
139000,2
166836,2
188573,2
199916,1
272743,2
133877,3
137240,1
136734,1
154536,3
154804,9
154882,2
187321,10
7363,9
237860,1
105618,5
184181,7
139827,3
195333,3
250412,1
225834,2
278082,10
173563,3
221342,2
214884,4
149504,4
190675,2
123591,12
91391,5
155643,2
65621,4
144184,1
145330,1
177889,2
187057,6
113170,2
265408,2
153088,3
153993,2
154382,1
154796,2
117660,4
186927,5
219892,1
149182,3
165523,3
124320,2
280922,1
285189,1
162952,6
213361,5
242036,1
160780,3
253152,2
204096,3
245428,2
142656,2
168856,2
273205,2
141588,12
167932,3
228085,2
253758,3
178247,1
178721,2
140068,2
254128,1
154648,3
181375,1
225471,4
116347,3
282467,2
124003,2
158514,3
201676,6
160014,4
200290,4
114535,5
126401,5
253372,2
239760,1
201779,3
271559,2
196387,7
210721,1
220762,2
182343,2
197515,2
220810,1
265384,1
187539,7
153116,4
153196,2
153893,4
83590,12
149296,8
172441,9
237246,3
146986,9
125503,3
279154,1
222209,2
283695,2
170165,2
108595,5
187287,8
159125,1
285227,1
193940,1
290323,1
140194,2
200360,2
175533,1
132975,4
133211,1
183453,1
153274,2
154674,2
177553,3
183823,3
230519,1
178311,4
194720,3
214598,1
251604,3
281536,1
276193,1
116295,3
279168,2
245146,1
188415,5
185749,5
279900,1
179365,1
287667,1
209733,2
137443,2
141578,1
162226,3
163613,1
271673,1
265132,5
153104,1
153402,1
199934,4
65370,3
246534,2
277013,1
248410,1
117521,7
275705,1
196159,1
209191,5
210931,4
197273,1
280982,2
261107,3
126571,2
227991,3
271923,1
137835,2
139990,3
270212,4
153710,4
154852,3
215297,4
192003,2
195589,4
213908,1
147104,3
122867,1
138831,4
277584,1
228995,2
170931,8
142168,3
196161,1
222097,2
278182,2
191463,5
101581,6
142160,1
161151,5
193309,1
195611,2
93859,2
268846,1
154368,2
154640,2
158078,3
220016,4
202409,1
162614,1
141894,1
181301,4
181959,9
216709,3
212319,2
93991,2
91683,3
247194,4
184139,2
201632,5
122649,1
217991,2
134693,2
153714,2
154612,5
158060,2
150884,8
224869,2
200704,6
277932,2
208291,1
282915,2
172087,3
194853,4
200484,3
116557,2
117563,1
238400,1
182811,6
222336,2
178377,1
216203,3
181435,2
200626,2
211095,1
257329,3
224885,3
242760,1
92963,4
95494,3
125045,9
129671,2
137433,1
192419,1
198699,1
266064,3
268206,1
266364,1
134505,2
144764,6
180629,7
149448,2
173821,2
148594,1
161470,1
216483,1
108138,2
163667,2
176873,1
161962,7
174791,3
281842,1
240792,1
166381,1
189927,2
146872,3
282869,2
157306,3
180217,2
218497,2
122811,2
246462,2
255109,1
104480,4
192135,1
238090,1
95750,3
144142,3
236003,1
193631,5
240458,4
163038,3
183145,4
217389,1
243430,2
248742,1
144850,5
289131,2
93455,3
125081,2
140427,1
197237,1
214702,1
257851,4
248154,1
188507,3
288033,2
281694,3
162930,5
108653,3
216547,2
288449,1
265112,1
268462,1
186201,2
203996,2
273997,1
118298,3
141686,1
226682,1
273565,1
214979,1
116811,2
143251,1
208707,3
212713,1
119804,3
201258,2
101823,4
152039,4
140164,1
265044,1
288987,1
186261,1
268770,3
288539,1
100421,3
107241,2
143551,2
144144,2
158274,2
212985,1
218349,1
224969,1
280784,2
258541,1
279364,1
122707,4
159904,1
201502,6
142586,4
252408,1
217617,2
167110,1
263011,1
151040,6
173867,2
259711,1
223592,1
134376,3
174283,4
217368,2
150542,1
94188,3
261279,1
231513,4
224308,1
169514,4
212731,1
170375,3
164675,3
207562,3
200872,2
171567,3
280204,1
277500,1
210037,1
220406,2
286027,2
140257,2
178483,2
188453,3
221456,1
129949,3
185387,10
123385,2
196727,5
141277,2
289251,1
291294,1
100334,2
125642,2
142851,7
122715,4
250496,3
153834,7
197505,3
195871,2
269656,2
177005,4
227330,2
217322,1
161610,2
263137,3
268218,2
207868,5
203475,2
258701,2
236293,3
107100,6
192155,2
284425,1
98131,6
187589,1
189077,5
272999,2
165607,1
131110,1
263975,1
188571,8
210231,2
215261,1
267460,1
279210,1
210471,2
165797,2
212741,1
149488,5
209415,3
210905,3
111876,6
174517,2
275545,1
283931,2
120865,1
224006,2
224146,3
239062,1
249106,2
178901,6
142701,6
192065,3
184603,2
115038,1
289033,4
173899,1
184507,2
190803,1
192353,1
277502,1
226596,2
277858,1
107063,1
101178,3
252482,1
216181,6
189245,5
242166,1
268920,2
266054,1
231269,1
209641,1
175271,2
290049,1
152539,1
248646,4
248238,2
170639,4
290858,2
291120,2
278552,1
181259,4
248028,3
213473,1
218881,2
189229,2
234215,1
218495,2
287169,2
219699,1
133718,4
264948,2
266580,1
203457,1
186171,15
201012,1
71705,5
124877,2
273563,1
283199,1
205341,2
277470,1
277546,1
212765,2
218851,2
224503,4
125379,4
230355,1
121150,2
105299,3
134226,2
201855,2
268764,3
256803,2
230341,1
226730,3
178505,2
246740,1
290910,2
201590,3
122212,1
95854,2
278566,1
139203,2
186095,2
200874,4
200892,2
228047,1
212873,3
100099,8
199774,1
271405,3
272485,1
223266,1
233831,1
177475,3
149338,8
229323,3
226734,3
283403,2
179351,1
279792,3
173393,4
231731,1
219976,2
163180,2
262947,2
223426,2
186069,1
98335,2
165835,4
172031,1
188861,3
251492,1
191821,3
180667,3
102796,2
179043,3
189069,3
166870,1
195077,4
120773,1
272739,2
235859,2
229153,1
227725,2
162222,1
200928,2
184743,3
209981,4
115006,1
277462,1
207946,5
154723,2
226252,2
172151,2
189225,5
212757,1
212807,1
186521,2
195285,2
169738,2
217839,1
239800,2
254534,1
283463,3
123379,1
125043,2
113464,2
203405,1
216450,6
155038,2
133763,4
266742,1
267808,2
222677,2
98409,1
157605,2
163687,4
218565,3
277518,1
260289,1
210489,1
211201,3
210399,1
273529,1
181927,12
178497,2
221874,1
253358,2
291118,2
182953,2
173279,1
277564,1
127728,5
245178,1
145867,1
186051,1
197301,4
142855,1
129476,8
203383,4
277534,1
284423,1
259949,4
239004,5
105079,4
210459,3
291260,2
176475,1
178019,3
271579,4
266470,1
149496,4
200890,7
193633,5
116923,1
158934,3
168886,4
159851,3
110818,5
167756,2
232429,2
288701,4
150952,3
211610,1
219049,2
39412,5
227723,6
193379,6
184757,1
237638,4
143446,3
215917,1
282019,1
172149,1
212679,1
212182,1
120514,2
204438,4
162314,1
291198,2
284959,1
270548,1
153752,3
173157,8
260503,2
209557,2
106994,1
126436,5
158278,2
220804,1
279060,1
283129,1
283187,1
250506,1
284427,2
123147,1
177517,3
171345,4
189269,2
216448,3
291282,2
117188,3
262441,1
214418,2
176217,6
291963,1
244436,1
192089,6
113543,2
140307,1
171535,1
200984,1
252264,1
264414,1
279066,1
277528,2
268614,1
212801,1
274229,1
140499,7
140651,4
163685,1
100338,3
169518,1
187961,3
205483,2
162806,2
186085,1
151729,5
129185,1
225685,1
277484,2
222871,2
166383,2
227939,2
181119,4
235703,4
171783,5
281282,3
291248,2
140429,2
278356,2
131100,4
267650,2
116112,4
158272,2
124577,4
184045,3
234247,2
280084,1
278076,1
231743,1
251918,4
200914,3
271791,2
166554,2
213886,2
218949,1
219037,2
257279,1
264968,2
279406,1
277396,1
167182,2
234577,1
170167,3
223276,1
212651,1
212709,1
192471,6
286303,2
279642,1
105849,5
188409,6
173413,4
143019,3
243420,1
265944,1
144980,6
186097,1
125369,1
72923,4
98411,2
129411,1
212983,2
256409,1
285979,1
190699,2
168116,1
4075,8
102529,2
211462,4
138618,3
127003,3
230783,2
286207,1
222947,2
264137,1
264978,2
267558,1
150122,3
217689,5
191867,5
287187,1
95018,4
203765,4
217336,1
219432,1
192199,2
271515,3
208751,5
162012,4
188209,3
239608,3
240072,1
180887,1
265076,1
266918,1
246090,3
259937,3
239116,1
113634,7
169988,2
174041,6
267680,1
277436,1
210773,1
212749,1
247722,2
230547,1
109713,6
140761,1
287825,1
151907,2
233923,1
88989,3
171551,1
246042,1
283659,1
184105,1
241716,2
207674,1
197649,7
225405,2
215613,3
219609,1
206967,3
212207,1
277838,2
137144,2
139911,2
239556,2
271679,2
141464,1
204448,1
231009,2
228521,4
258095,4
176765,3
286919,1
174279,1
135987,3
152658,1
187295,8
213752,1
165799,2
282247,1
277976,1
284073,1
235259,2
205969,3
254736,1
278206,9
177041,4
227016,3
169870,2
269650,1
215281,1
183769,1
132942,5
266938,1
241382,2
290289,1
253978,2
282115,1
198635,2
214526,1
235267,2
174287,5
255361,1
118520,3
210095,1
284749,3
126239,3
290555,1
290581,2
279440,1
282837,2
149971,2
261159,1
245898,1
188905,1
240690,1
232137,2
163801,1
120584,2
130235,1
164165,5
130786,2
233981,1
222378,2
169832,2
187825,2
277836,1
233151,1
198269,2
102495,8
141660,4
278670,2
103324,6
86664,2
217093,1
194028,3
210739,2
226686,2
184531,1
215769,2
223600,1
203645,6
175509,2
251928,1
273603,1
89806,3
123449,3
230155,1
213768,1
263977,2
253610,2
118788,5
156641,1
201614,6
202105,1
217170,3
218415,1
228983,1
264203,2
139451,1
264764,2
165361,2
194827,4
213756,1
148783,5
258099,3
211702,2
169466,5
229049,1
230285,1
217095,1
202968,2
199924,1
213055,1
225331,2
97680,4
109010,2
218837,2
278110,2
252582,1
207954,1
198427,3
269318,1
119149,3
181539,5
126174,3
258083,4
206891,3
217635,1
225483,1
121849,1
215277,1
148158,1
196443,3
139998,1
112596,2
212014,2
254070,4
196917,3
225463,1
124418,2
157202,2
211181,1
261173,1
139177,3
253916,1
199922,1
187275,2
235237,1
152298,4
125065,4
232201,3
258629,1
136004,2
278262,1
120492,3
285869,1
276267,1
150794,2
197045,1
180573,2
282017,1
154929,4
132450,2
183595,1
243712,3
119862,1
105379,3
245952,1
211029,1
214152,2
213780,1
218345,1
87547,4
231883,1
267674,1
177957,3
234693,3
273881,1
124981,1
282889,1
271531,1
184061,5
168446,4
147120,3
291745,1
156063,4
248938,1
235775,2
162642,3
275517,1
160004,2
199932,2
287173,2
246126,1
40291,2
262435,1
192775,4
266984,1
202739,1
203186,2
177423,2
177511,3
138504,4
251598,1
283671,1
167958,2
261181,3
278162,2
198459,3
168448,3
209639,1
169452,3
273441,2
230637,1
265558,1
155633,3
269778,2
167206,5
156686,2
164286,4
276857,1
229031,1
243410,5
235729,2
245610,3
246820,2
174209,4
289879,2
269028,1
134546,1
255963,1
282871,2
215827,1
213762,1
279444,3
198221,1
289353,1
225433,1
174253,1
288049,2
186901,2
116405,3
200334,3
177027,1
226256,3
264075,2
139173,2
149210,4
136930,5
204458,2
181623,4
187439,3
285603,1
217471,1
221448,1
175963,3
262833,4
213960,1
129403,4
285133,2
217366,3
262011,1
182151,6
198441,4
81117,3
287487,1
138852,3
237824,1
232661,2
273785,2
275025,2
278266,2
182251,6
187373,3
230255,1
125894,1
150397,4
113286,4
118698,2
150242,2
187599,2
223462,1
265836,3
137980,2
260791,1
121059,3
201508,3
201330,3
187985,9
189963,1
289725,1
213333,1
237175,2
143295,3
136206,1
270066,1
229523,4
197077,2
289501,1
137118,2
183791,4
188609,3
144912,2
281460,1
111237,2
213902,3
220030,3
80768,1
140647,3
124633,4
286535,1
225453,1
162032,4
179405,2
266564,1
223332,2
241704,2
209065,4
249966,1
279002,2
169272,2
199368,1
217677,1
222733,1
136243,1
261371,2
162198,3
282963,1
205295,1
155862,5
220014,2
209067,2
120741,2
158737,3
223532,1
138084,2
273703,1
187391,4
242770,1
265790,2
289703,1
193527,3
163218,2
175419,2
248932,1
195221,1
261205,2
264742,1
265154,1
135943,2
264093,2
264207,1
127995,5
284093,1
220648,1
92455,7
78145,3
241788,2
172863,2
196527,5
168474,3
225215,2
169456,1
244072,1
209885,2
200586,1
288631,1
136319,2
199920,1
197241,2
122493,2
123563,2
149043,4
289491,1
175691,1
215365,2
188943,1
225451,1
268344,3
252912,1
200576,4
194376,1
283175,2
142689,3
122286,9
177627,2
197221,3
189097,5
182233,2
115759,7
280088,1
170383,4
213313,2
225015,3
281386,2
264325,3
288847,2
155932,1
285037,1
184309,2
257011,2
165595,2
210919,1
242374,1
290725,1
177959,2
264107,3
267432,1
248400,2
278784,5
190169,3
170337,2
175939,2
177667,3
289049,1
260589,1
250906,1
260575,1
254056,3
176161,2
179843,1
184295,3
166007,1
248228,1
222453,3
184441,2
218691,3
113898,3
213251,1
200988,1
160966,2
177953,6
288531,1
201260,1
285291,1
284875,1
286175,1
223200,2
88821,2
232469,1
190285,1
280680,1
290715,1
183165,1
186615,5
280482,1
172659,2
277642,1
226124,1
241536,1
252846,3
279314,2
287171,1
161468,4
143619,1
174061,8
270820,1
265378,1
270856,1
209043,1
222386,1
235967,1
182665,2
103071,1
255415,1
149774,1
148691,1
235529,1
188653,1
185895,2
227791,1
184893,3
279662,2
131052,1
273811,1
199165,3
216933,2
184943,3
187669,1
185067,2
200202,1
274299,2
259115,1
214852,1
129802,1
280284,1
115238,1
223318,1
292365,1
191353,1
212899,2
257559,4
214814,1
164431,2
163723,2
185591,2
265706,1
182057,4
287037,1
288845,1
162196,3
223544,2
169234,3
215383,3
271116,3
263049,3
258273,1
176831,2
240174,2
220038,4
146820,3
198447,1
261977,3
209035,2
252992,1
276791,2
178113,2
247374,2
194915,3
209661,1
208791,4
125257,5
197173,3
211191,3
284109,1
240400,2
143965,2
228625,3
245664,1
194310,4
246954,5
192829,1
178057,3
259503,1
256249,1
187993,4
124063,2
243894,2
184351,7
249034,1
214484,2
280500,1
184049,2
112181,2
175915,1
196635,2
207696,1
272347,2
197633,1
287053,1
186465,5
280302,1
150288,1
279320,1
185009,1
152621,1
204184,1
275581,1
199414,2
183689,1
156927,4
135310,1
270420,1
143329,2
124275,2
175027,1
203415,4
124791,2
216535,1
275827,3
246662,1
197973,2
215087,4
202685,2
200114,2
145228,2
119597,2
224459,2
240384,2
249896,1
175943,1
191809,2
183851,3
289671,1
227322,1
179665,1
233817,1
285029,1
193547,2
211880,2
260341,1
166171,2
178987,1
131116,3
175535,1
149310,4
192351,1
240254,1
281684,1
284505,1
187011,3
182517,2
258155,1
107595,2
183551,4
226728,1
211448,4
285017,1
279058,2
292599,1
223622,3
209683,2
161002,2
161494,1
77336,2
224713,1
275447,1
279288,1
252902,1
272613,1
185381,1
258855,1
229527,2
176791,1
152968,2
177909,2
131108,1
289047,1
144804,2
181791,4
182005,6
193349,1
163927,1
181769,6
168068,3
228017,1
235241,2
215305,2
217535,5
172493,2
187165,1
195235,2
195417,2
134906,1
134296,1
221076,2
148873,1
109446,2
251182,2
287045,1
125517,2
233131,2
113107,1
282059,1
248906,1
189725,5
263135,1
135412,4
235401,2
5257,6
171395,3
193549,1
196107,1
280502,1
273745,1
275779,2
186387,1
292539,1
267090,1
183019,3
234747,1
206963,1
143108,1
187017,1
171371,2
192083,1
149674,1
288495,1
236329,2
90118,2
145588,2
191255,2
199474,1
243254,1
277770,2
195409,2
209003,4
268776,2
261529,1
167580,2
235165,1
286539,1
199313,1
156083,1
274017,1
209169,1
213009,1
183861,3
179019,4
287461,1
121442,2
238162,1
260283,1
176481,1
289185,1
275709,1
174231,2
260329,1
276061,3
181081,5
199149,2
199151,3
143821,2
177983,1
261453,1
253292,1
192865,3
198449,3
283895,1
284515,1
279558,1
157174,2
253378,1
261347,5
178023,1
178899,2
183663,1
235559,5
248956,2
184543,1
286109,1
194330,2
248886,1
234091,1
277624,1
171795,2
282633,1
285797,1
205889,4
207009,2
206228,3
180523,4
188781,2
285145,1
292585,1
252396,1
261541,1
198721,3
290757,2
187675,1
266490,1
268506,1
277032,1
287837,2
182043,5
261521,1
184329,2
220766,1
167588,2
281648,1
199496,6
279232,1
203140,1
282611,2
199466,1
137541,2
289051,1
289061,1
218847,1
190171,2
220772,1
281522,2
178623,2
177589,1
257561,1
243318,1
263459,3
213239,2
126997,2
287121,4
255629,1
130676,2
181883,5
198057,3
198453,3
143950,1
287249,1
164534,4
199672,2
208044,1
213357,1
284579,1
186325,4
233751,1
234267,1
237127,2
217763,2
250688,1
291369,2
232095,1
202793,2
225195,1
263801,1
252026,1
276257,1
248126,1
143313,1
179831,1
282361,1
248778,2
203050,2
246564,1
199157,1
150421,2
177963,3
73526,2
123331,1
146836,1
160521,1
169474,3
178043,1
195373,1
196289,1
203360,2
204022,2
208735,2
209489,1
217105,1
182569,2
278854,2
244534,1
247044,1
258799,1
229145,1
277272,1
279866,1
132684,1
134714,1
157194,2
122595,2
143063,2
156276,1
200572,2
143201,2
151335,1
154751,1
155294,1
168928,2
178313,1
187567,1
188801,2
193135,3
203164,2
210987,1
217194,2
111632,1
184263,1
163202,2
189495,3
219545,4
156996,1
134617,1
263387,1
167830,1
85746,1
159307,5
167012,2
176417,1
179231,1
190319,2
201532,1
211988,1
198629,1
245132,4
231019,1
229889,1
136072,1
162056,1
224435,2
110227,2
149927,1
155956,1
157939,1
161058,4
161368,3
163901,2
165281,2
173833,2
185689,1
195661,1
198081,1
203336,1
215435,1
162508,1
214534,1
287215,1
246210,1
220076,4
162192,3
231499,1
123417,1
145873,1
155852,1
171857,3
180973,1
197561,2
202795,4
211752,2
212603,2
215657,1
170147,1
246842,1
287001,1
209927,1
263515,1
235157,3
272287,1
94425,3
115277,5
130646,1
130966,2
143759,1
151023,2
159235,3
161726,1
174983,1
181163,1
197743,4
204938,1
248226,1
114238,5
252148,1
287011,1
201895,1
132741,2
265188,2
209887,1
277820,1
123010,1
124312,2
132820,1
134645,2
143711,2
158222,1
158789,2
159397,2
163278,1
180825,1
180909,1
197321,3
205062,1
206635,2
165599,1
217619,2
163340,1
226318,2
123115,2
118974,2
151959,1
101616,1
280932,1
220282,1
224751,1
118446,5
116459,1
127329,1
150096,1
156329,1
202757,1
203960,3
275633,1
216312,2
239908,1
229653,2
266868,1
149818,2
154023,1
157909,1
175499,1
190419,3
191481,2
205629,1
208667,1
208677,1
208757,1
145138,1
271190,1
204362,1
274873,1
163008,1
123721,1
277726,1
137871,3
166405,1
162554,1
94076,1
130114,1
151439,2
161526,1
165015,2
175343,4
180763,1
181577,1
210511,2
125944,1
150246,1
203958,2
150629,2
283163,2
193513,1
177661,1
144862,1
92609,2
121634,1
121813,1
128699,1
144015,1
148176,4
172769,2
190273,3
201152,1
253148,1
223930,3
144776,3
174667,3
119003,1
149492,3
102450,1
237123,1
131442,1
193031,1
145252,1
160388,3
87290,4
123526,1
125856,1
155312,1
159347,1
160670,2
162960,1
164187,3
164326,1
191607,1
195891,3
199560,3
202665,3
216593,3
218043,1
256015,1
286471,1
269824,1
213567,1
252854,1
281680,1
134700,3
158563,1
217911,2
200658,2
287347,1
90339,3
142610,1
147756,3
168922,1
170417,1
186883,2
206725,1
206979,1
211772,2
242056,1
257987,1
128027,1
126000,3
210955,1
277894,1
194562,1
271046,1
264842,2
283649,2
290283,1
129472,1
142767,2
144082,1
152497,1
174771,1
188489,1
193095,1
197429,2
204016,1
205351,2
210999,1
212663,1
187791,1
240992,1
148266,1
183603,1
250982,1
210713,2
125387,4
240966,1
288867,2
198413,1
177625,1
130058,2
290777,2
97806,4
98924,2
108877,3
127160,1
127270,2
150986,2
155613,1
164063,2
164310,2
168844,1
170963,2
180641,2
180665,2
190987,1
191733,2
191961,2
195057,1
216332,2
236189,1
277036,1
124823,2
159295,1
140018,1
149741,4
272567,1
219248,1
123399,1
124067,1
129945,3
130288,2
140884,3
146686,2
147873,1
160922,1
174307,4
175173,1
184839,1
196617,2
202013,2
211828,2
216404,1
237099,1
278672,1
281010,1
123945,1
180549,1
137258,1
121386,2
121987,1
141442,2
145322,1
169210,3
174759,2
177085,2
185441,1
198063,1
205819,1
206319,1
243376,1
246556,2
214696,2
218673,2
241720,2
221670,1
196673,1
287365,1
130562,1
288859,1
183877,3
174011,1
114015,2
122199,1
126815,2
129449,2
132838,1
144132,1
145317,2
146352,4
150212,1
156037,3
159239,3
165031,1
166056,3
167562,1
169418,1
178461,1
182565,3
191659,1
191957,2
197841,1
198793,2
200594,2
201332,2
202071,2
206339,1
211724,2
215453,1
216603,2
221146,2
230267,1
261991,2
286293,1
131266,1
134150,1
269266,2
279040,1
218207,2
273057,1
236849,1
95767,2
127168,1
128015,2
141454,1
164530,2
165233,2
165725,1
178213,1
196349,1
206621,1
211716,2
211840,3
211970,1
181495,1
230917,4
154300,1
219986,1
233169,1
140836,2
286867,1
134639,1
97008,6
160754,3
121397,1
128983,2
137791,1
143152,1
143395,1
162832,3
178385,2
179167,2
186285,2
187497,1
190477,2
194875,2
195991,1
253424,1
278102,1
203192,1
241562,3
226054,1
31797,1
127679,1
128778,1
132762,2
159321,1
182085,5
188123,2
188321,3
188701,2
191557,1
196281,2
205849,1
207866,1
211125,1
214830,1
146994,1
225994,1
174869,2
133227,2
65078,1
121003,2
124525,2
129796,1
130820,1
146804,1
151052,1
151787,2
159257,3
162552,1
162938,2
166187,3
180681,1
196295,3
213237,1
218723,1
152672,1
285779,2
218021,2
134753,1
137962,1
276873,2
277714,1
96086,1
99933,2
112471,2
117616,2
143549,3
146630,2
158216,1
164083,1
175171,1
177153,2
177741,1
180709,1
188429,1
195249,1
207666,2
209233,2
252782,1
213133,3
230929,2
244880,1
276853,1
245434,1
281878,1
136313,1
230119,1
226950,1
268820,1
176455,4
88471,2
96603,2
117962,4
163044,3
180355,1
188615,5
192577,1
193425,1
197005,5
201180,2
204232,2
205479,2
210375,1
211103,1
211770,2
278680,1
280942,1
169554,3
285923,1
225219,3
96516,1
140467,2
92134,2
108970,4
143301,2
146838,3
148606,2
180519,1
206083,1
117999,2
255249,1
122597,2
114429,1
121727,2
127347,1
128494,1
130294,2
154696,1
202902,1
214840,2
214864,3
216039,1
116467,1
247646,2
176785,1
227915,1
271032,2
123965,1
283313,1
198391,1
156998,2
149045,2
226408,2
98325,3
130692,3
130810,3
134387,1
140577,2
156475,3
160122,2
162560,1
164401,1
180997,1
203342,1
204846,2
206557,1
215705,1
216320,1
241976,2
249056,1
228243,1
289795,1
250926,1
182807,2
132290,2
134896,2
210581,1
77444,2
92980,2
114505,1
128299,1
134385,4
144846,1
154309,1
156481,2
179105,2
180373,1
184611,2
191137,2
203595,2
205937,3
206026,1
252790,1
291859,1
123711,2
241928,2
251740,1
246148,1
134676,1
137361,1
288091,1
277722,2
277878,1
278188,2
87644,3
106190,3
111917,2
116877,1
129528,2
169254,3
180403,2
191029,2
193177,4
196781,1
197721,2
206563,1
211784,1
163270,1
159898,1
217557,4
218917,2
231907,1
222849,1
178867,1
261485,3
271016,1
128530,1
224863,3
287327,1
119758,2
123904,1
139287,2
147132,2
149264,1
161412,1
170413,3
176055,1
176841,1
209911,1
211664,2
287009,1
221444,2
230185,2
209737,1
222039,2
272767,1
156929,3
278024,2
67852,2
109677,3
126586,3
127620,1
129759,1
144140,4
150950,1
203587,1
206589,2
66904,1
276203,1
192641,1
219549,3
123375,1
283639,2
98228,3
144792,1
148879,2
156593,4
179261,2
185501,1
185955,1
201146,2
203435,2
270362,3
190771,1
273865,1
175735,1
197107,1
133986,1
135298,3
265544,1
269096,1
232343,1
131391,2
195477,2
274095,1
108649,3
142234,4
144798,3
160472,3
167886,1
176549,1
184581,1
186421,3
190373,1
194548,1
206547,1
206977,1
211568,1
175555,1
106232,1
241926,1
291497,1
225615,2
257103,1
238288,1
257503,1
254324,1
82525,1
258681,1
189821,1
237880,2
258267,1
280946,1
204414,2
265808,1
224547,1
116423,2
283701,1
188005,2
279328,1
285879,1
237576,1
205503,1
283697,1
284605,1
276569,1
283945,1
247576,1
185945,1
203096,1
222741,1
222661,1
140463,1
236735,1
233339,2
189059,2
268052,2
225623,3
230657,1
101264,1
156325,1
239008,1
245340,1
286747,1
284067,1
291891,1
279588,1
291843,1
174043,1
204728,1
284575,1
179973,1
260993,1
230499,2
229491,1
278332,1
182799,1
286123,1
107966,1
128663,2
282003,1
208227,1
225499,1
239218,1
282267,1
259033,2
269216,2
178255,2
167272,1
175445,1
283779,1
217443,1
127060,1
231711,1
176215,3
215851,1
187757,1
283363,1
284673,1
262417,2
237254,2
172177,1
249270,2
250606,3
284679,1
169914,1
264990,1
266280,1
197121,2
221208,1
214420,4
211023,2
281158,1
269026,1
211171,1
221062,1
283749,1
216813,1
173743,3
229747,1
260045,1
230283,3
182277,6
219426,1
285577,1
181551,2
279228,1
233987,1
229077,1
253136,1
225037,1
257735,1
228623,1
115423,1
188871,1
159383,1
185961,2
230385,1
282089,1
285575,1
121025,1
222739,1
130185,1
154323,1
183939,2
208839,1
225669,2
140439,3
280354,1
182149,5
259305,2
225583,2
289825,1
198587,1
219488,2
113256,2
289103,1
131686,3
279408,1
208519,1
209037,1
225629,1
221969,1
215659,1
130231,1
164989,2
247730,1
234051,1
166451,2
261587,1
289125,1
183997,3
223198,2
199372,1
281818,2
247736,1
230297,1
121841,1
264319,1
272055,1
225619,1
186591,2
207483,1
226276,3
283899,1
186451,1
195119,1
264149,1
190851,1
233471,1
242702,1
106990,1
246920,1
228509,1
242010,1
264680,1
225525,2
167702,1
220728,1
192145,2
208835,1
221534,1
254494,1
227304,1
291803,1
230299,1
232751,2
149126,1
230797,1
224278,2
276567,1
179061,2
189573,3
179951,2
179999,1
269072,1
286923,1
249336,1
149956,1
208014,2
229983,1
195449,1
190891,1
229613,1
215585,1
233453,2
233841,1
180185,1
225227,2
204126,2
262687,1
225591,1
283367,1
285945,1
244258,1
180013,1
130716,1
225792,2
258499,1
258839,1
165043,1
200168,2
236881,1
223316,1
280912,1
186439,1
277924,1
260965,3
261647,1
280016,1
251414,1
156585,2
171849,1
291054,1
291288,1
196375,2
226526,2
284183,1
250630,2
278450,1
232971,1
291086,1
291324,1
284627,1
270674,1
243308,1
216787,1
256061,1
287523,1
290880,1
291058,1
291182,1
252858,1
211838,1
250324,1
282433,1
278396,1
287337,1
277692,2
289263,1
290950,1
113147,2
222583,1
181991,3
282865,1
287903,1
250786,1
224517,1
108048,3
215315,1
282619,1
291014,1
291262,1
284787,1
258939,1
224128,2
217248,1
258107,1
277064,1
280014,1
287715,1
207269,1
290870,2
238118,1
216073,1
165033,2
223392,1
266746,1
266814,1
253296,1
258707,1
273289,1
287843,1
203685,2
255957,1
223338,1
234935,1
229673,1
277736,1
247622,2
249486,1
256357,1
291897,1
142454,1
277952,1
239612,1
206230,1
150582,1
169174,1
101730,1
279078,1
122823,1
204854,2
258727,2
277120,1
280638,2
209553,1
211215,1
218725,1
291046,1
291208,1
219621,1
262843,1
273119,1
245552,1
279608,2
277074,2
278458,1
231993,1
290844,1
290982,1
66268,1
260255,1
270166,1
267326,1
275983,1
246642,1
218013,1
289743,1
123719,1
237440,1
240468,1
268914,1
268898,1
199798,1
225339,1
250626,2
284791,1
289897,1
252468,1
242086,1
270120,1
266332,1
265702,1
258955,1
250568,3
158705,3
287717,1
240252,1
272405,1
122541,1
255027,2
290811,1
291234,1
279802,1
264111,2
261143,1
244428,2
96298,2
240198,1
290948,1
187597,1
226170,1
273455,1
181961,4
225109,2
257989,1
195239,2
92648,1
258683,1
216091,1
207952,1
66491,1
193133,2
253626,1
266808,1
232819,1
135324,1
283673,1
163679,1
268836,1
246644,1
151867,1
243734,1
291092,1
291222,1
291310,1
275815,1
281186,1
257217,1
262481,1
273261,1
242390,2
258019,1
258235,1
177493,1
291190,1
282831,1
288843,1
246892,2
258947,1
258043,1
276479,1
254502,1
230759,1
290998,1
286211,1
204146,2
267570,1
159482,1
215139,1
251566,1
275883,1
268912,1
291865,1
273429,1
251320,4
249688,2
288455,1
277126,2
221614,1
252348,1
291214,1
291332,1
229329,1
240688,1
132886,3
268338,1
273415,1
166147,1
287581,1
288923,1
282481,2
112395,1
217787,1
260177,1
243282,1
221878,1
200810,2
228291,1
217268,2
256463,1
145528,1
254608,2
256311,1
258941,1
249394,1
217135,1
289891,1
287521,1
172231,3
248540,1
151865,1
268114,1
270124,1
251322,2
258085,1
288881,1
151863,1
283317,2
291006,1
180025,2
214634,1
238064,1
276373,1
287719,1
58589,2
290385,1
130263,1
199199,1
67881,2
234412,2
278394,1
218003,1
278842,1
286489,1
219770,1
273631,1
291152,1
291160,1
291194,1
260273,1
226436,1
200734,1
189603,2
207682,1
145090,1
216067,1
243666,2
287177,2
219507,1
265504,1
290663,1
277934,1
92918,2
137593,2
287851,1
273457,1
243918,1
262009,1
285153,1
225347,1
172561,1
224563,1
213223,1
182113,5
208733,2
250190,3
176575,2
253344,2
272097,1
290874,1
291210,1
211830,1
164991,2
240684,1
282891,2
225908,1
221270,1
244348,1
270528,1
256835,2
189729,1
157316,1
290896,1
290942,1
282585,2
222051,1
249492,2
152639,1
95230,1
243182,1
262087,1
200458,1
101944,1
292625,1
91662,1
219212,1
233479,1
181835,2
240122,1
225245,1
139839,1
264133,1
249064,1
250650,1
193329,1
281558,1
280198,1
199766,1
90849,1
217154,1
266194,2
280730,1
284535,1
229435,1
280954,1
276389,1
143539,1
211852,2
214868,1
280732,1
225003,1
191263,1
148274,1
223210,1
268358,1
267600,1
265302,1
245620,1
146806,2
248846,1
252904,1
280754,1
234420,1
246186,1
223674,1
273207,1
227646,1
161268,1
225097,1
288983,1
205519,3
129703,2
258745,1
213477,1
214302,2
151426,1
247112,1
275631,2
267534,1
247554,1
247364,1
230331,1
191419,1
238346,1
280764,1
290595,1
257635,1
225367,1
281044,1
272811,1
246804,1
216233,1
225009,1
141892,1
286419,1
215823,1
279468,1
264101,1
239150,1
275061,2
174321,1
114922,3
254668,1
290265,1
232899,1
162230,1
259993,1
182521,1
116497,1
191939,1
231979,1
240668,1
227344,2
107428,1
173869,1
289735,1
278674,1
287193,1
204348,1
224999,1
275509,2
221840,1
187885,2
231989,1
123369,1
218693,2
147522,1
281046,1
174573,1
156473,1
280726,1
212685,1
226602,1
288259,1
289113,1
280796,2
211273,1
245498,1
265310,1
250602,1
287913,1
255055,2
280266,1
276369,1
209533,1
262735,1
267506,1
134391,1
131427,1
132636,1
268192,2
130095,1
126184,2
239568,1
232891,1
143508,1
215059,1
112800,1
248950,1
282449,2
281958,1
184173,1
188821,2
249162,1
256831,1
203391,1
263803,2
280594,1
280744,1
225025,1
226198,1
235091,1
269882,1
214174,1
150935,1
287811,1
287093,1
194881,1
281532,1
237992,1
263943,1
207896,1
225123,1
198251,2
193257,1
290023,1
223654,1
261323,1
264125,1
264400,1
243606,1
281534,1
274465,2
165339,1
228911,1
98943,1
131194,1
246432,1
126172,1
154126,1
228179,1
193655,1
231597,1
287647,1
228547,1
230539,1
255689,1
282981,1
240192,1
263167,1
268768,1
169472,2
271106,1
259879,1
225243,2
274881,2
205877,2
109481,1
175135,1
138958,2
268332,1
260749,2
224513,1
268194,2
182867,2
239620,1
231161,1
224951,1
235353,1
228909,1
290583,2
262097,2
265654,1
264127,1
265312,1
132928,1
274063,1
258447,1
237944,1
246426,1
260763,3
217631,1
191973,1
229531,1
251784,1
225403,1
131962,1
143535,2
211303,1
121173,2
239974,1
248844,1
219173,1
235351,1
237934,1
256153,1
137664,1
210709,1
231163,2
185919,1
251450,1
95109,1
251532,1
235581,1
290471,1
244584,1
165793,1
260229,1
239506,1
257253,1
279174,1
236259,1
225407,1
173233,1
107638,1
228113,1
229203,1
240632,1
194014,1
278184,1
187823,1
263825,1
288759,1
255503,1
284741,1
282339,1
196691,1
292369,1
255941,1
267668,1
216430,1
87473,1
249592,1
84861,1
273575,1
286365,1
266016,1
275947,1
167708,1
107234,1
191247,1
281078,1
132102,1
149604,2
216416,1
235265,1
221544,1
209285,1
258843,1
145315,1
140220,1
246940,1
244878,1
267054,1
136760,1
232033,1
223149,1
240330,1
204250,1
289947,1
262299,1
148958,2
245448,1
172201,2
172267,1
235277,1
163823,1
274275,1
276269,1
280870,1
282173,1
268416,1
235743,1
229933,2
214804,1
266222,1
276297,1
253120,1
282319,1
282347,1
221902,1
136966,1
211800,1
215819,1
215821,1
172265,1
282329,1
233905,1
149474,1
203427,1
167104,1
224421,1
290797,1
152778,1
217749,1
222629,1
227484,1
238790,1
221082,1
225077,1
215549,1
166578,1
118830,1
251342,1
196091,1
210669,1
208675,1
261039,1
130836,2
255981,1
178273,1
235143,1
215815,1
278956,1
268054,1
268866,1
238616,1
245094,1
285961,1
247246,1
179169,1
171929,1
147635,1
282821,1
182333,1
206389,1
106672,1
211748,1
123822,1
237840,1
260375,1
172359,1
261013,2
216647,1
185055,1
245276,1
171707,1
129223,1
212154,1
253614,1
191731,2
124589,1
201999,1
196137,1
275873,1
216873,1
270680,1
177149,1
205481,3
223484,1
252634,1
197293,2
221172,1
133663,1
199191,2
260361,1
103769,2
219276,2
233899,1
240068,1
246720,1
260213,1
273799,1
232435,3
218893,1
237231,1
228025,1
255523,1
143211,1
245282,1
245318,1
245322,1
279084,1
138992,1
149512,1
230263,2
235269,1
285831,2
216699,1
248772,1
231567,1
239238,1
253578,1
224803,2
213229,1
237300,1
269602,1
145859,2
138881,1
187071,1
212555,1
125335,1
173411,1
229705,1
280240,1
281606,1
232963,1
156152,1
218265,1
250750,1
198707,2
288415,1
209623,1
217382,1
288671,1
170435,1
171633,1
237990,1
246218,1
207884,2
281560,1
229715,1
216651,1
183319,1
217292,1
246082,1
222635,1
186507,1
206391,1
254294,1
226008,1
292155,1
191729,1
266004,1
133982,1
273801,1
206753,1
210771,1
282343,1
231151,1
245270,1
227398,2
226220,1
255867,1
138112,1
219551,1
227957,1
150338,1
219346,1
264083,1
288547,1
220952,1
203964,1
97878,1
287593,1
209187,1
76533,1
179853,1
197339,1
223466,1
287159,1
242208,1
170251,1
175771,1
137537,1
207429,1
216997,1
190819,1
280838,1
207558,1
207560,1
287797,1
268436,1
258511,1
168524,1
192477,1
164999,1
252694,1
269880,1
225942,1
222041,1
252924,1
204596,1
150734,1
251792,1
195965,1
195053,1
191993,1
141626,1
210311,1
182927,1
271599,1
279936,1
202663,2
279466,1
190875,1
231705,1
270274,1
191443,1
272599,1
269296,1
183889,1
269748,1
190585,1
233425,1
233373,1
244112,1
202693,1
207550,1
112877,1
290299,1
269664,1
160994,1
204804,1
258381,2
265510,1
233025,1
253754,1
199986,1
202978,1
160822,1
210883,1
129695,1
219478,1
202551,1
183009,1
273701,1
257083,1
283243,1
137355,1
266922,1
273409,1
190591,1
217029,1
226472,1
193571,1
283233,1
122078,1
228773,1
229631,1
214856,1
187845,1
141264,1
123217,1
271981,1
257315,1
221294,1
266792,1
266096,1
213890,1
135935,1
218133,1
243596,1
259653,1
219732,1
217055,1
132120,1
274069,1
160040,1
258237,1
237960,1
264732,1
215337,1
261837,1
254758,1
255949,1
187819,1
192873,1
117960,1
268516,1
110061,1
216971,1
279394,1
280898,1
216455,1
204904,1
278496,1
175589,1
231425,1
221382,1
277874,1
192115,1
202669,1
187843,1
196823,1
160108,1
179255,1
191447,1
234241,1
265172,1
168522,1
234913,1
208471,1
217067,1
141602,2
279708,1
183541,1
269750,1
202557,1
225876,1
188791,1
283307,1
137912,1
2402,6040
1036,45553
2991,5787
6564,5540
67867,745
74789,9384
100383,2221
160438,3251
4881,5237
173,16833
494,12663
2872,6676
4210,2391
4215,1133
103341,5491
218537,3024
713,137
5319,1774
2929,1520
44004,2004
8916,1275
71131,469
141688,1151
2495,1560
3018,2922
810,2085
2111,2423
278,1135
5127,926
7030,409
8738,393
2970,1791
5752,522
26171,704
184749,4
108156,789
7984,566
104457,1144
123497,31
201294,6
204878,670
206653,95
91261,95
92152,126
74944,401
225758,384
106785,684
118924,232
301,464
8730,185
31737,145
160545,12
5561,186
267654,253
111732,149
83270,258
89090,216
5825,487
144228,19
59295,166
58291,192
142032,275
6642,240
82280,24
127188,122
147100,12
186631,176
195875,6
134849,406
47937,487
139620,63
117470,20
200638,214
167150,22
4690,620
5131,148
6771,124
105608,37
139693,5
188833,231
201652,21
7761,100
26225,195
168616,7
231157,2
260445,5
276157,1
93328,33
162934,5
188629,9
84450,17
220,352
152757,11
31485,248
261273,146
59302,14
813,499
195517,6
8989,218
57041,102
82711,25
87911,31
191791,4
49205,137
8616,70
8272,86
161932,2
52104,72
78344,72
72628,35
118844,3
121209,15
127974,48
281074,1
191491,39
51317,25
173837,26
213992,54
114,248
199075,93
187755,8
163717,45
8241,71
139046,45
8425,79
34767,115
154079,31
160862,22
168818,3
113394,81
146196,78
222949,51
5795,56
31429,94
189341,1
199183,4
229449,20
90630,94
147940,73
144932,3
80210,11
244918,4
91388,6
163713,30
199492,13
148737,6
176037,3
240370,6
79109,10
125407,1
191425,9
225788,31
207415,10
237836,20
130406,4
149458,5
246262,24
285045,20
288121,3
84262,20
143039,6
147344,5
6462,75
116686,2
78381,19
108871,49
204830,2
211017,5
188757,44
890,30
70050,11
147096,6
213491,22
119350,1
188509,27
55408,19
142869,11
144578,16
118816,7
235611,6
157901,3
168268,8
148703,14
35629,18
150248,11
80806,13
192615,9
248460,4
172725,12
190291,3
132472,51
133743,19
265468,173
133385,33
8868,162
135725,11
132278,5
134827,11
266254,2
133679,6
139759,30
132412,6
270178,6
2993,5299
51084,2725
73017,20352
5049,4868
1779,7084
2046,5617
2581,8368
3505,2975
4020,3106
4333,2578
4573,199
4721,480
5363,1144
6003,3636
6280,655
27821,2489
217465,4332
4,2806
5608,2740
111443,2363
1669,315
3093,1697
3653,782
59,194
7360,7053
445,1928
31193,788
127198,1136
9004,443
72489,901
55,944
5742,77
3830,377
5556,714
55687,255
4646,431
260825,12
203851,2
1340,2683
3926,588
112788,813
126749,22
184999,278
111551,228
52838,143
58655,689
192565,39
58111,166
34198,395
52581,22
3339,748
108780,255
26231,223
220380,923
55391,101
241518,33
101210,62
2204,897
7785,96
93365,19
180037,95
6344,518
259919,122
156903,120
6348,206
26599,260
43289,53
113207,174
142372,139
199113,70
71910,259
96911,527
177379,35
136524,9
158900,14
168036,15
138416,61
259217,4
163504,59
161312,38
208333,2
162088,10
167732,171
251996,21
283613,3
283623,3
3229,42
7187,36
139411,2
139610,1
142302,4
54248,40
187479,34
76747,33
48301,90
66059,39
57418,30
259941,21
6175,22
166221,8
167814,11
25980,51
189293,3
157065,13
1318,173
170599,27
286593,17
95137,44
89337,119
183323,91
198583,15
26784,25
46115,10
123703,8
127309,35
223173,17
55626,10
233577,15
195595,14
6137,34
79884,12
199886,13
255953,4
84738,26
117911,18
180001,29
170865,42
165655,5
165885,34
183221,11
214528,2
280968,10
167770,61
194294,13
112365,6
142973,9
181231,36
219730,22
6343,18
286789,12
275563,12
4592,77
1575,158
141994,35
191683,3
46325,5
167860,15
154154,5
285645,1
117863,7
103460,13
168540,5
212583,39
247008,14
8069,31
26438,10
112408,3
147184,9
117604,15
181699,22
188211,10
200134,2
205275,5
207507,11
165949,2
96642,6
175341,5
238716,10
6443,38
110737,4
123182,3
196607,2
158625,10
185157,3
227008,1
258583,1
197509,19
197935,8
116225,35
130526,15
142873,9
144610,12
188181,11
45259,32
228125,1
59465,4
193405,31
60469,38
166229,5
148052,11
88411,12
160175,8
200304,9
258459,2
101058,3
196011,2
116588,5
150774,18
46979,11
89516,15
92399,5
684,26
135534,655
138452,1
137547,6
135599,40
7267,53
135741,11
135795,25
265682,4
5511,33
132454,15
264480,1
133845,2
2424,14973
44665,11593
56757,8791
95441,8439
26841,87
8,1510
450,3059
4054,4015
4248,1623
4299,10077
6567,804
44864,638
58998,9638
61160,2284
3959,3190
930,5962
100,4154
6212,1423
8866,1867
206959,1442
63189,187
99355,9
4254,2059
4066,1170
4313,329
8667,345
54978,102
495,810
3739,566
7136,335
184751,5
186747,2
243642,1156
6425,385
6966,1784
30883,383
119153,280
192997,320
197537,603
281096,1301
449,704
2159,1924
99957,341
100556,1124
60526,68
59129,129
26236,191
4160,359
165395,44
136024,31
5276,169
102991,227
7209,739
109742,228
5662,154
170197,25
102753,471
121253,106
34464,27
142386,143
241,592
49902,121
51520,138
166560,2
3889,1438
26476,366
27700,714
209321,133
206256,11
200614,59
5722,182
190105,1
65596,480
757,317
6910,184
8153,181
86947,26
105519,210
27073,185
2299,49
4601,72
161788,8
3575,55
176059,3
4122,246
717,95
99220,205
108873,30
189577,283
180619,8
224649,11
94668,21
173697,4
178477,49
235021,2
278472,5
149130,20
178843,64
222461,30
86453,11
116257,13
196613,21
115756,29
180565,1
106109,65
167186,25
97639,113
44100,106
8931,141
140188,14
2547,10
177331,12
213555,1
151199,64
58174,10
169214,2
205617,6
40467,44
142190,8
145522,21
200120,18
78290,32
153672,23
58367,48
92841,58
152338,6
152832,8
154081,22
154162,15
121346,16
270070,8
202057,50
189183,9
142242,6
102356,37
161157,24
253126,34
74148,55
250832,7
183459,17
194989,10
160273,9
209599,9
4044,67
26571,32
155748,53
98854,20
118572,48
163142,4
212793,7
278406,1
216461,2
35843,12
141311,8
176477,3
183199,5
176297,14
206403,19
97775,8
190503,6
32318,11
167854,25
176383,3
210591,2
82902,16
146240,6
146410,1
126305,5
151557,26
177969,4
87928,18
91957,26
161169,11
189399,77
208943,4
66306,2
91840,23
96834,65
109653,14
206509,21
208841,3
227020,7
79807,37
88094,18
160149,52
163601,4
125291,3
207203,13
205090,15
157142,31
291875,1
202828,6
256173,4
83381,7
227993,1
288815,1
107725,20
152015,5
151561,10
176321,6
93217,10
229117,1
117672,25
177653,8
184633,7
196153,3
68921,14
171511,3
89988,9
187485,5
196041,9
255851,17
123898,3
123252,4
202243,2
151519,1
186557,10
188375,8
112275,18
2574,1548
133167,131
134021,131
131560,25
135288,733
132916,16
3443,66
268354,6
136335,112
135761,26
26334,63
267514,4
135023,28
135224,12
265050,1
134089,25
161,25270
58105,1644
2687,8322
1996,1211
555,17743
3036,1286
3479,4059
6283,4342
6816,386
40819,11478
54281,1308
88129,14327
177615,5054
180985,2198
1279,3064
104863,893
987,293
1256,6391
134368,3756
90249,3982
3629,2901
1385,7098
1066,1477
8971,155
156371,677
1397,625
6892,188
139642,1448
77240,272
2163,1935
70804,48
150194,83
114713,991
5925,76
54910,382
60471,246
87909,82
179085,1124
139088,8
74698,739
3128,310
2937,994
115664,1248
83059,118
1989,192
236991,915
63544,26
95784,7
269638,850
143476,373
218129,5
222364,6
201686,22
1943,574
32211,96
32126,18
103794,7
110884,4
156759,9
157085,3
168322,9
208096,172
99434,29
288861,109
239428,166
65193,500
7574,148
87040,63
69559,20
176987,26
118972,48
133229,44
147396,11
176947,6
27292,34
27461,94
81355,56
85312,302
116004,75
162542,37
186801,4
214608,5
250622,8
52872,20
138488,6
196441,3
183953,9
228863,179
5369,84
26007,377
150258,112
79723,34
190505,9
195489,3
232951,3
60256,26
64241,74
158070,72
292043,1
109448,30
114756,8
37846,30
165613,7
76816,29
280474,10
157365,33
208507,15
151879,7
80834,80
187427,3
185089,8
161810,10
291427,1
140954,15
2030,42
132958,9
110380,36
177095,56
6848,108
259271,11
274513,3
45134,20
70970,50
72852,48
84467,10
172761,17
53453,87
120907,3
198119,18
120781,21
167826,21
25748,37
171165,10
45845,13
91768,6
149745,4
96518,24
163935,25
60179,42
127072,3
171793,6
103301,11
122521,15
207027,38
146082,1
275629,1
88158,6
122482,14
165023,35
80818,4
110607,11
230391,19
228175,3
184493,12
164737,24
166671,4
197181,1
199892,7
105227,30
161808,6
161812,9
279632,3
223572,20
172893,23
204654,6
64327,3
250152,3
158609,2
216779,1
115925,7
158547,12
235995,2
144502,25
149368,24
102777,9
161822,7
175751,4
226452,1
151633,13
55147,11
33610,13
46790,9
213181,5
272593,1
272819,1
274273,1
199804,7
218539,1
193049,8
126723,18
687,98
26791,116
266446,12
131142,16
6965,59
135633,9
135591,5
131419,7
139497,9
268010,1
1060,10519
39,30616
5064,7844
5418,37489
2959,77332
1022,11226
4002,8694
23,4717
719,8003
3157,6488
4105,7663
5792,1053
162578,3312
193950,2049
64197,1069
922,9072
5602,1237
1254,6377
1015,4210
88672,945
58803,6820
225998,162
2579,2080
96811,3137
2440,388
4939,671
5200,54
25750,936
55369,57
100843,247
194360,5
140529,371
33893,246
66783,737
144172,288
257581,38
274195,507
276663,24
79006,195
5603,788
2933,216
104356,38
116161,1508
4560,151
7941,474
4731,144
276249,325
3292,168
6198,82
76210,494
1685,88
8805,144
2784,610
76022,10
136190,25
251922,200
142452,116
6653,211
84116,219
5432,67
5797,516
25746,109
54554,31
85549,17
187697,5
26870,538
116136,325
2854,80
52591,243
113001,20
981,217
26777,21
83193,51
84223,25
85442,4
154766,14
226292,2
237696,4
46034,36
193747,5
199626,27
116275,40
153112,5
174579,5
206479,4
283499,2
98631,33
8998,402
78838,32
182341,49
191439,25
1169,309
5998,110
3465,82
53883,275
257705,20
122381,4
280530,1
126929,45
190775,11
122029,15
147242,22
68168,19
60896,7
141608,7
169786,18
153820,4
168346,10
176523,165
77433,29
84957,71
167620,167
169616,4
281056,55
1315,66
170627,135
154160,30
244836,15
69761,89
162464,34
144580,39
186177,33
124279,8
205841,41
251890,10
279762,24
157645,10
256505,5
69928,19
225715,4
276511,54
235677,2
8606,26
679,99
152059,176
215951,82
91632,16
119760,5
127307,18
169038,3
152089,20
6390,118
8925,17
163478,21
219782,4
91416,72
27239,17
130900,5
162660,65
171275,15
181755,23
146390,11
183943,21
147124,44
182941,28
191505,11
60479,49
122238,22
156795,20
187151,13
117674,5
8122,20
206529,2
211652,2
216537,5
168944,7
32361,26
260627,23
207690,12
158408,48
69280,39
213215,5
8820,34
116521,3
184717,4
197411,34
225900,1
206343,7
211808,3
222433,2
253134,1
27639,34
276049,1
144376,14
279510,13
193101,3
250134,6
183575,6
181559,6
271272,2
261477,3
84643,8
143279,4
147166,1
161410,1
177047,15
189235,3
241956,1
133771,5433
134641,7
137024,3
135871,5
288295,1
176,2497
1041,5851
380,47148
520,16363
8984,13348
736,35315
1717,8240
4369,12641
63113,9919
111362,13151
1754,4431
1614,4797
3263,6110
4334,983
5023,245
5425,202
6170,996
7354,478
8952,33
45221,551
155109,44
200110,256
205156,6094
121169,186
1287,10165
1111,1960
152077,6665
44974,3462
2315,2163
59256,344
8581,1345
97866,925
3964,865
92719,124
6857,2316
1677,178
5808,220
1075,128
27850,473
190089,420
186723,4
2665,404
3002,530
170357,403
170411,214
171647,120
193898,95
199866,83
201360,10
217146,283
246238,14
1116,184
49,263
7382,477
4682,785
5596,256
73741,90
172743,184
73168,527
4080,829
1076,745
5076,499
4252,161
108791,97
7713,591
25755,323
33463,244
105343,131
115909,43
253976,276
27329,283
27178,260
69219,115
5022,350
7011,258
8885,146
25900,111
32902,54
44719,44
130630,30
132010,11
3800,78
176701,29
202609,3
142604,113
152165,14
791,113
206893,60
227626,35
101710,46
169166,277
93574,57
174113,4
185995,15
206973,10
254560,1
138334,5
108895,22
204234,2
150790,9
195297,95
207173,6
7947,96
27643,106
79633,29
7487,364
215219,9
217905,110
3756,259
169288,41
189545,4
272885,2
3772,56
88194,45
111655,12
184741,34
171729,50
6626,42
1462,21
100469,167
56051,10
256075,70
151979,6
222561,59
203757,24
58874,108
197277,23
215061,19
7455,59
157407,82
76051,47
629,26
169508,4
173111,17
5542,80
51314,51
152304,1
199055,9
70637,66
286377,1
36511,35
34246,66
119126,26
166480,25
167152,26
176923,70
181979,9
8293,32
174471,20
207227,56
27136,15
99820,24
107614,15
163751,5
173769,16
192453,2
146382,2
153032,7
8936,29
262013,23
172251,19
203397,15
125363,5
191129,9
209471,14
124991,5
166751,2
43589,76
124384,5
197963,8
276477,1
80208,8
134536,9
204308,20
183879,8
239820,2
164381,8
144270,14
672,27
91993,9
176109,1
79929,49
77259,15
237816,8
207197,2
103598,13
116525,8
94982,8
185421,6
272595,1
195141,6
250540,1
260697,3
172681,6
3373,54
136946,7
133792,5
4693,37
135803,37
140070,4
131472,21
268030,2
268032,1
162,6363
80363,2370
26479,177
134130,28104
7,13585
514,4795
4909,325
6385,4111
6574,126
7251,60
43912,225
55274,1003
169992,416
254464,25
31374,145
7763,124
116138,923
637,5960
549,1453
8154,2178
214776,952
7646,532
209929,11
143462,55
225920,148
38798,1807
2272,922
2436,1345
6063,876
7377,501
85788,3242
1431,3391
30803,1644
193960,278
213898,207
184763,3
2935,1678
7924,602
64501,379
2034,2372
1432,1448
5165,467
57520,312
78032,92
135889,73
195733,70
206805,340
2576,35
7773,556
91325,800
95761,783
95199,419
224943,735
7561,157
64997,519
66200,378
73981,52
114392,258
2756,227
255893,8
237962,18
7728,753
129510,12
93265,186
104631,177
89490,189
8847,59
26325,128
121430,2
128968,179
131502,33
140397,38
150840,7
154580,5
157805,3
194072,9
208901,3
182929,5
276155,209
139525,186
61941,90
4550,99
26734,82
3154,51
166269,2
106736,14
216585,1
877,168
208695,10
214961,7
3294,95
103275,96
57044,49
5775,38
8744,38
104518,76
112473,82
206735,4
140942,70
117146,28
179943,4
219057,4
245136,98
204926,9
289297,60
93496,37
120829,10
272845,1
26388,53
64750,40
99024,30
99122,12
116028,44
116608,21
137563,51
155088,7
281180,1
206385,9
6760,103
118272,13
4490,159
281538,8
32485,32
127699,3
90868,46
27744,115
79824,185
184009,56
214774,22
242898,25
171181,21
26204,79
45689,10
150234,34
189509,3
195461,11
167748,6
129859,31
107723,38
69241,78
202469,7
163126,14
139040,4
191813,3
216809,3
90382,20
121245,24
138664,1
168262,12
206435,11
198889,6
33930,51
143031,68
148665,27
152753,9
155366,18
170211,5
278052,9
155094,11
260309,4
109038,7
153180,2
121943,2
40478,43
75929,56
144436,21
166820,3
166902,8
193199,4
212571,3
232361,14
195031,5
200264,5
184537,3
177207,7
125233,7
93336,18
116815,8
170665,11
182009,7
243850,3
244564,4
158601,14
192537,11
220966,2
182471,3
169130,2
159317,3
197737,10
219760,5
141006,20
181663,13
2832,37
144310,15
45656,24
110686,3
222165,1
78054,15
219651,4
170453,14
164236,28
73031,10
181789,8
170535,9
157677,11
142740,6
168488,10
189915,8
145809,8
122743,13
133693,15
137455,11
8583,66
134945,77
265270,14
133457,14
137345,15
6570,37
133887,24
133828,4
2918,33683
648,42879
8861,4735
110553,4304
2717,10171
8874,26914
59018,1248
115713,20588
158238,6303
1498,1249
2912,3591
5075,214
26776,4077
48319,501
52375,366
57504,2752
58047,3113
127130,385
208205,3062
4437,2275
2357,2613
224280,1689
2070,1803
2677,2877
238,855
2136,2956
158783,2710
1365,1173
6224,17
34338,1539
66798,755
26003,591
208040,145
139821,3
173291,2150
106204,117
104076,304
3024,1118
167634,271
171439,300
191799,380
206755,22
26197,69
70663,445
93954,156
96430,282
446,3887
157498,376
2704,581
244,306
176603,321
290491,5
5187,390
7199,256
2988,730
6402,32
68511,81
195045,76
251234,381
5834,70
88127,191
122331,9
4109,491
126016,39
6854,107
50447,239
258857,175
112316,239
25865,249
46231,31
89862,112
150814,4
173267,29
8454,56
6035,214
119701,11
224202,36
958,106
108332,6
226684,2
237199,4
261241,1
79166,51
183495,12
192365,26
124629,5
187269,5
161626,12
6421,42
61037,102
92643,361
180563,7
150900,19
127090,27
42952,19
220594,2
223990,5
6388,56
83583,14
250940,18
272907,1
272929,1
290569,5
257593,12
26134,139
116036,26
141046,9
155970,55
112767,106
1662,235
249594,2
27163,179
148946,18
164542,3
94837,60
56098,51
110116,23
154470,41
187001,74
174897,7
184797,42
177775,6
140539,27
173345,46
47330,71
74512,23
98107,28
144296,28
177785,3
201664,18
132782,3
182347,16
255279,34
152521,15
198577,41
229773,54
48972,66
107410,158
114721,57
117138,39
151607,3
190927,9
261149,15
289761,1
158605,7
124837,24
172825,47
1795,61
130,47
140759,17
137517,12
7921,67
71014,32
105135,22
218813,1
228663,3
96435,7
100038,21
25818,69
161056,1
171477,3
220642,3
182473,5
51891,14
166550,9
99126,19
211484,3
99737,3
203312,14
231341,26
195407,7
175257,8
164907,5
27070,9
129843,8
60309,19
172491,6
66932,7
6434,50
111109,8
168898,10
173515,6
248036,3
129484,4
244640,1
272393,1
174753,4
132561,63
7985,13
134342,37
135852,35
4522,171
8339,15
135033,12
5481,13934
31221,2317
56782,15494
62081,2711
453,988
720,8612
1358,14354
1601,668
3169,1774
3852,1907
4666,183
5072,1797
7150,1465
140928,1153
140956,5971
164909,7231
200306,1913
286897,1133
8014,2678
33499,1226
59421,2066
192579,627
168330,848
1422,3054
31420,1624
98975,209
167794,157
40955,439
3628,332
84,158
61071,512
187031,2013
79224,2771
106441,1501
137561,26
165413,59
183815,129
197885,396
34271,1035
189105,13
7986,145
136,102
3496,236
3864,1468
153268,3
2865,135
168274,57
278312,485
2104,312
65225,416
179815,226
50658,513
199307,198
170799,175
251384,19
72228,198
110503,85
116943,53
145724,11
179827,42
187535,4
196801,71
127094,11
7730,200
126084,77
202329,30
1000,233
118392,39
164741,14
2214,86
183361,9
226294,1
247460,1
176397,40
7378,120
208923,8
47902,24
39075,19
204688,121
169164,188
177213,19
1849,54
8852,68
65263,15
135228,8
176779,20
203898,31
220584,2
181627,11
149500,14
3389,128
7483,19
80903,20
151414,29
170551,54
188019,4
53084,8
106927,38
118342,17
123854,8
153530,14
199792,8
108534,28
856,56
168026,140
179329,57
193543,12
1531,75
70235,17
187139,6
4892,52
27564,75
1549,127
186393,27
209437,30
218803,71
2199,80
232141,5
174449,21
185669,17
38473,16
184807,46
121126,47
189547,1
144410,23
55469,18
205417,7
102213,11
110973,3
148198,4
183223,4
196683,4
229413,28
186497,5
147464,3
87081,52
176815,3
146248,14
223608,11
230605,2
177901,11
195317,5
204504,13
84279,10
119312,10
123577,10
136958,11
208257,1
227288,3
178705,14
171997,4
93404,45
206643,9
63617,18
85374,7
168822,4
182339,3
188663,5
233473,4
100079,8
87917,12
144594,11
95223,56
65984,8
164697,4
170597,74
141177,6
72092,24
88307,12
146580,3
280034,2
159133,3
212144,10
167268,5
244652,7
106986,22
174119,5
79247,8
213033,2
150864,10
173201,11
78642,6
195801,2
282925,1
217399,10
7292,138
7353,166
8503,114
136495,60
4192,82
4943,101
132644,4
132338,4
136526,2
264662,1
132844,11
265040,1
137823,11
268018,1
1236,1054
1810,4091
5218,24005
5679,16246
106782,26861
2083,4208
247,8030
314,4179
1914,2792
2097,1481
2147,1343
2399,1436
2940,1281
3251,1374
3543,3769
3916,11927
4149,2547
6162,406
8970,9420
728,3555
2053,4997
27838,902
627,1931
5065,3634
86911,6175
90647,2642
48593,750
59684,123
114126,20
139757,199
664,322
691,1231
33675,103
185003,21
89002,377
102111,29
127390,340
174493,24
207309,312
262721,220
1661,682
170683,3
59103,1418
76173,748
4716,168
25930,186
83369,857
114436,52
53002,296
96664,76
183589,394
1998,1154
31223,335
243396,1
33685,75
181115,77
82928,47
27147,43
3158,391
181217,85
7814,83
824,393
5730,90
6859,184
113045,23
3427,389
130524,19
205839,58
226148,1
85565,241
82850,45
151941,39
170257,10
65567,314
27022,286
49856,135
65552,113
128572,12
168910,72
214380,7
162242,4
140777,24
111312,25
7620,217
9002,64
3319,144
187079,5
32674,34
203048,98
144134,41
73208,88
87042,70
144478,12
146423,61
194480,8
7461,43
4271,124
167834,22
179389,12
216793,6
254238,119
106094,47
26137,33
115130,58
25798,146
132604,6
142801,12
160810,4
164667,17
166524,25
200738,8
272899,1
44856,49
193583,36
206150,39
203653,1
5153,165
118268,4
199175,24
121099,128
229479,3
199510,4
177393,4
187623,11
182659,3
198791,41
146604,77
6312,93
126080,9
142426,35
180965,24
101938,8
144434,15
215653,8
128151,29
168714,87
203881,50
229881,5
142797,9
165855,28
276277,1
129274,12
148791,4
157935,2
162168,9
170317,40
132194,4
287639,16
146140,2
146166,2
146252,5
103525,38
48098,27
122805,4
186903,24
220826,6
224509,3
5627,40
208961,3
145444,2
195483,5
196697,5
202477,3
204530,18
225846,2
229093,2
233121,2
178669,20
192125,5
154568,3
199494,11
235571,1
71973,18
5658,52
142744,4
232151,1
198825,6
142835,8
224907,18
32172,20
43626,12
180799,6
271178,10
285941,1
99294,24
128005,14
208563,4
198027,5
65538,11
146491,8
151595,14
239442,1
164689,9
215179,1
91709,10
180241,1
183225,9
113174,3
164616,27
215031,3
138322,2
135767,39
265390,3
137686,2
137026,3
136916,14
134629,15
268002,1
1233,15804
1374,18400
75805,1418
4010,2082
1594,2662
1845,2504
3765,359
4359,1718
6093,1429
6713,1194
109374,21554
197175,2668
92259,18416
8169,2008
4009,877
4427,1852
565,1016
2807,1390
31724,161
5472,495
93821,50
199910,243
1495,770
1596,511
5014,4849
5780,433
8862,291
54328,134
120311,88
145939,5
186715,5
8788,42
98585,584
120775,31
163747,10
278260,25
280476,16
1757,955
188207,537
37736,523
97860,1187
1716,31
34155,213
5799,430
155181,118
63698,145
6346,123
27316,76
3662,356
216503,11
47721,576
89302,180
3405,807
71322,42
31702,234
257281,280
87,1076
195639,192
200008,170
170837,58
114033,306
96567,416
3777,212
7180,47
62803,143
196021,55
7753,130
59604,335
62137,279
39768,167
4045,175
7186,82
27369,242
63391,30
4150,22
106870,175
57949,95
7883,329
25926,59
170647,16
168126,43
99992,88
142909,28
221056,2
181465,9
119856,15
143119,3
232239,9
172537,13
195953,9
127278,10
47516,187
210139,5
235297,16
8068,37
234991,44
104126,13
4058,26
66866,14
85327,13
144646,2
153074,14
174621,8
280812,13
78913,41
157077,31
173165,17
280776,1
26582,49
224272,29
220602,10
26760,131
649,138
106887,3
104379,114
183155,117
105042,10
142490,20
80430,23
142663,14
165533,18
180325,45
187577,52
204132,55
227526,87
152292,22
216499,2
284195,25
281880,4
216985,2
276237,5
161432,4
193765,3
182673,12
47619,45
90594,5
107671,9
170020,2
148683,56
161588,46
202880,23
6276,47
187957,13
80812,26
97819,24
141333,7
181535,2
41058,38
5866,48
152988,17
105597,50
119714,27
68614,19
142857,19
129062,4
173787,12
206839,3
207433,5
212557,4
105575,14
172331,9
181705,11
196427,23
80908,25
228499,1
8821,47
257921,1
162216,15
197845,12
141670,17
144424,20
73143,12
142062,24
148044,21
195899,33
168718,5
192103,8
202337,3
250122,7
111901,6
152912,5
182305,6
121229,1
129480,5
129506,3
232485,1
272469,1
272957,1
98173,10
165563,8
133383,45
3407,25
138406,3
157188,6
132163,3
135809,6
5549,64
267888,1
267640,6
585,9903
434,25769
4011,32509
1673,16652
5903,13539
122886,18727
115569,13215
273,7626
1620,5040
2188,2334
3117,590
3397,2598
5437,397
7076,2233
48326,355
1305,3312
171,1428
2429,1672
7004,4464
343,943
4154,466
41411,147
3454,438
101498,308
2873,217
286901,251
1837,528
3516,1011
8383,152
26558,260
8675,216
27878,826
251606,389
86548,1074
95449,1154
3652,245
257983,1
284879,230
147613,14
109187,850
131830,119
443,597
32013,36
37475,586
8767,252
51007,180
3331,213
43930,780
254720,249
242196,4
6408,97
33312,313
177993,69
169656,210
956,391
130970,343
25787,9
53066,41
119068,211
193455,183
5443,296
105778,47
286029,135
6122,607
138464,6
2814,123
81831,26
6257,131
33397,14
164673,15
227086,1
91243,30
136361,24
128564,21
133579,11
73860,324
134559,3
156125,79
166566,17
4667,53
204578,48
166952,41
439,59
138808,65
2674,188
175649,115
191679,21
94314,37
116299,37
161940,30
141822,67
196915,8
27359,6
140435,9
25987,41
272897,1
128954,11
136227,10
158186,2
83760,37
242778,109
103534,105
250028,28
194132,14
189641,54
5050,19
152894,3
284167,80
153432,4
208693,11
36545,18
91191,24
184129,37
279572,14
202799,39
199694,52
90353,42
218795,6
136618,35
166235,55
187331,13
192293,21
140617,21
196743,7
260175,31
273583,5
82438,18
141990,17
218407,8
77983,35
155830,67
165407,45
193025,10
82362,10
174919,5
182541,14
41792,15
168110,14
26538,35
7146,21
4377,33
156170,1
280238,21
189867,27
184937,33
4163,37
123198,13
128091,20
250080,1
216587,11
90127,20
181753,17
216065,3
279336,11
79765,15
204802,14
206843,2
209051,5
210485,12
215763,107
222911,14
228493,5
93900,6
191471,9
121618,10
8792,36
251736,8
270746,11
69269,44
94900,38
184231,10
145108,11
137050,1
282909,2
203928,34
238022,4
232417,2
162482,7
184651,7
171727,53
117320,24
141072,10
144368,12
162878,7
199958,18
183429,12
148064,24
153446,5
173077,5
123842,9
207824,17
172261,9
185549,2
141972,23
81214,10
122547,10
196829,5
204948,3
202093,13
127080,4
132157,441
8572,57
271136,100
26223,10
132294,3
139299,5
136433,7
5976,19
269438,3
138532,8
112556,20160
5668,1240
162322,793
170827,1256
277,9590
428,5543
994,5457
2119,1480
2262,2357
2884,302
2921,3144
4888,826
5278,66
5451,538
5788,374
6295,92
7884,124
44840,919
97306,4640
194,6060
27033,283
331,552
1963,2581
4787,1435
465,757
58299,2922
87483,990
2333,4638
3821,4089
4821,1536
118896,791
73268,2042
1381,3823
5501,1039
4651,71
6592,327
4124,1407
208477,15
95067,401
109850,924
82143,410
80831,1570
82041,437
103027,286
114044,234
199538,145
221160,106
290263,13
136445,191
2705,123
115381,266
140747,110
104078,438
71707,23
166149,104
5912,115
6107,154
204152,656
65612,224
140713,461
957,239
89260,197
145418,925
5304,747
189781,56
4804,174
5376,142
7035,296
7133,65
108318,74
116722,29
171583,215
3090,1196
5355,105
8629,75
32124,71
47931,39
150282,11
200256,375
51,30
203188,12
59908,211
289195,18
190917,4
26395,170
50059,40
59912,71
140024,12
188675,174
2187,332
187563,9
193371,24
231159,3
101670,38
142546,21
131714,273
55417,96
168906,5
182191,23
50165,29
112890,52
116297,8
145100,13
58003,30
170939,246
4539,42
38320,221
196487,104
3803,47
8134,244
170273,41
4594,70
99986,114
62245,89
92728,15
127180,129
26585,444
104638,20
204034,2
94891,4
169488,57
173729,16
195085,11
91970,28
164449,19
180643,4
205703,2
272917,1
96423,24
116981,4
138638,12
207359,16
173523,31
224671,19
244172,133
794,104
177913,33
155362,47
31083,49
153816,11
157290,53
101074,184
104669,48
279250,1
6672,242
140303,4
188427,8
218653,94
165641,117
26188,59
77665,153
6102,106
236729,2
88877,23
160317,34
175279,1
41564,13
40817,79
164524,3
87031,27
122064,3
166631,3
206931,24
121449,24
163521,6
146104,3
146358,21
43552,69
125878,11
163941,75
177545,28
6080,38
36752,39
102354,72
115023,7
195861,10
234037,2
159469,12
34138,14
102432,14
242282,7
31915,19
179655,8
202227,7
192721,4
129241,29
139663,7
203974,24
102742,12
54176,35
172421,30
270294,2
181123,5
156244,8
103290,8
159423,17
135881,14
135643,72
5408,48
1555,67
135388,12
135835,1
133822,13
136006,4
25840,80
137030,2
6456,53
265198,1
135553,8
131308,4
135743,11
265466,12
1297,4776
3052,20101
72641,10723
80549,8888
8530,1002
1388,4957
438,1088
1598,948
1840,1809
3608,6463
3763,3452
4329,1753
4780,135
5400,4896
6264,2910
33660,7134
87304,1214
177593,7586
532,6200
5899,1240
112804,1703
1619,5657
106002,5549
2863,4671
8835,242
3038,777
62437,817
82150,103
106230,6
134528,511
199223,597
197529,458
7836,1196
7493,430
54185,97
5121,523
96612,405
172877,170
178521,773
231811,1
249536,30
281948,6
187505,589
80858,388
3714,221
101415,609
147354,22
7334,320
26116,276
2434,273
125543,25
4632,241
71693,50
1887,660
88746,164
1313,119
106914,4
144532,63
124273,33
86815,403
174479,61
391,426
89542,2
118117,36
120478,328
153330,8
69131,150
195551,117
6113,48
5774,47
73359,21
40833,55
706,253
4581,133
57648,14
83538,48
216370,5
85997,11
207712,7
6168,130
138428,11
157855,4
5615,134
7052,44
181265,4
195251,42
5393,39
5179,176
39777,63
40752,53
147188,47
96512,35
97662,35
165117,34
27764,46
3944,88
125617,7
126779,3
162292,3
165747,4
190521,8
233989,6
249164,1
27658,29
117622,7
165961,71
285591,12
157120,7
4253,53
130204,18
141614,5
286611,8
162888,5
155836,9
209743,2
246666,22
170615,38
187217,9
172071,1
145058,30
8398,28
128381,2
163064,29
163110,4
163302,10
177003,45
190329,4
166138,3
182597,2
289739,7
76241,14
146184,5
170241,30
89208,37
81908,2
163376,14
233439,6
144630,1
37269,28
821,46
202061,3
210579,5
228701,1
200826,8
179141,3
84510,31
60110,24
183053,4
143523,20
125341,4
273345,1
233289,1
227977,1
234534,13
140880,11
188537,11
54243,25
147637,4
191077,8
117446,45
107309,18
161692,3
96921,6
171603,52
112612,2
241890,1
288519,1
165295,10
6087,50
4436,213
3188,317
3218,201
8424,45
266306,10
135240,21
138916,22
131382,4
166,800
1200,38846
1234,18416
5816,29900
2881,8227
93840,10172
6548,5926
58295,3563
448,3097
2077,1090
2951,9062
4035,343
6331,3177
7151,2601
180031,4596
200332,1435
96606,1393
95567,261
928,5879
2590,628
2068,2385
64034,4132
61705,563
69,5039
4778,78
152238,21
6478,286
129,193
6448,734
7484,646
34800,56
197711,3560
25788,951
170927,14
179417,70
198111,85
108928,1325
175593,55
186777,32
3718,402
72171,823
206497,19
3469,2230
1463,364
6895,75
3867,91
102062,83
120635,1688
59995,703
242060,9
162460,56
183831,47
276047,279
467,748
7406,96
212573,71
74541,144
1910,310
140160,225
89582,187
141166,86
139130,223
143025,15
162150,40
169686,2
241170,3
82364,20
3589,29
164949,544
8602,237
1412,282
54075,254
6788,100
69095,7
26345,66
224641,32
72491,63
176173,59
130494,18
148054,30
195981,27
110052,13
2864,193
8671,32
64511,68
200372,10
58632,28
71675,4
106332,103
117928,80
172017,44
6925,71
123565,46
146040,67
32285,32
158428,102
210993,5
272925,1
291609,1
4997,90
26628,25
121263,8
139701,3
152228,54
253998,12
97799,14
153782,5
109104,6
1872,74
173629,51
161028,10
136245,67
145056,19
186955,55
199352,11
276345,44
26868,5
196559,10
140142,4
271899,1
273979,6
78340,11
182331,7
193934,6
193333,6
115905,4
119792,1
121563,3
161064,4
172525,7
289295,80
219665,10
232847,34
69466,58
89018,5
160700,27
62925,34
197673,12
180443,24
58530,9
97886,8
80820,60
151307,10
106583,19
183911,72
206731,8
209593,1
215759,3
274625,1
190049,22
68273,25
8252,33
158532,17
47007,13
103741,21
235141,2
160131,6
192035,8
213702,10
72587,7
168238,10
203599,14
149316,3
213399,6
59313,34
152617,5
192085,4
221460,1
182309,6
207479,2
143183,3
157538,3
194634,12
242642,1
194394,9
203006,4
155677,15
6211,148
6677,10
131658,117
4715,119
4760,23
135959,18
139331,9
134340,6
267966,2
137403,5
1261,9858
2194,18929
1876,13458
8528,10974
97923,4138
1230,19323
182823,1665
197691,911
543,12764
1020,7931
2143,3675
2394,8094
2751,343
4086,1501
6624,1311
39292,4890
44761,3396
55768,3233
102800,1551
201646,4402
2585,684
1317,330
97,3509
166534,5711
55241,576
170813,947
95105,1928
6214,2421
96020,248
3430,1364
6265,625
8607,1616
8965,5073
6927,648
7442,266
32153,109
58303,1416
6470,175
208531,58
76158,100
175667,368
100159,349
100906,56
120930,12
164185,14
253906,49
2345,255
170399,296
5035,125
47725,541
219559,3
54775,797
4135,691
109687,228
212024,70
129659,462
7937,547
26509,134
2516,437
2790,651
242396,2
242400,37
243404,2
7074,318
114035,50
165337,207
200678,71
5053,552
76127,78
110461,188
81145,35
108899,67
160303,8
181057,10
73868,26
7054,250
155014,10
203503,108
3202,179
44663,31
400,29
2258,48
25739,35
26130,31
182677,11
213800,3
215607,2
246032,3
103825,47
142632,10
182297,38
138308,4
155168,8
5063,208
67894,15
121314,64
163951,52
5718,84
182429,19
129669,29
190749,67
218877,5
220598,2
229945,3
215683,134
272835,1
106559,47
170359,19
231777,1
118085,111
32203,137
65651,20
91694,94
1001,36
153784,21
170781,58
154794,10
93552,29
144432,19
130402,34
176099,10
127250,6
4180,75
167032,20
183795,28
33380,19
154468,28
34469,109
189587,1
94835,12
50977,21
117670,5
147536,3
158932,2
179421,5
183433,3
148982,8
61269,41
120140,2
162316,38
129237,7
173407,24
152579,38
189983,3
195043,5
202143,5
154466,4
173803,11
176619,29
188091,10
87608,28
148757,1
215187,3
31060,9
68574,12
90397,4
160066,5
1742,26
172043,21
197931,8
200126,4
206708,9
218283,10
252134,3
85291,18
122317,4
170527,10
165131,2
181079,13
189539,13
206429,4
69007,18
92894,28
184571,20
203884,5
119802,24
158603,15
90753,41
185147,1
194618,19
7639,8
162956,7
171445,4
154862,23
94068,35
159331,5
162810,5
231519,6
178365,3
179883,3
187643,4
125511,4
162278,6
60124,16
129883,3
282053,6
133123,142
134575,52
7229,85
133183,14
133881,15
132494,28
135791,19
157023,1
265688,9
134222,6
1965,6678
2966,4346
38061,9284
1690,13485
661,11317
74450,1406
524,8155
533,4103
2328,1922
4123,561
7193,667
88235,1608
209315,2648
179221,656
1006,1562
8228,3323
55814,2627
2827,3205
3715,314
71205,1567
6464,704
6724,1699
39869,599
182499,2
8661,288
26467,231
83803,838
5523,889
2851,632
1746,532
5092,1192
118082,696
172107,63
175441,45
249122,294
284747,49
157969,13
4433,285
200330,79
84942,638
3840,718
4142,540
3357,530
2480,40
117981,5
1791,544
3985,841
1695,205
82337,55
155060,21
27826,119
44900,88
113099,24
150866,5
6066,162
69988,160
160016,9
45837,98
5885,85
120789,12
127296,7
5362,81
154902,10
138610,113
162378,3
155874,346
149638,7
105053,89
139317,56
163232,2
7477,133
209079,5
99064,15
140096,17
176049,4
8334,280
234701,1
108488,21
168424,4
226258,46
103676,2
164181,18
6064,196
126160,15
90206,23
91873,66
107756,106
3933,166
289199,1
104984,21
116387,9
124048,17
133703,35
114093,13
144158,18
145220,8
219418,13
275561,11
196247,9
8892,70
192213,3
51402,27
152455,8
152822,4
226556,6
87049,18
159163,88
179691,10
171457,17
140850,33
199982,30
164941,19
144198,17
172609,39
195319,8
103641,20
40969,16
4968,66
4260,45
167426,54
160557,16
184903,3
203593,5
34231,38
43292,20
138713,3
141315,8
144472,14
159409,11
172803,26
173153,3
189795,21
253852,7
176219,95
207670,62
3656,47
97868,37
1134,58
169356,7
196367,5
216095,3
146246,2
146386,2
146912,19
173639,11
149410,20
76145,13
168652,31
170691,19
27334,30
156700,4
142364,41
99839,38
175391,12
227709,2
228895,7
275333,4
203469,2
27213,17
281286,2
63662,7
5711,30
271282,2
282557,4
210415,3
42935,52
78011,38
192253,5
171469,12
185375,11
276589,80
103330,7
170685,4
216669,5
159654,3
155663,18
4497,237
7279,25
6018,18
135771,20
132794,12
4431,52
135909,9
693,30
132508,6
135545,3
2020,8039
1347,9714
1356,22188
54999,2684
312,1325
1209,7227
3361,7479
5563,688
6809,282
66509,1888
206857,3470
5269,1451
234,3255
1081,4000
5033,465
239,4070
2800,344
3799,1384
134166,4
168254,2339
1058,132
2919,2927
2358,151
166601,8
193185,242
77846,1046
6869,430
26158,273
180773,5
102819,377
1581,663
3537,285
31628,58
160569,645
195303,152
1985,1246
215241,42
27828,181
82848,167
136477,211
185033,243
63540,372
94833,550
109925,26
8336,134
124269,9
132638,30
81910,130
389,205
61110,22
5058,154
226644,54
27347,60
71302,90
217959,46
869,577
186247,10
264,195
59846,39
71361,16
82978,55
160892,78
164596,5
200122,3
5717,135
179659,2
184641,60
44763,50
127054,44
154546,4
245220,2
144258,22
50842,299
201078,11
172703,6
95375,316
26411,46
201450,17
6856,595
5798,55
6231,128
8649,59
78612,45
105242,10
106863,21
127565,167
146662,221
1714,35
220596,2
6347,100
132496,220
55078,49
162982,122
31030,131
88979,16
205755,5
70229,35
76814,14
76832,11
117594,12
120580,12
152501,9
125786,17
160646,50
6518,209
167690,10
190925,1
232833,12
254374,8
175431,56
176529,5
268840,1
82005,53
153206,12
93132,19
114842,15
166898,10
5652,59
146044,7
160281,8
281436,5
157112,15
173905,2
165879,14
26308,55
6262,41
31705,81
5260,21
104776,8
161596,13
174907,1
179049,5
194536,4
55178,38
87683,6
123135,1
132836,1
5631,22
3866,32
122515,9
168482,5
210203,8
233203,50
135729,15
185639,7
155581,119
160480,5
187459,10
223147,5
121790,27
174057,19
203695,3
205984,3
207435,3
215223,6
217825,13
168350,17
221882,22
191639,3
162006,14
256943,2
219505,4
195425,7
78097,12
204966,92
262095,1
161123,3
260391,10
241558,1
59888,8
154092,19
176309,6
213315,3
196531,11
26707,26
103695,6
225497,2
288001,6
201064,5
291421,1
175687,5
143205,3
261141,7
209227,3
161440,5
180173,5
221084,2
272473,1
280800,2
266636,95
4461,32
1905,47
131118,11
131678,2
1960,7721
7438,37301
47200,5000
4661,1263
70183,2711
635,1121
4008,4468
5449,5542
6510,93
7375,1135
47644,1313
186311,340
203160,385
246604,141
7044,2533
91485,3097
7099,7392
6789,343
8799,434
90378,158
2587,1080
25938,269
3598,1239
5693,3150
1898,117
4845,880
885,653
71438,287
143367,1114
147051,20
148657,2
161046,18
168328,509
63,2696
25905,124
184469,108
4206,238
92192,522
174933,82
282835,210
194664,682
2853,280
2850,57
106590,26
36326,35
7976,450
43376,853
52867,238
261275,601
86000,494
5522,1051
4026,67
8401,321
37211,99
3417,395
112293,41
5653,388
57706,76
5913,77
6997,494
34292,290
88047,13
90170,14
174975,4
27274,18
179813,62
5136,166
67422,77
7492,244
100717,77
8520,286
223005,35
43899,102
26342,118
196769,22
261239,1
93578,143
145170,21
65091,43
127433,2
37844,85
33435,73
216326,29
105133,76
118866,38
160553,80
148426,79
198211,6
84857,44
86802,23
102275,14
172515,16
152868,9
285109,63
149168,15
27276,45
120222,46
207509,2
201372,8
193575,12
281530,15
58889,47
129397,110
203254,10
187719,68
107740,12
181757,24
194662,3
288681,12
205445,7
212519,6
242908,15
170367,5
175869,20
84852,10
141628,10
189787,10
203306,19
200224,8
54580,22
146592,9
179089,6
86151,15
100052,16
8995,47
91634,23
134794,3
171465,37
112501,27
146084,1
277852,1
237262,57
176807,13
78337,10
123178,12
143685,5
150786,22
151471,2
158338,11
157581,4
228885,3
191667,8
240334,1
66344,32
116682,17
32677,28
170525,15
101954,6
274973,2
204566,2
105223,15
129935,23
190239,15
88317,11
53851,8
193701,2
144288,19
144326,9
149370,15
86330,35
128327,8
230103,2
167510,18
204124,3
118380,7
128163,6
210793,6
237676,3
229089,14
240136,3
272827,1
191693,4
200684,4
241596,1
2512,208
268710,3
26758,180
264023,22
136956,32
265956,14
1724,38
266372,4
134013,24
4022,32200
30810,10482
3639,4708
34048,13793
45672,7645
60069,39993
69526,5626
70336,2689
3101,10267
4344,8656
200042,65
1104,7208
1609,810
3707,1900
4599,648
6947,9808
46970,5789
89864,6724
166024,3080
68194,669
97194,202
2728,6033
5504,2233
183611,3434
249540,1008
132796,1785
7899,189
2498,999
27830,72
152017,1903
67869,34
174831,59
117109,342
118702,1188
152063,880
182477,60
108787,167
4224,935
198703,93
982,608
68226,43
46322,1786
152071,221
41627,272
96456,145
51207,83
84613,346
3695,357
5677,337
8400,104
242066,1
779,519
49389,227
83359,66
47180,38
1926,216
4894,139
5898,245
8923,359
195849,244
183423,530
66511,98
31973,185
92058,434
204072,6
134659,58
91273,170
91014,121
154915,205
71102,10
205945,130
102303,23
33188,92
277024,2
287605,1
100253,8
162842,121
6576,79
4140,89
163060,46
189567,181
166530,117
68153,67
83658,7
3126,69
164298,10
185439,23
186565,23
220580,3
5407,37
5985,117
94769,13
192981,43
200842,173
4301,77
4752,230
80891,46
142727,12
283963,2
8696,53
196199,12
234997,11
1738,14
8626,89
192473,5
53379,45
160301,68
101307,5
205515,58
140108,33
177233,47
212052,29
58324,77
288571,61
39524,14
5089,31
189445,1
200148,6
99373,39
96181,35
126042,20
153228,4
158206,3
202445,16
82306,10
166183,110
159877,9
32002,20
173945,13
188111,4
195171,13
277276,25
292313,1
146058,2
146186,7
146222,2
173669,15
123196,19
80779,34
222713,40
147694,13
145360,9
6147,62
214722,72
94142,18
199013,34
229273,15
96071,15
189837,4
188195,5
273669,3
26797,71
217045,3
196653,8
177725,35
212539,2
116195,7
184409,4
200846,1
202563,3
249780,1
273273,1
279538,2
46961,22
285219,1
197327,5
208415,5
291340,7
168724,16
160056,14
186415,7
188139,1
97597,24
140553,33
146702,27
175803,13
199462,20
164371,13
200580,18
285741,3
99217,56
218833,5
27644,50
177795,1
109951,18
199816,2
243992,4
203841,2
216021,19
169742,7
136686,35
7302,221
134113,1
137938,7
133710,47
133029,4
288927,1
136610,18
1094,12703
509,17960
3633,3429
43919,1086
72378,8099
1625,23310
5574,7768
200838,1659
459,1182
2172,139
3386,8271
3526,5425
4062,2254
4714,635
6374,529
6493,661
8645,2585
68159,1958
5853,1736
63194,60
4273,379
63859,4900
88810,8509
6951,1696
159817,2948
71156,3312
27865,251
70301,194
5915,275
162082,3201
4709,621
3266,1847
2129,70
3771,652
90576,761
103972,85
140561,21
144224,105
203523,38
205281,21
241664,13
81020,104
127305,42
168554,199
187611,306
27478,979
4794,338
26313,207
68099,329
91935,38
95971,68
155074,94
170917,30
31555,207
907,950
69818,219
48883,180
56331,52
63278,11
88605,14
128630,3
164145,37
202383,10
4687,214
6248,70
269440,6
124456,7
147084,3
82274,25
176437,20
1780,138
4689,143
205327,309
52528,162
59976,119
148795,3
210073,23
224206,33
118710,77
191217,7
194256,96
128550,32
176361,5
154684,1
120202,22
6200,100
70549,15
231819,32
6728,44
225485,80
26169,184
2350,150
267418,31
53450,68
104072,50
59625,19
80582,8
228617,16
7837,46
284189,8
129749,64
226016,10
107306,42
207638,123
164614,10
286951,64
2839,209
8384,42
118276,4
26080,44
149540,4
3651,41
116485,7
207702,41
82449,11
177261,23
177469,11
121261,33
47670,51
94503,177
162744,10
88133,29
212271,38
44671,70
48268,50
124556,8
163106,4
51933,73
174519,23
153730,9
165041,6
189759,8
26756,31
107382,9
7200,43
216731,4
257821,11
6821,70
163813,2
171327,17
185759,19
217461,6
146250,10
7479,66
99895,9
125904,8
169646,5
220310,1
250942,4
5645,79
49494,13
98114,8
129458,1
202089,12
206523,8
219800,12
206658,17
141654,5
96697,7
192259,10
99826,19
216302,32
189959,21
140773,36
197485,8
79667,14
187809,17
139136,5
177693,15
278318,1
152641,8
162208,3
272455,1
276833,1
154214,18
4164,286
136600,14
131106,15
132323,5
135695,42
270268,2
7397,28
134101,34
265908,2
131260,12
10,32474
589,68383
2167,15679
4734,8839
54259,8800
112852,26482
361,5425
8366,2938
34162,14627
59784,16390
110771,1215
55276,5081
6812,499
848,2081
1007,1872
1459,3884
1647,698
1921,11543
1970,3090
2120,1758
2769,781
3745,6608
8958,6152
63131,4966
55069,1224
40732,4347
5506,1226
34542,2666
60948,311
78459,35
1346,1859
274157,101
102,2025
4981,473
1401,1519
279718,3
5469,71
3343,215
4676,843
6163,602
34499,86
43904,509
134821,33
87520,3976
185947,10
234536,38
252930,562
148679,31
165527,244
170817,195
199974,402
6272,56
175813,433
176355,329
5696,545
1755,650
222137,641
4156,68
55205,229
127136,339
4245,82
6327,285
27781,25
32917,45
126546,31
151833,3
185227,6
188649,18
188859,59
205733,1
206929,3
86057,41
116205,23
200496,17
100344,282
55288,265
4402,77
6411,46
1825,221
73778,22
166962,14
202157,20
243412,4
250914,3
133349,28
173879,104
113582,40
182763,20
190407,12
6120,180
169490,16
128862,30
5468,184
103877,2
141816,132
103661,53
194975,140
34552,327
180453,28
204816,10
47723,110
78944,26
96594,12
157631,20
158092,117
221282,5
272875,1
40425,50
110748,52
112753,19
3597,413
112085,42
144350,18
190923,2
197047,5
213511,14
278848,16
4761,130
68886,85
207247,21
153931,69
5781,87
120940,28
173417,27
189099,24
277026,8
74827,70
177521,9
77,221
45940,36
216147,3
246540,2
127224,18
157198,6
171093,38
152167,1
175261,4
193287,31
96337,22
281850,2
261515,7
169550,2
171293,14
814,12
100457,25
124029,4
143137,1
189835,16
86476,18
143585,8
2226,96
8522,92
91250,39
134352,6
144486,11
93621,6
179367,5
99925,13
148206,11
155527,4
284405,1
179495,48
146680,14
152009,9
200000,3
70439,4
225693,5
275323,1
141201,4
25881,25
32689,20
80348,13
100324,10
214100,1
61567,44
100743,11
183655,6
68974,15
127216,33
144306,9
144346,10
186529,9
176267,13
258673,3
80044,17
251946,12
25768,9
117905,8
99613,28
167850,37
275967,2
186059,6
163576,5
193882,9
258767,4
126217,2
149967,3
183289,5
127282,5
152425,2
218677,2
173975,15
3787,523
26487,130
1098,140
268740,5
135478,5
135278,70
267170,9
132482,9
135983,21
5559,61
269132,9
1443,24
266250,1
131164,14
267990,1
8728,42
2641,9208
8860,1951
113573,2033
104243,3743
4673,2573
8783,8984
27879,458
3855,384
5008,2641
1354,4354
4292,1253
2397,163
125495,13
193147,932
4964,147
40887,145
66427,270
184767,7
186667,3
186691,2
3375,227
8787,81
32825,311
48159,95
71494,103
97988,261
128099,142
184257,909
192081,122
269226,303
287227,16
1502,269
71484,224
4932,924
114060,1265
54274,267
6989,669
193647,222
6730,287
123125,5
68597,48
57538,254
239490,247
76108,121
143511,161
167136,39
213668,79
41828,173
93865,49
5113,101
3031,412
26264,6
26717,142
51119,6
77810,72
100567,15
140779,4
156414,3
161078,47
179411,115
182613,23
194871,85
86764,25
62834,159
26163,365
118246,320
171725,20
70769,211
7440,190
25800,33
27392,93
146672,107
129816,21
87999,18
210887,1
229125,63
142056,25
50940,28
55067,154
157124,10
163617,19
210183,10
159719,33
105420,98
7059,371
164610,5
46634,8
121103,63
159439,29
219041,9
1765,22
7392,46
8302,112
60106,12
71677,17
142917,23
32928,57
208455,10
166042,100
7125,77
8759,26
3592,125
183765,8
205603,2
272863,1
47980,29
84621,83
94061,34
94647,7
192777,26
222869,11
96569,44
3860,65
33237,75
282037,15
47092,58
5174,101
87433,68
81396,20
116090,21
130398,21
160337,10
164173,24
214546,4
3850,50
53887,175
237011,10
210901,3
183979,46
160458,6
240456,5
25802,74
144910,29
116447,12
212134,11
251616,9
83974,13
142638,2
174191,3
193539,5
199366,1
212795,2
89616,5
194142,4
221158,16
73462,79
108445,47
171957,12
146068,1
171903,43
190233,3
7100,27
70730,9
31793,19
88114,39
172249,5
183865,88
107185,27
130928,14
90015,33
190625,14
195533,52
228555,1
138804,15
658,49
137038,2
71453,39
162724,5
51894,52
201807,2
239648,3
271935,1
184967,8
60059,12
59905,13
142574,54
128882,11
210845,6
164863,5
132894,6
169052,7
104239,13
143599,11
156553,26
181787,5
170265,21
112338,14
182663,9
183859,6
145194,27
2229,19
145052,13
208078,8
189083,12
131796,553
133197,4
138964,6
266368,24
268518,3
131453,52
134115,41
138776,2
158729,9
136431,32
27431,31
135951,10
50,67750
1214,45211
53125,15453
64839,8689
86332,14456
89039,1491
750,32830
4890,7572
163645,5127
951,4897
2395,17715
2482,371
2787,1271
3168,6411
3998,2726
5589,341
5669,16169
6517,415
55267,2239
26025,96
6184,1514
1660,1263
2431,7680
4635,429
7320,608
84601,2753
81784,1021
271917,399
7932,567
1414,1684
4814,1910
7920,204
27618,372
76030,666
138702,806
224052,626
518,1260
186655,3
5305,343
6669,2069
25927,445
79925,9
127052,587
82378,407
120813,99
168862,42
185979,214
208251,24
213844,9
234591,12
93040,545
170046,90
156387,1646
143245,838
128592,145
3467,1711
214922,136
3518,258
26749,106
31148,150
134184,157
7949,131
104386,62
241944,23
4605,498
81989,45
101350,21
128540,44
3807,481
44849,345
106503,38
169872,9
4722,194
119904,30
3644,66
107243,14
119672,44
171045,3
32369,153
64273,66
83345,11
202467,17
107436,181
193343,7
255489,48
289003,7
149476,6
82066,35
97959,42
161762,6
8657,77
59738,288
175505,38
27548,33
143515,36
261955,152
31613,47
6752,136
5769,190
117314,21
771,155
118814,147
142843,79
4805,120
164528,16
190217,8
205635,3
36531,130
69419,16
114550,42
140838,18
149676,20
130768,5
196699,3
6938,39
207930,28
5931,58
175833,5
62726,49
151997,18
153766,54
181631,3
259685,8
48389,33
32646,41
173293,25
177063,8
186639,3
5860,25
207642,32
105206,41
4087,61
102025,21
203461,4
143555,3
179915,25
59376,33
192693,31
189121,6
142825,3
55926,52
82068,22
110276,7
129231,3
161218,4
180281,12
183669,4
192181,8
2954,23
95021,53
141090,1
132474,9
187187,6
89848,27
106498,27
130660,4
128227,11
141108,14
207469,52
277864,6
8960,20
51300,9
103974,12
161210,3
224330,17
200222,6
228383,9
215707,53
170915,30
25899,79
182481,5
190769,10
53853,40
56313,8
124919,28
184171,1
212291,9
185137,2
185373,4
87745,8
166163,13
233683,17
204762,2
194266,3
249686,4
117440,9
212497,3
168468,12
244414,2
163535,27
152302,8
116465,38
194732,5
240940,1
249530,1
187383,9
118280,2
216533,15
93196,20
3061,1868
135659,11
138360,4
134796,133
7391,115
135854,13
131274,12
267878,2
8421,59
138232,9
138988,2
527,73849
2012,26166
293,41846
1639,15477
5989,38652
8368,31427
65601,415
76251,15783
122920,10997
1343,10505
2290,1186
64575,2946
106100,10511
219444,186
2671,17387
267,4334
4052,2234
5988,155
7376,1509
8914,6111
27846,1941
33826,222
55080,781
61401,850
161922,1685
183869,4596
3429,2791
6918,469
4759,157
141408,344
58191,329
4340,2520
4969,931
4947,524
92420,3837
7041,230
25850,604
8327,502
83424,196
177239,236
181751,160
6001,2814
5731,278
141556,10
275441,8
186001,49
176601,1027
65982,868
72947,50
155392,213
103366,351
69203,10
71429,671
81499,33
3682,1796
8604,1521
49518,20
2462,652
26347,331
110557,12
150894,48
3776,198
6899,89
26072,68
26270,167
110350,67
141131,112
26696,278
5473,130
7183,67
77731,97
272367,60
6897,57
26062,26
53226,40
8789,44
175247,33
229511,4
115967,200
162716,58
174615,32
283557,3
43762,52
83163,20
140200,1
143011,16
169932,9
1102,79
195615,9
26564,210
8379,286
6432,88
3982,201
114013,56
26498,44
36630,29
208473,28
82328,15
105351,272
404,80
84160,34
205291,49
165883,51
53837,27
58437,17
3600,465
191359,79
281602,11
164518,6
109226,6
144284,24
141393,47
251794,37
91167,4
191701,1
280536,20
152890,11
134178,46
228525,15
199786,10
202413,13
213906,4
72360,53
142086,26
178453,18
142877,10
151567,3
151903,6
194979,19
58185,45
109889,58
6144,73
5922,34
115574,23
193069,10
136784,34
82308,22
144136,4
161068,12
170877,9
172551,12
173237,2
183819,12
189185,2
195805,5
126482,90
152093,5
269596,26
122278,18
149346,10
6861,33
159040,7
60654,54
186221,6
199964,34
83334,27
211434,1
116124,5
175635,4
181141,8
191895,27
205034,7
205923,3
212939,8
217637,11
222001,2
228051,5
211414,42
115901,7
65866,15
195261,20
164803,14
95624,26
32158,15
291825,11
271949,1
158633,2
185119,2
232749,2
86246,23
60461,50
144584,9
5776,35
189191,11
69674,12
132144,17
244446,3
106594,11
223576,1
285549,1
127419,12
159829,14
172647,4
213029,5
182289,6
161428,2
203637,7
236755,1
116744,18
112060,14
94005,29
139604,2
135859,12
135739,1
288281,1
137132,3
138080,1
266618,2
132749,3
134358,6
267986,1
33672,864
1333,13793
34319,9298
1704,50824
45,9306
1442,771
1611,2958
2091,1246
3618,2287
4168,654
160080,2063
938,1823
2788,6773
71304,748
117887,1515
569,1727
3724,869
3190,1166
194951,2461
8062,179
65133,442
6535,3457
88022,127
196997,1875
4272,166
4959,172
5172,415
8959,668
26318,297
59721,118
221886,304
184753,12
189095,3
142765,100
112550,139
189475,264
160565,834
177483,72
258565,47
145066,67
5839,394
123571,97
233555,392
33171,1630
7743,609
769,135
98273,10
3014,257
9013,100
8093,176
6136,83
201795,2
220528,449
5725,68
7840,475
131672,1
59306,317
118003,3
167312,3
26901,57
109364,80
219569,8
227877,122
144970,10
207213,62
211452,21
175877,24
159747,5
160112,182
168772,50
177991,4
177699,12
195429,35
197667,3
208699,3
235295,98
236201,4
164558,1
8232,92
26356,59
5412,113
103621,120
194100,48
187157,5
180435,89
6206,55
82382,18
150633,2
127076,18
54049,47
5557,92
279218,57
5356,88
163390,3
87033,21
219254,6
272867,1
7954,72
108497,9
162346,35
281586,28
282529,18
98693,7
205475,5
2608,47
191543,4
287615,24
204202,7
2309,47
3131,20
144420,19
179925,107
86723,65
127182,37
162958,6
181633,4
52108,13
72915,33
88015,42
166020,65
260039,58
182419,48
276487,24
272555,23
92094,78
159894,3
183401,4
186263,97
197825,18
137278,53
270554,61
194564,23
183231,31
233297,2
793,116
112599,7
104155,37
180983,6
164053,2
4491,66
203831,2
127132,33
179005,88
69821,23
141735,10
185261,3
123524,1
212521,6
90424,44
127630,16
140261,10
148178,5
160169,18
202139,5
146142,2
146396,9
154472,14
1715,104
209725,10
90697,16
219328,12
27598,15
174665,37
184285,7
215553,48
125922,13
199520,3
179001,3
35738,23
54241,36
88378,4
199021,4
224178,10
250184,4
274965,1
160217,8
177481,4
116016,2
86624,37
57848,19
290799,2
211812,6
220982,2
253328,2
286031,21
114599,13
197399,1
215831,1
8635,37
145586,6
147116,6
9019,20
205309,10
116813,8
122355,11
216755,4
193896,1
5641,73
134250,71
8335,187
135811,12
134268,7
133790,2
136355,33
132658,26
158264,12
264912,4
216,10728
1320,16179
81845,20274
122918,13115
1667,1136
2986,5770
6187,3088
8910,4821
184791,34
94799,427
96832,989
72737,3491
5284,239
952,2595
6763,1211
3646,3632
3182,992
208971,102
3742,2386
8580,574
4652,241
168286,316
190087,35
3640,137
2553,1574
81417,1287
170263,100
199305,29
286131,538
289317,8
88192,37
96616,626
4442,361
5832,166
26150,1320
7211,169
221548,223
759,366
7002,118
7951,448
254366,9
76091,1051
4496,614
37495,292
4395,217
134680,135
104908,1252
104350,93
164175,749
72258,24
79523,43
49347,611
54686,309
275503,495
98985,76
4670,464
7069,398
31649,14
59852,11
173613,9
53835,153
136014,7
135258,17
259859,169
49642,132
138370,7
226390,9
222663,1
148080,19
50800,425
113186,45
156753,28
115042,11
159042,14
283529,2
4579,70
96075,102
6853,30
171059,4
166015,59
282161,333
115687,39
92910,28
164196,20
128588,17
277708,4
116911,24
189905,4
205683,5
90596,12
121469,16
271745,80
141826,105
175673,71
1110,28
159480,3
119657,10
128145,5
3463,74
1039,58
151969,16
192781,43
149162,16
204030,13
274051,21
165709,38
66140,47
70703,14
185569,92
161502,5
169606,6
196085,10
198633,2
88352,12
72325,10
245258,48
217523,19
105044,12
123298,9
106254,63
43267,59
211221,11
139789,1
142517,2
164649,64
153728,2
87792,27
71446,40
79972,22
167982,13
176919,123
51014,11
6767,9
124544,6
184933,4
247372,19
83956,12
146080,1
146368,3
6640,14
123190,7
149106,13
186473,8
161968,22
114070,6
194520,30
204768,2
206519,5
223191,16
183381,24
182829,32
81059,35
184221,21
234356,13
291873,1
85369,5
195919,1
218479,13
221955,2
289753,1
190135,7
86728,35
143831,10
80954,16
175363,6
204680,7
179745,14
182097,5
92222,34
261199,10
173493,3
130170,7
178387,5
69072,21
130788,6
202077,11
272573,1
284447,10
134555,17
131484,8
264384,9
134751,73
136980,9
131144,19
136331,55
137112,35
263525,3
133241,15
288285,2
137012,5
8660,60
265042,1
4456,18
2722,8468
2719,4987
4643,12420
5796,1033
34532,2313
106072,8247
261,10899
5013,7180
1405,9590
48696,2029
1918,10129
2793,2334
2889,1972
3393,233
4138,124
47122,1373
48043,5875
56788,3352
58879,208
195163,1207
946,1730
1655,798
6977,638
93563,878
3462,6051
34523,477
1447,647
5410,1103
111303,31
130085,12
5942,1900
2952,2274
4525,153
38,750
26174,88
43744,502
64037,192
1809,1348
25964,47
95858,1720
118700,1288
72176,257
109376,130
167680,20
282843,161
144382,49
41724,231
194074,341
9005,511
3414,242
2737,121
53880,80
26370,103
179889,15
86642,63
279894,195
53769,203
116431,14
154892,12
418,690
114818,245
126937,25
135178,16
320,323
194348,623
43269,24
113089,64
147035,4
185217,8
52265,12
8143,129
6225,88
6513,84
27420,17
40738,61
69856,14
103040,12
131640,4
205473,38
162348,64
5194,68
6726,20
95014,13
128554,12
181937,18
199692,18
138424,7
159115,15
145771,33
82759,56
245674,2
74619,16
7958,50
40597,29
92768,47
207065,10
193637,74
44966,90
128912,99
179285,101
221588,12
172449,21
1864,120
49060,183
155245,7
170213,69
187405,7
225691,3
1325,280
117017,26
121326,10
138682,11
206527,33
276597,43
2679,53
93142,122
153776,7
196117,55
91880,7
4763,65
269570,6
171767,26
215863,14
174857,29
39529,71
123180,32
198075,34
203940,22
200948,20
188175,44
144152,12
158759,5
193205,6
167802,14
179821,64
203028,2
26254,5
129272,3
185541,11
114591,7
125049,3
170217,16
71762,29
281590,2
140301,114
216965,2
174477,5
166281,11
158534,22
126178,8
203751,39
84714,18
99124,44
122543,8
145277,4
213337,21
181725,9
223492,29
137579,16
229763,2
233637,2
234430,1
72583,44
283115,4
122045,12
147122,6
110278,2
161200,8
106967,12
182959,9
142931,3
98160,16
199311,47
201470,4
197029,23
122781,11
85177,42
158928,11
136548,14
135825,38
135362,1
136704,1
136363,34
288163,3
131704,10
364,51518
2378,7093
4148,11444
4370,17225
7706,1123
249,5045
3070,4033
46559,243
244334,861
510,940
181,2924
4225,1926
2311,4673
2901,2198
64249,646
157342,37
82,2555
1671,285
6991,566
1760,2970
4282,467
7073,1334
26306,187
26181,143
182525,3
186673,2
194396,793
103017,442
73211,965
165483,102
225625,1420
227068,1
270406,106
118854,53
2568,1514
3692,392
7827,1154
4404,422
4243,107
110611,281
118970,133
96473,71
4879,102
4439,382
82770,24
7305,347
98629,42
52572,36
130978,181
4100,214
4586,133
6320,216
25999,287
50594,322
55740,10
59805,19
198865,39
89449,41
48825,228
7485,265
5689,323
27235,7
32783,22
71164,22
116600,12
186355,3
157150,9
218195,3
229807,9
141690,40
88934,18
190257,29
27711,57
140866,9
276149,2
206323,18
87527,10
213495,4
114269,9
130462,45
7626,177
260979,2
26689,45
61319,76
145502,8
164039,4
161658,29
90939,62
50356,68
92481,56
204038,2
95670,72
179453,24
190223,5
87930,96
190755,63
187937,12
112705,10
172629,13
26010,91
90341,65
187215,33
87356,36
144490,18
292049,1
2452,110
127585,20
106401,25
225687,44
191203,5
197067,26
260705,37
4503,168
229951,68
223828,11
173283,51
2992,220
78332,73
153768,17
86864,68
153018,8
244968,5
169034,34
100426,50
210949,4
206698,34
177091,10
207093,7
94486,7
283125,3
6034,25
5996,58
128952,11
160678,33
174745,8
229955,40
257659,13
124621,4
192015,36
139026,10
279854,17
157140,9
157172,11
278570,1
166673,9
33579,5
182815,14
199079,10
211476,4
26108,18
211205,25
149584,11
222009,4
73494,38
101579,13
117995,2
280832,1
106170,17
150570,8
145248,3
105047,14
277420,1
6501,6
132592,13
139501,12
143416,8
172943,7
183561,12
122272,10
176981,4
196939,13
281232,2
187511,12
125938,9
150252,8
149328,6
223506,8
249160,11
73826,11
212114,4
131162,4
139217,4
179355,4
102131,10
213954,3
223308,13
289027,1
106066,12
204138,2
180289,12
282265,3
161666,13
133773,11
5138,19
131132,20
264235,4
134585,15
288,26472
3354,7330
5378,27415
42738,4924
48516,35236
89745,26315
91529,30369
1049,5362
3044,3998
3317,7169
3478,2125
3480,1090
4103,4026
4228,2047
5106,1153
8937,1905
49932,1452
3760,1617
945,2308
26560,96
148984,57
4473,351
2055,220
5705,590
703,363
5059,424
39419,342
45106,552
70567,644
576,25
89554,282
25825,228
26603,634
58059,48
1893,204
160559,135
187723,572
41617,242
138582,4
5628,998
86884,293
394,148
135557,37
5101,298
6613,123
276317,287
84950,371
210973,190
4630,220
47152,168
103105,25
154494,5
73713,84
164005,18
26550,272
52279,260
5426,89
167,79
31584,59
6769,161
193297,18
140115,38
8749,140
198609,22
83765,34
91302,35
164447,6
187129,4
195755,28
50440,124
126747,8
250866,1
283627,3
32999,18
5366,121
33316,58
5262,63
88339,61
94401,60
118236,21
107477,45
189627,14
215083,3
1705,14
157091,41
31349,128
78062,19
123099,10
129299,28
147186,39
156771,35
173673,23
283133,37
212385,13
3215,68
32088,19
152824,9
99487,31
45079,13
113725,8
246046,3
258685,6
174829,54
197849,34
129401,42
286399,10
5280,37
291813,2
144440,23
175831,105
167262,4
91108,13
190053,4
154220,10
124075,3
96302,105
153566,27
164725,50
183467,1
261153,9
129333,11
139259,5
127027,12
164268,41
275171,25
102895,8
114799,2
196121,12
199041,6
201212,9
205265,3
233119,1
233123,1
101833,7
165643,48
258275,4
83376,10
139219,18
219575,2
65315,45
213395,1
170363,4
241140,3
194258,10
182495,4
267994,1
147170,2
194064,5
168784,31
135280,23
7138,28
132460,5
133276,25
132906,34
3297,10
133941,3
136365,15
262655,50
135500,37
6353,32
7409,10
137513,1
80,595
356,100296
60037,2714
3551,4091
6807,11412
4233,766
5460,642
6867,4334
79091,14136
143355,7710
1916,3592
3185,2128
4803,1021
5497,500
110328,100
63072,4979
7316,765
77330,195
3016,3234
40966,615
76866,82
4790,137
205076,397
220792,524
289,3301
90531,2225
148661,4
178933,50
71011,83
84871,14
3278,10
3492,85
162608,57
44731,352
187309,103
188941,558
240,847
131029,10
113453,977
91199,408
1389,2149
1987,714
56432,108
41130,15
170635,304
3590,295
2540,1120
26413,190
163971,195
178083,37
32792,280
131739,225
8946,332
32289,607
2902,1275
243402,8
226886,174
259023,9
25971,186
8258,123
48061,320
7486,658
103271,22
3486,65
7422,39
104376,11
200024,13
102602,192
147434,39
175633,7
239254,70
158817,9
92887,10
74508,408
90809,279
83601,68
139493,7
68897,7
277003,1
259575,64
124593,3
166920,14
191495,152
193900,155
195377,7
216239,6
251652,6
256367,1
281418,2
283625,3
224306,2
26488,156
198995,6
181671,322
196231,17
142150,19
8694,58
69949,23
168478,10
140339,66
1528,29
168128,15
175685,6
205757,1
97384,17
127276,9
139835,14
142196,13
162408,2
164546,74
168720,10
72557,78
6931,28
109470,25
143583,4
78635,21
118348,2
143440,85
92730,23
192849,31
55106,99
162232,8
145765,34
174565,49
148693,34
194336,6
148855,96
164923,10
178517,32
69243,20
178375,28
889,121
4379,28
206633,23
276333,8
26608,31
195115,14
63862,13
161450,8
187471,3
170018,3
151951,92
37257,39
153989,2
109388,25
164639,49
25736,67
167966,4
235887,2
237330,9
152587,8
113668,5
142228,40
145831,5
168030,10
156404,14
215673,8
176249,17
255895,14
176247,19
154921,3
213159,2
92789,23
198715,10
214494,28
193511,3
144940,9
152613,26
140854,5
238360,6
176181,6
180489,6
190309,12
229159,11
174097,4
107380,28
124955,2
188733,4
145783,3
161508,9
187729,4
58939,30
188673,2
6525,227
157154,25
267582,12
25,22525
1923,29426
6565,6055
4270,13542
6593,5829
32011,442
51412,2997
122904,23147
129354,3084
427,3421
1484,1070
2114,3811
2672,4850
2928,542
3616,1675
4463,144
5108,2760
7027,1531
27873,949
103048,1017
73,2982
1147,3998
26172,551
2316,3293
6587,838
2112,2747
90600,1654
2596,1815
58301,1351
816,74
763,61
8254,831
98203,2362
3851,436
174395,313
181047,3
202095,6
82093,299
142536,767
56095,158
32179,564
186947,107
216817,206
97051,34
136798,91
192315,71
222907,204
255337,781
261187,5
283871,18
99537,130
59220,344
26327,43
82152,674
4217,341
143647,153
114459,189
233259,7
91869,256
2578,96
155625,267
143369,81
254394,101
8777,30
196969,70
26606,342
7900,64
8682,32
139423,29
6241,237
7637,222
5221,154
2270,31
3217,481
88280,12
3318,207
166794,16
194636,41
172641,46
56848,130
179959,13
201052,12
214366,5
250632,4
138346,10
182475,54
245,265
141846,123
4193,92
84974,1
183867,24
210469,57
82173,260
175323,23
5201,42
8704,21
105121,15
205359,5
5020,46
154939,90
178337,10
193189,18
3351,136
107769,276
144336,4
208655,59
174679,20
216149,2
251662,71
286801,30
162474,18
192013,10
87332,14
8397,37
151973,7
152354,6
171869,49
152842,41
216143,5
98836,110
205573,11
127865,5
175467,3
186973,13
274707,9
190083,13
91615,7
236877,1
62974,42
166741,30
141700,5
194993,7
181235,36
280162,3
26580,8
115068,4
173835,27
156145,11
40964,27
186287,5
173815,32
170323,5
172281,2
240678,5
94733,28
101674,18
128071,6
181461,4
193629,8
198071,2
160952,31
215215,3
117838,22
57811,12
230627,5
146644,15
217463,46
193399,2
138806,8
140721,8
67657,11
152918,8
176293,12
225659,2
60316,18
71168,23
122779,7
272435,1
197433,9
236207,3
134170,1550
131176,40
135204,38
264237,4
138650,14
135749,5
237,6442
2858,65158
3438,5847
1556,5893
51077,4264
74685,1543
3510,9326
2539,10791
2033,1860
2321,15417
3461,2888
3508,4066
4926,72
77364,948
173209,389
212373,1211
131013,1452
61350,1377
91104,2703
5323,1435
8633,1916
6545,344
107069,2430
173925,1215
26662,6855
2648,4175
1368,45
1126,3253
5613,1037
31437,710
50259,200
163508,146
166918,915
182505,8
4470,322
129514,665
46865,602
3205,343
200200,231
201286,16
207165,9
139100,64
3719,333
1941,900
165937,624
108983,678
104881,664
113,1099
201016,19
71472,55
5794,279
162592,240
111778,292
95898,19
43391,105
88276,29
97950,363
123300,6
155743,275
26463,125
8913,69
58029,50
170645,307
194052,263
6981,371
59621,60
109330,44
127313,17
171927,3
180387,3
205587,7
8795,195
85305,47
26745,217
170477,30
117710,7
156767,21
206309,8
111255,222
128439,14
136457,83
178401,241
283611,3
138498,7
96401,40
1421,190
236947,99
252662,139
117456,124
125471,5
55507,33
5710,101
85626,30
175151,46
6129,46
67624,50
31160,68
277552,197
111389,73
196081,112
196937,192
145120,14
167642,9
81366,41
81371,26
205747,3
54536,22
67898,77
78130,20
119599,2
121186,27
154480,4
207888,91
219370,20
140311,19
128842,38
138746,20
168246,6
172501,29
228881,70
285765,5
87618,32
144050,63
895,59
152358,12
152878,4
7821,65
8388,43
84017,8
178079,40
53967,45
203517,156
125698,5
140451,10
142286,18
221432,5
215173,35
31053,18
92102,8
188183,33
198839,1
63119,36
141317,2
78739,16
128719,4
179131,5
25882,13
81859,9
275189,9
146100,1
77910,27
80408,7
171815,3
112112,13
164939,14
167686,9
168584,8
183367,1
205377,9
229587,3
281276,6
201284,10
211922,1
50705,75
229429,2
217085,7
48642,7
78438,25
175829,8
202755,5
217401,1
243846,3
271943,1
195747,13
27087,57
190863,4
151279,13
158210,4
112642,24
148921,38
220242,1
245174,13
213980,16
72090,7
125908,4
157783,8
177669,9
279760,7
27497,48
190151,2
185521,2
175973,11
132356,16
133806,19
1543,75
5154,35
5849,27
136684,11
267944,2
232293,2
115540,13
129830,27
191387,5
92635,3
189743,10
105119,11
26044,10
239486,39
80233,10
121039,4
219183,1
208090,2
5149,23
85403,8
83115,9
176915,3
31011,15
130454,2
147198,33
206044,7
233271,1
209101,3
86312,7
145130,5
170068,8
274841,7
274685,2
271138,13
128870,5
108885,3
172379,3
200382,2
72618,9
171355,4
143521,7
121033,12
205505,5
224575,3
234837,3
117899,4
107877,13
124149,2
153156,2
270028,1
131152,1
164242,3
184669,4
88901,20
97382,9
276217,8
288489,1
265800,2
107346,18
151004,1
46008,7
214806,29
150024,3
184907,12
79936,17
64895,13
282737,5
179489,2
158324,4
208016,2
130208,3
187621,13
170667,1
172091,21
72674,17
169190,14
191967,9
199564,2
196881,3
203699,6
199211,1
279386,13
182001,10
176789,3
120480,8
208765,8
162644,3
206064,4
7750,15
114510,5
149464,2
237728,6
215895,4
163462,13
214024,2
164829,4
138620,4
103333,11
257993,3
176451,3
213910,21
283119,2
92229,6
96227,8
196585,2
286877,2
220784,2
127453,3
142119,1
131500,4
137599,1
266178,2
251034,1
100613,5
181679,7
33376,9
112229,8
120841,4
164887,2
265166,5
167460,11
47477,13
150064,2
148414,8
186397,2
94762,8
96547,8
199231,8
142272,8
173313,5
92325,12
151915,9
147400,8
207624,5
170311,12
246134,2
280928,3
6026,28
104778,7
178773,9
214030,13
245304,2
105147,10
199131,4
210645,8
172581,6
205487,1
145118,13
142859,5
192343,2
151527,8
154003,6
265246,1
265610,7
135615,4
127272,3
171235,11
279884,1
167474,7
117652,11
140822,7
169300,7
179267,6
201969,1
204062,11
251404,4
150010,6
26034,26
184095,17
242496,2
116010,13
228857,2
182131,15
142146,6
207071,7
210667,4
242318,9
131662,4
141684,22
163633,5
115779,5
226832,1
130846,6
124332,18
185107,2
234953,10
222075,2
141552,25
127015,8
164889,3
168942,10
105892,11
213123,17
220538,3
158330,12
239434,2
182021,13
157284,4
282259,10
289851,3
149322,11
236205,1
133223,9
139329,7
266822,2
229097,1
162970,6
155121,13
175757,5
275659,2
122415,12
197625,14
86758,10
128153,9
212515,5
250888,2
195423,9
199820,7
288957,1
169240,3
121364,6
290035,1
105412,7
155950,8
202191,14
279660,7
27093,10
53857,5
267080,2
105974,9
113798,8
125169,3
165801,5
256553,3
190201,2
224198,2
238268,14
132922,15
192875,15
205465,12
228275,3
236859,1
167142,3
49079,22
148114,3
226862,3
236037,1
245888,2
275595,1
193537,9
182133,12
174891,4
114854,4
266480,2
136948,13
103753,17
153899,21
37375,33
191399,4
273901,5
160402,16
244460,12
245734,8
88423,6
164831,4
165877,11
129838,10
169226,4
213764,7
188179,14
244688,1
182303,8
198965,7
216281,12
234177,2
151032,4
188783,5
203501,4
153384,4
231525,2
172407,20
152027,9
216637,4
171367,4
280442,22
148911,5
186733,1
199001,2
277278,33
239470,2
194350,11
290219,3
239628,2
172133,11
250478,5
279036,2
173989,15
217459,2
132896,2
26006,12
135466,1
132251,2
148950,2
266838,1
102235,15
215333,3
150876,17
191393,1
259547,2
166191,3
78168,17
78721,14
112710,14
235325,1
193561,14
163693,11
187701,2
174079,5
187359,10
143906,6
196667,4
218339,13
201925,3
158139,5
179499,8
279220,2
224773,1
169834,5
166810,2
70843,10
158555,2
143707,4
195573,7
80160,3
218335,5
184771,2
188839,7
125337,2
152719,3
215495,3
225005,2
221560,7
193009,11
210191,1
279130,3
195867,4
154303,5
167556,2
185567,3
177829,5
266664,1
133317,3
84047,24
149420,1
183515,11
195635,11
91216,5
128197,4
139305,1
141349,4
141554,11
184451,12
186491,4
211111,4
72934,19
150050,5
125519,6
193847,4
126811,4
238138,5
144748,2
96146,5
227678,2
25804,16
115249,6
178519,5
251634,3
101614,16
187107,4
179857,5
140890,5
207369,5
110560,5
282715,1
67536,15
192387,25
208253,7
210181,3
193051,7
281882,3
208605,2
171425,3
196391,2
141824,12
169558,6
74107,4
95574,6
223612,2
188107,12
260061,6
177461,1
105612,6
264065,3
133266,1
265098,1
117638,28
165729,10
205667,3
161111,26
186931,8
69609,5
83295,9
99866,3
196813,3
218217,4
49759,8
177159,2
81983,17
253794,2
182129,6
196145,3
275923,1
280194,5
169960,18
164967,11
197409,6
277556,2
239464,3
251224,20
148620,32
148630,10
273041,2
200422,2
223187,4
216207,3
278746,4
206799,8
167030,7
244580,1
290127,1
129378,9
194060,17
131223,1
143311,17
167980,32
286371,3
186643,2
168704,3
188275,4
102523,6
273585,7
43828,18
162916,9
33393,21
98938,3
116772,6
174991,9
255899,1
158801,6
98768,12
162758,4
195451,22
220098,18
62157,23
202063,3
185325,4
82591,13
211686,2
7105,16
159731,6
289771,1
185963,6
208038,21
170497,5
173323,8
254859,1
114373,11
151753,6
152793,2
200094,6
81389,5
5683,16
285801,5
212803,4
259189,1
208249,8
180317,18
128661,2
102049,7
141319,6
224124,4
237386,3
129524,4
186561,1
266554,1
133335,15
137397,19
158288,14
195311,2
191395,2
154947,9
125541,13
143426,5
189485,4
203882,1
208555,3
209287,3
198471,11
6052,23
147340,13
157867,9
202747,12
186267,14
158141,3
152109,11
147322,16
178551,4
221024,2
157334,6
265314,3
244488,1
140445,6
238984,3
175767,8
105040,7
220640,4
123113,8
181793,8
181943,6
225335,1
4071,4
139771,8
262853,7
191371,7
168924,2
170889,12
113849,12
122050,20
187203,4
189029,6
201144,6
145034,12
195193,2
290497,1
216821,24
172645,9
225886,2
175721,6
251284,4
222077,10
223636,3
82335,20
169262,4
256073,6
112809,13
171645,3
282745,2
95658,10
171545,25
184243,4
88055,5
189997,2
165861,1
141468,11
115409,10
120104,14
167450,3
153440,6
156789,8
136682,3
137767,11
3164,12
136918,4
135464,4
291763,1
171895,11
233731,3
89833,7
220484,7
89778,9
107445,18
179913,15
188931,9
202361,14
93210,18
162004,15
52182,8
185027,2
78557,23
214104,2
173993,20
67464,32
155111,8
265972,4
233575,5
224753,1
175611,12
80132,13
149094,4
202115,3
95591,10
78974,5
126713,2
148915,8
213265,7
143545,6
177083,4
221002,4
154436,7
103282,6
162574,3
70889,11
234434,5
216434,1
259577,3
286859,1
264554,2
3023,34
266086,4
181697,4
47601,59
79610,17
123435,4
185543,1
226956,3
270224,1
161914,3
188009,8
190883,3
130514,12
169048,2
290495,1
89763,9
153606,6
187891,3
199241,5
181003,3
86990,4
130964,13
116913,4
159091,7
189531,7
153474,1
213968,9
190849,5
180579,7
184713,18
188109,27
274077,3
8465,22
281458,4
194534,3
227074,3
69768,13
127451,10
106378,7
116937,7
205953,3
133992,2
135276,13
135510,7
179225,18
215483,5
6189,3
90823,4
197585,5
207604,12
212403,3
214706,5
209363,3
157324,2
164600,13
225019,18
83279,3
186337,3
116046,2
190595,5
220332,5
289563,12
105767,5
169114,10
206289,3
274659,1
170283,8
199944,6
192027,1
273587,7
173487,1
274531,3
188377,11
137898,21
111462,6
153490,5
93801,10
121485,19
122703,6
196209,4
241262,3
281098,5
128127,3
271967,3
196467,9
177197,3
292113,2
143414,4
83320,24
189373,5
110030,12
274637,5
238570,3
215183,5
143687,3
170193,31
73334,10
221446,3
47397,9
122635,1
169434,5
125623,6
233907,4
196309,4
178123,15
283745,6
114604,10
131231,15
5261,11
189779,3
141842,4
253284,1
283427,4
266232,1
270300,12
274033,4
111499,14
190933,3
116245,3
175115,4
199374,2
88419,15
84641,8
82003,27
208581,1
263673,1
160734,8
193597,13
203379,4
169318,8
203865,2
208443,14
233079,3
155892,21
242064,9
165367,8
121239,13
143287,4
142554,1
148917,3
216215,8
184667,17
8469,17
285541,2
122268,8
42491,4
99173,5
167170,2
168114,2
266538,1
203242,15
45642,24
243802,4
137914,3
176337,15
123639,13
25843,5
184895,3
175905,13
162202,2
171843,21
215347,3
254112,1
183239,10
108003,5
39364,15
223630,7
83916,11
283247,10
180313,4
123274,2
284101,1
169840,3
140559,12
179197,5
121467,4
121119,26
119147,7
272263,1
215155,4
190997,2
183321,10
182777,8
196533,9
203535,3
264952,3
131698,4
266534,1
150264,3
282077,20
34099,13
273899,9
199872,9
210559,2
79063,6
139549,4
145735,5
173301,3
201887,5
102047,16
175369,1
226182,1
140249,4
117111,14
157975,2
158163,3
153925,7
150854,7
176047,5
279074,30
208959,1
207113,1
112798,6
199490,3
235145,2
200428,3
189439,2
186405,8
281262,2
166050,1
115263,20
277634,12
108160,11
47342,8
86318,9
196535,4
43892,11
271605,3
196127,4
192023,6
202649,2
192185,6
132877,2
134749,10
266088,5
159377,5
198501,15
233085,13
241658,1
258501,11
265768,5
39429,6
190155,14
140793,4
145192,22
57017,22
153022,5
202229,18
143986,11
209837,5
179315,5
154250,7
395,13
403,15
145240,1
86604,27
227308,2
102219,3
129769,2
79953,7
235087,3
141440,9
187991,11
125523,6
272189,2
150760,3
123953,2
132543,3
262609,2
5921,30
280518,2
112072,16
252072,3
188843,7
121152,13
171223,2
173021,8
169116,2
115979,4
174701,14
215621,6
195455,5
218325,2
214710,6
39244,26
88063,9
150916,3
289167,2
223946,4
120470,22
216131,3
272127,4
230975,1
245336,2
93469,7
194640,10
193267,8
236091,3
130962,2
112772,15
216773,2
120246,11
178575,8
123000,2
196311,8
140361,9
154444,5
115479,3
106525,8
275315,8
284261,2
262851,5
257339,2
173831,26
197075,4
142616,2
170455,10
180149,14
141472,4
143277,1
163641,3
209387,4
221322,6
153608,10
27077,5
169634,7
125117,2
158123,5
208036,4
211051,3
282917,2
171031,13
206008,11
178709,1
91339,13
212018,8
159984,5
240896,3
255437,2
253198,3
165351,29
274269,3
286969,8
98850,9
164308,2
127587,2
273381,3
169302,18
218303,10
196235,1
210593,4
117875,10
287569,1
133561,1
268366,3
138686,7
283789,1
175423,7
186645,2
155283,4
286841,24
274019,1
52413,78
243284,1
104604,10
117694,6
154965,2
165485,3
193215,3
207411,6
208068,9
215303,1
37824,9
122972,2
181443,6
181775,12
179189,1
226356,1
192291,12
185733,5
172903,10
76217,7
205070,6
110200,10
33790,14
196201,4
85108,2
124354,6
161912,1
159853,15
188455,3
138034,14
219336,5
172345,3
270766,21
267362,3
144202,4
275451,6
289675,1
200376,2
163006,45
249676,3
100275,10
202011,2
210053,1
227859,1
145941,19
174935,9
169388,2
154432,9
59895,28
220142,5
216611,6
59842,24
217166,1
202471,1
252696,2
172041,10
158827,13
52956,12
213241,3
186477,1
195105,3
104588,4
208229,1
142180,1
219854,1
259833,22
34039,22
97910,2
96973,10
167276,7
142128,1
137004,2
131622,20
136788,4
157563,10
141722,5
197981,3
252314,1
262845,4
210557,3
40436,20
99171,9
116748,3
222065,2
79329,14
187083,4
274235,4
83577,31
133925,4
176025,15
211892,4
257489,1
218787,1
288289,17
201538,20
146485,4
207031,3
153935,19
275265,43
143231,19
160732,4
165127,18
164445,11
123534,17
153216,2
159335,6
100721,7
143721,2
151601,10
88543,1
177405,1
194228,5
129199,19
288807,4
204642,5
231829,6
287857,2
124925,6
125163,3
165003,24
187385,8
32433,7
210197,1
179591,14
199442,3
140233,2
263095,2
136259,18
288535,6
8461,9
133865,7
267364,1
286251,30
172415,17
286213,3
120400,9
192197,6
231393,3
152214,10
101897,10
76279,6
126032,9
182153,12
198877,6
208861,4
210595,3
88740,7
169952,7
189585,6
125385,3
88754,7
123844,4
88756,12
6150,31
185731,3
191935,1
147092,6
212867,6
249984,3
977,10
205293,2
207321,2
188099,3
195893,4
87977,3
147655,1
201672,4
161100,4
812,37
186641,13
247572,3
107342,17
164437,5
192945,10
220546,1
178605,11
102138,8
207147,3
201174,2
157494,3
191087,15
150238,2
125425,2
173333,3
165187,3
192719,1
202185,2
162636,3
89703,17
249076,1
258093,5
170371,29
203294,1
184557,3
174465,11
121249,11
175489,6
183853,9
72045,16
175009,7
170461,11
172099,21
128902,8
107662,17
26908,31
86263,7
98911,7
161026,4
173149,7
197675,4
91284,6
70880,19
170609,13
169050,6
150226,3
225103,13
179325,25
238814,14
92252,9
263283,6
126975,28
145925,3
174827,6
146331,3
111578,6
173699,6
158904,16
5402,12
160812,4
59665,29
162898,5
215283,3
224987,2
147651,2
186043,3
197337,2
196515,2
102417,8
181935,4
168106,2
204538,10
132786,1
137242,2
226744,4
236197,2
82390,12
79136,12
85770,8
191421,8
195257,22
99906,37
47962,16
187679,3
107972,5
171403,6
59074,7
87417,13
209559,4
184113,7
199269,7
168792,21
235469,5
211155,5
256545,4
239000,3
281254,1
89104,10
213596,6
244940,1
107236,12
116789,9
91601,19
84258,7
140832,6
167200,2
269140,1
129248,18
2958,7
153901,20
230369,1
26526,5
101590,9
119798,11
138980,3
142108,2
193341,2
202043,5
215341,1
195369,4
146313,11
200270,11
225681,4
58274,18
187759,5
225387,13
196661,2
117454,3
66927,8
199758,1
192137,4
107516,19
166518,10
123939,13
128235,20
194466,3
111124,3
130079,3
228949,2
236017,3
177417,2
134802,12
132826,7
135234,2
268632,3
207740,3
279596,2
273749,2
92163,8
69332,5
107028,10
152543,5
195559,3
211257,3
155919,4
173859,12
170443,2
200768,28
277758,5
117750,4
182067,10
182263,6
239504,1
238340,1
110044,28
235107,8
120787,17
221000,6
183841,3
252016,9
146992,7
212585,15
221130,15
157759,2
277080,3
213928,1
143156,4
2980,17
208026,3
184887,4
223037,5
197365,13
195511,3
84455,17
197911,4
190605,3
207600,2
135236,3
199177,7
173605,8
126693,5
224905,4
25956,18
111411,15
47681,10
81316,25
123210,3
138790,3
144634,32
175211,5
217370,7
217937,1
207207,2
184901,6
150387,17
86837,14
78701,18
86231,16
174207,6
68349,11
110593,17
132386,6
8750,19
190709,9
126150,5
177105,10
91749,9
225812,4
78418,9
80258,21
124795,4
128213,3
128305,3
122795,6
8070,31
195507,3
166340,6
136690,2
133830,4
591,34
2254,9
222729,7
211540,21
200744,4
172735,17
139913,12
148717,2
163803,4
183649,7
269430,3
109479,2
80655,6
123973,2
179669,4
149984,2
224533,2
147441,33
156722,26
146716,8
278170,12
91058,2
163821,3
213415,1
99600,12
70891,7
194234,10
161298,7
71931,5
222268,6
124893,4
161564,8
278632,16
208307,2
182869,5
178711,7
214028,18
242214,2
260671,2
92457,6
152854,5
188007,6
154224,10
163807,18
160398,12
177325,3
188073,7
113800,3
143003,10
167422,9
207602,2
137190,4
133379,4
269770,3
132070,17
268530,1
139909,5
272523,1
161042,6
218913,20
45756,11
164123,6
186537,4
90199,11
8940,8
146932,4
186839,6
278482,2
168686,1
188533,6
187787,1
143613,1
146998,3
209129,1
213107,3
105628,8
201270,20
200310,2
160686,6
129460,6
99644,14
197937,1
213463,2
121785,6
196577,5
169854,16
217160,3
128948,4
140357,5
99570,5
105178,17
201282,5
196363,1
182049,6
186629,2
209107,3
54988,4
172749,2
211628,4
278352,9
201390,3
157929,1
181727,4
78488,2
278424,2
188261,6
32122,10
204928,1
177403,3
139014,6
268758,1
131736,1
135344,1
136096,1
289943,1
139573,1
98045,9
103633,1
202153,12
242246,9
246138,1
155401,8
81328,12
157627,5
259551,1
211081,7
191795,2
146032,4
121614,1
82007,19
103831,5
220918,2
141483,1
154140,2
165095,9
174813,8
124653,1
227785,1
164713,5
244982,2
220094,4
213141,1
175689,6
211456,4
106992,5
148816,2
100259,3
149588,9
136285,2
135198,12
159702,6
159710,3
252022,7
226490,1
183845,7
155022,1
107732,3
200786,1
162112,4
187941,7
199448,2
109786,7
192583,2
202007,2
243840,1
197801,10
198607,6
127665,8
168092,4
218533,3
162390,5
193651,3
184115,4
276647,3
49082,8
140990,6
56956,4
119814,1
179385,1
180369,2
158155,4
220554,2
74448,3
162146,2
193143,4
169846,2
276605,2
101329,1
123479,2
117551,4
192909,3
274681,1
262659,4
156966,4
244678,4
180151,10
31925,9
148390,1
253212,5
128534,10
101086,10
130548,2
181931,7
163058,1
195565,2
249136,12
240820,1
168676,2
158769,5
206048,2
208815,3
196775,6
271887,1
82635,12
169956,2
77189,11
269218,1
134451,3
266896,3
157913,2
154321,6
208395,2
169366,4
124887,6
147310,1
218779,2
72643,15
152075,3
201374,2
216747,6
38884,8
123661,2
146776,4
170905,4
177131,1
116758,9
71382,8
100294,1
137638,3
266846,1
277332,6
237744,2
113970,1
126791,9
140705,2
199782,10
205827,1
180437,19
158486,3
119637,7
210179,3
214306,3
217871,5
244274,1
65729,3
161612,2
120216,6
163831,1
156367,6
119051,5
101072,14
212467,1
143697,3
185809,4
246392,2
153879,16
216485,2
176719,1
160682,10
133331,6
266852,3
98211,3
186937,5
180323,6
186861,10
99946,5
198065,2
282853,2
286711,1
152769,8
176071,5
190529,3
137763,8
122671,6
118758,4
181103,2
211169,4
274243,2
202681,2
186467,8
198015,1
186213,9
131788,5
135370,1
287681,7
137280,7
161185,2
249436,1
181061,3
165357,10
144994,7
196249,7
202225,1
56888,5
208391,1
169426,7
167114,10
182051,12
90907,6
284873,1
196409,2
89714,10
246048,1
281408,1
173657,7
112802,2
289637,14
243632,2
170511,3
170519,1
87415,19
149568,8
151046,5
230805,2
184241,12
212200,2
133951,2
262263,2
267428,2
108930,7
230411,2
114694,15
199860,3
3356,1
198189,2
107669,2
26978,8
83260,6
109680,6
185193,7
144876,1
169650,3
187805,3
198117,3
142008,1
142923,7
161894,4
213858,1
211798,5
276529,4
185087,6
207275,2
263969,3
131928,2
62420,14
283333,4
87834,12
199814,2
199868,3
200340,7
143241,2
169162,3
97595,9
102672,11
199061,3
33940,4
128061,1
142044,3
176119,2
276831,1
257815,2
193491,5
220910,1
111749,7
124843,3
26058,18
220488,2
210527,1
237187,2
274597,7
215961,5
193187,5
100103,3
162894,1
197105,4
200912,9
167782,3
199808,3
120821,10
282591,3
157371,6
215033,5
250640,6
208717,2
176201,4
168684,1
202353,1
31638,8
102868,13
125009,4
127447,1
245118,1
152330,4
171913,4
282579,2
7330,27
123103,8
156577,5
115176,12
273567,1
150564,2
198531,6
216400,1
241544,1
199828,5
146860,1
277260,2
166992,2
173029,7
176771,1
190347,6
206137,6
217665,1
142264,5
208889,3
226324,1
170981,6
92046,12
161256,1
161020,1
206301,1
206099,2
187263,15
136325,2
269092,4
224152,5
8624,21
41212,12
139675,2
140765,5
227072,1
200470,3
123541,1
180767,3
161992,3
224875,1
182027,5
278614,7
191075,6
246976,1
173365,3
205028,4
245912,1
281410,1
142529,9
159147,4
111665,2
136102,1
141062,4
230565,2
72904,19
152370,9
156398,6
240368,2
221470,1
233621,1
149340,7
173797,6
266842,4
135151,3
137134,3
277414,14
105470,7
213497,4
201518,8
248480,5
116084,10
216153,5
156728,8
193531,4
220800,5
95672,13
165621,4
194879,1
250618,6
226600,4
190635,2
128413,3
102292,2
172987,2
84976,7
208092,2
215537,2
143005,7
143192,2
278550,1
260559,12
267130,3
156911,2
100264,13
261363,2
199498,2
191323,1
76163,4
232755,4
188809,10
215547,4
146726,3
240552,3
203721,2
218937,2
177777,3
165207,8
254390,3
213269,1
208973,1
215661,3
162812,4
160531,6
7350,8
177731,5
263045,2
96481,2
162902,1
166862,18
183051,4
241542,1
89941,11
230253,4
198123,6
203725,1
183247,7
102421,4
164961,3
201530,5
218083,6
169432,4
140741,3
140751,8
125299,3
145556,1
161226,3
276937,2
179675,5
243710,4
199081,9
262027,1
268144,2
134111,5
136048,6
288333,11
150140,12
192949,2
199818,2
205907,2
101341,4
126721,2
163012,2
120950,5
250244,1
284241,1
202249,2
185675,3
201394,11
202994,2
33974,12
93742,8
141020,1
143801,1
172927,16
183175,7
142979,6
223272,2
162200,1
204422,2
135384,9
277264,1
244310,4
199005,4
152021,1
201250,8
204608,3
191473,3
236277,2
129832,4
187641,9
184917,5
111599,4
230697,7
85552,7
249980,2
214632,4
177561,4
195997,2
127681,1
134900,2
158420,7
195917,2
206349,2
210747,3
259197,2
216123,1
176727,3
135995,9
5835,24
161756,3
156597,4
193373,12
233633,1
104721,10
215003,5
155631,11
259845,1
197797,19
200280,3
195391,19
123596,4
147855,5
147334,1
184343,2
168226,3
175463,6
132440,1
173601,6
185041,14
178591,2
193367,1
160912,2
276637,1
172677,8
289139,1
137612,5
137654,4
212691,4
248310,10
235327,1
144190,4
273385,1
70421,18
128766,2
177555,25
217419,2
8120,24
147607,18
195195,4
144974,4
153138,7
229777,3
116718,13
177143,2
240232,3
218055,7
249154,5
198597,4
126767,10
158821,6
140140,4
236127,1
238122,7
89270,2
168096,5
197291,3
132014,4
134168,12
115600,7
260473,1
183849,13
90748,9
2230,13
283471,3
208893,3
158328,5
196639,6
146008,2
148960,7
251416,6
283579,5
162324,7
168016,4
175599,2
158924,5
168002,10
229835,2
144710,10
216751,1
220108,2
150798,5
237248,2
213778,2
136395,5
136283,3
165075,15
165319,5
215603,2
253304,9
167146,5
121306,3
94772,7
164115,8
109638,16
147298,2
175527,12
184635,11
110657,4
176035,4
85616,10
147386,7
188813,2
276503,5
206178,1
208417,1
81954,6
273883,14
125041,3
222765,1
137875,2
112762,18
118874,6
130472,15
71216,8
220046,3
199420,1
199870,2
91425,26
182741,7
123491,1
172859,6
211734,3
218243,4
153598,3
129927,4
147216,15
258931,1
144484,2
245978,1
282087,3
195795,10
90064,8
280400,1
173081,11
177129,3
154846,6
171363,6
207728,1
207772,1
172627,2
185819,4
233293,3
217807,3
177291,3
135099,4
135677,10
215667,10
92760,14
237063,1
178953,4
271909,1
208118,2
169848,4
162752,3
162762,5
144896,3
198035,5
187277,5
159259,9
91766,8
282773,3
192405,2
197015,4
282855,1
129792,4
101104,15
153662,1
218241,4
87919,8
81806,4
90262,3
208569,2
222899,1
145082,14
154878,5
236291,5
251254,1
157795,3
200098,5
280428,2
131347,5
135901,1
131664,3
68271,16
205060,3
287833,3
191379,2
222579,2
185419,2
158250,22
185985,3
206236,1
128711,7
160392,2
162962,4
144858,17
159261,5
194554,4
192933,8
130622,10
223642,4
155711,11
231857,1
184827,2
183599,2
193285,5
263355,2
194760,4
190659,1
208713,4
232249,6
200592,2
212174,3
175333,3
240450,4
168104,6
171949,11
190173,7
197219,5
281920,1
140846,14
175175,19
118017,4
122573,8
152431,1
158153,7
168010,6
110235,10
204892,4
208088,1
212160,1
218163,1
79835,12
276643,3
163152,3
217621,2
137847,7
162914,3
154325,8
159085,7
147740,4
180677,2
85215,15
154134,3
217393,2
27234,3
274825,1
284525,2
239468,2
101666,5
108072,4
111689,8
124881,3
139515,8
141032,3
283143,2
201526,4
205543,1
190779,1
109273,7
79601,10
122472,4
137646,3
146206,10
202145,11
125648,5
143371,2
251118,2
163498,3
217957,3
164745,2
187795,1
127705,1
162052,1
2251,8
178535,5
172279,4
203014,1
232285,1
124643,9
143498,2
251436,7
195129,5
124535,6
175969,1
147787,2
133473,5
131974,1
263223,3
6004,25
116100,3
142889,1
235605,1
87685,9
148093,3
128616,5
206771,4
225107,4
273065,1
224851,4
197999,5
112621,7
176375,9
160078,1
229823,2
88959,7
165499,5
184953,2
205537,4
197111,3
280804,1
131769,10
138030,11
165307,4
130794,12
204684,6
225161,6
218271,5
146790,2
121300,8
147512,3
198643,2
151377,4
218337,3
220844,2
114715,7
110568,7
72001,9
162690,1
173311,2
214924,1
226278,1
187789,1
192211,5
195301,14
120809,3
122851,18
124440,2
145398,3
186081,7
121409,5
149330,6
95425,10
215579,3
207281,2
207792,1
209123,2
187661,2
124735,6
259053,14
77339,11
54341,20
142060,10
116106,3
259003,1
163430,3
74706,23
193027,9
221030,9
195267,11
148378,8
162860,10
212245,4
85863,9
26825,4
95794,9
200934,6
221900,2
240218,3
281910,3
98027,3
123583,1
257633,2
148087,3
237003,1
190845,5
91718,9
275507,3
171953,12
233499,1
290195,5
144654,11
265294,1
138522,1
131763,2
160624,2
277808,3
207139,10
245170,1
165073,3
204508,3
158476,2
111899,8
163042,3
88483,12
244848,2
180535,8
201418,2
182891,6
253322,15
145312,5
256359,2
146435,8
118091,14
244452,1
262665,4
161944,3
202221,2
277496,2
282189,1
125557,10
291775,1
219754,1
261919,1
280934,1
173555,3
193976,2
195585,5
179637,8
211962,3
143065,8
125203,5
276755,2
120290,10
123227,1
156595,7
205184,1
225756,5
215427,3
261443,1
198933,4
250088,3
157723,3
263945,3
265978,1
137918,1
123326,4
124767,8
238782,3
271206,1
157601,3
3170,7
227502,1
165311,1
179633,2
256105,1
198227,2
281594,4
128037,2
191591,1
193623,3
69195,2
82227,10
85889,2
117847,4
194076,7
124899,3
161052,3
289313,2
185741,6
135055,4
132206,1
266056,1
266960,1
160870,3
192887,1
210003,1
230325,2
149550,4
174227,3
82298,13
122019,3
173999,11
221566,6
236363,2
123242,2
258999,4
166914,2
143643,6
153106,5
179327,4
193369,5
122391,3
173047,5
116551,10
142815,1
176415,2
171085,5
59861,4
95830,6
103502,6
150550,6
194162,1
194176,3
227979,1
250340,2
185535,2
282723,1
186917,2
131361,2
268498,1
215891,5
167050,7
203807,3
216527,1
218221,1
112259,6
63692,5
204658,3
84125,9
187715,9
175413,3
165321,2
183925,6
260951,6
282061,1
171675,2
172983,2
132850,1
173509,1
77355,6
60229,7
100492,5
166030,4
223185,1
270606,2
133103,1
268352,1
272829,1
94727,9
125219,2
128057,4
171517,7
152095,5
219537,2
189371,4
195609,1
280096,2
165297,1
165385,1
165733,2
169876,2
159560,1
201835,2
120436,7
163322,1
215507,2
104837,4
129072,2
203433,2
70819,3
234135,4
280820,2
190409,4
279150,3
91610,3
159839,3
202773,2
289979,1
266434,1
134262,2
263317,6
137317,3
137309,2
177169,2
119774,2
180321,3
171427,4
268450,3
194746,3
116012,12
228511,8
211454,1
214488,1
91605,6
164861,3
125501,2
133345,11
128393,3
140119,1
64923,6
274621,1
177271,6
174373,3
271573,1
195395,2
133019,3
165377,4
183653,3
205965,1
121759,1
181985,8
261823,1
261947,1
188103,4
130898,2
185191,6
186769,4
168858,3
116564,7
125025,2
182881,1
164027,14
208297,2
280610,2
98456,1
99270,3
113981,1
194050,1
275449,2
193441,7
218089,1
232403,1
255609,1
263619,1
134497,1
136954,8
166177,2
269434,2
158836,1
149717,4
235233,1
262005,2
169852,4
161198,2
283049,2
190325,6
186921,1
153698,10
252920,2
176967,8
55434,2
194464,3
211193,3
160588,6
239174,1
149482,3
185239,2
158526,6
134467,1
137727,1
135420,7
200730,2
202741,2
238186,3
70948,15
284619,5
157591,4
206537,2
178753,4
149883,2
170977,6
194428,4
269876,2
68890,12
35853,12
173991,7
118712,1
160050,1
151230,10
96030,10
226482,2
227166,1
194180,7
254811,1
88171,8
280564,1
262511,2
214402,3
184829,18
175889,4
203389,8
229255,2
260963,4
271893,1
245616,3
177711,5
118177,8
129038,3
181571,2
194404,1
190959,2
185737,9
201458,2
209249,5
2277,8
210055,2
282197,1
130414,1
207235,2
212060,2
262999,1
149396,3
190163,4
215263,3
271315,1
110562,2
140964,2
252918,2
281040,1
162330,1
167884,3
259601,2
279400,1
214426,1
176973,5
126104,6
259909,7
134407,7
189789,1
266574,1
129915,3
186317,8
83439,7
277038,5
47135,20
52173,9
102090,8
215921,1
230837,2
175329,1
165305,5
165315,2
165399,1
168004,1
247734,3
278300,2
282741,2
202834,3
186281,3
196719,3
169682,1
129865,1
168318,1
115337,4
195351,7
234334,5
260301,2
140271,6
131393,3
229751,4
193611,4
162392,3
213439,4
92167,2
278596,1
241380,3
142945,7
173995,6
119035,1
164067,4
228003,1
286161,2
137473,6
262247,4
158007,24
128644,1
145474,9
170671,8
180969,1
184051,3
194442,5
272295,1
273789,2
170941,5
189707,2
247578,2
125976,9
91692,5
183543,5
169632,5
142464,1
288685,1
185903,5
283591,5
159841,2
288585,4
246616,1
131254,8
182697,4
234691,2
179727,4
166161,4
31750,11
143067,4
190295,1
235307,1
261907,1
88001,2
284239,2
165403,1
162788,2
277766,4
183405,5
202263,4
228261,3
179317,3
112485,11
141122,1
153190,6
173045,4
165137,5
192667,1
190577,1
103292,2
167586,2
202539,2
191281,1
206139,2
174823,6
177539,1
237282,1
256077,2
97855,3
112776,3
139681,1
132198,2
134429,3
195883,1
126787,3
223009,1
207107,1
209297,4
186751,5
199163,4
113227,8
288993,1
179377,4
171269,3
183583,2
60240,7
201204,1
178051,4
179363,5
212533,2
213323,2
254889,3
261341,2
220516,10
242896,8
260843,3
203419,5
140046,4
137658,3
282235,2
198737,5
271873,1
83831,3
179627,2
144178,2
198881,2
171773,2
210967,3
172387,3
140781,1
148548,1
122110,14
231307,7
25884,10
65352,8
68177,1
112204,1
200236,2
184459,2
194528,7
268934,1
132317,2
193659,2
208681,2
222599,5
157375,8
167940,3
108250,2
49985,13
206729,2
217252,1
224789,8
282387,2
123665,3
186319,7
203240,4
215207,1
218139,2
213994,10
241932,3
130968,2
137236,7
174139,1
129996,1
154108,1
285771,1
244664,2
252716,1
214674,4
227839,8
84296,7
160654,4
241672,3
290912,1
208457,3
258655,2
136830,5
176665,4
252404,2
216356,3
223019,1
111716,7
177713,9
179509,17
211071,1
274743,1
174725,1
179553,3
179631,2
71363,4
244346,1
147621,4
122445,2
3193,6
117316,3
128401,1
142048,1
113176,3
255635,1
192061,2
65277,1
81123,2
101402,6
141978,5
258835,4
218411,2
123695,1
133071,4
137881,1
138072,3
155153,6
222419,3
216799,2
66252,19
218761,1
102180,6
164743,11
195149,14
190147,7
77776,3
270584,1
174155,9
199514,4
120881,7
146954,2
196985,3
99517,2
112663,2
194434,1
252588,3
216545,3
185197,3
180295,4
189751,1
225111,2
173849,3
186899,3
207916,1
32230,11
161802,8
31606,8
208891,1
216047,1
88321,11
151491,2
228403,2
179573,1
140375,4
213121,3
273099,5
180495,3
284637,3
280904,3
126809,5
154128,5
173033,4
133659,1
219358,2
233069,1
281000,1
211994,2
232291,6
196357,7
85378,5
292165,2
131072,4
125870,2
202761,3
106729,10
166233,9
267464,2
285269,2
289015,1
140064,2
137930,2
162364,3
188527,7
161824,2
150744,2
125423,1
89485,10
150403,1
70492,7
129814,2
172787,4
165739,3
141733,4
166377,1
191579,4
262007,1
142681,2
210341,1
164985,3
218007,3
157923,5
110629,2
194460,1
261111,1
230395,1
180251,6
257413,7
265090,1
225489,2
185205,3
171383,8
199904,6
155040,1
222711,2
177355,2
262963,2
233935,7
235069,2
221052,3
218247,2
162976,2
171619,1
291445,1
167960,3
106080,3
119836,3
193225,1
162530,3
186583,2
277384,1
63810,3
89794,9
129881,1
184699,3
194877,3
132321,2
223342,2
152101,5
64704,4
82911,11
121053,2
214390,2
261819,1
162338,4
287525,1
205116,1
165303,2
168028,4
179515,1
197393,7
275831,3
190557,14
282509,2
150224,1
188593,3
256151,3
149564,5
169610,5
89365,2
76736,4
128964,3
104961,2
114087,1
115254,1
159201,1
282879,5
219529,10
122189,1
189827,3
205871,2
117502,2
284099,1
183723,9
203423,2
179307,3
173179,3
277482,3
125872,6
8802,11
104451,2
189715,4
200748,7
204360,3
103557,3
140100,2
205018,4
166219,2
104839,2
171301,6
111358,2
124296,10
172933,1
74547,7
130132,1
142809,1
198863,2
144008,2
192019,3
184659,8
89532,9
92726,6
105366,3
190035,5
199047,2
108601,15
201650,1
132368,1
262249,1
263271,1
134977,1
266904,3
262935,2
172981,3
165985,8
92522,6
209773,3
220154,1
215049,2
84987,11
87336,5
171527,5
98004,4
283337,2
289653,1
168124,11
98613,1
209669,2
162998,5
183141,4
206020,2
190479,1
136188,6
288015,1
165177,6
197359,6
271677,7
281332,4
91246,5
223015,3
175707,4
240388,1
241044,1
149770,5
219958,2
162868,9
121887,2
205699,5
191891,1
271264,3
93520,15
104625,2
115078,1
138608,4
161153,2
152310,1
251864,1
262425,3
267292,6
172145,7
124811,3
119625,5
87016,10
208789,1
278142,2
186797,6
196287,7
163967,3
247316,1
33608,6
281264,1
287679,1
167798,1
101200,3
129834,4
113739,1
90963,8
70204,3
79335,2
161454,3
212301,1
239188,4
257215,1
171713,1
95012,3
131429,6
262779,2
136040,1
214474,4
211806,9
236355,1
218793,2
261663,1
261817,1
203248,7
196105,2
179525,2
289937,1
247302,2
281326,3
169622,5
174137,1
118780,1
128403,1
129689,1
207686,2
152177,6
65633,6
65780,3
68576,2
92025,2
104563,8
129407,3
78360,7
287411,5
240490,2
198895,3
288433,2
158898,5
136423,9
171509,2
170593,3
130344,2
123240,2
188567,3
180905,2
252840,1
71738,21
243074,4
151489,6
188131,7
205024,1
166231,4
179519,1
179529,2
149404,3
261243,2
155493,1
164693,1
252182,2
25809,6
160102,3
182389,3
145598,6
235005,3
221935,4
206119,2
206127,2
185229,5
124727,4
183685,5
215803,3
131126,11
273145,1
43624,8
150090,4
277298,1
209247,1
27081,9
121257,8
209103,2
286571,1
147605,5
173713,4
101446,5
283409,3
285803,10
211894,4
161524,1
128770,1
148116,2
182411,3
249356,3
288197,1
224204,3
194082,8
205172,2
108076,3
134417,1
120386,1
130342,2
282215,1
236375,1
260643,2
181971,15
184067,9
253950,1
149776,3
78583,4
87971,10
164723,4
273633,1
87950,2
134437,2
223189,2
78366,2
110845,3
116116,2
194156,1
194326,1
194422,2
197571,4
206819,3
209717,2
279380,3
194845,8
202147,3
136840,2
267068,2
208837,1
119303,3
186403,7
214404,3
117702,2
125001,7
84890,6
228347,1
147823,3
240242,1
250636,6
172755,12
130378,3
167566,1
278070,6
126223,1
130872,5
149136,2
202179,4
64517,4
78416,6
98803,6
99276,9
182771,3
134481,1
204270,2
219862,8
154624,6
158068,2
227865,1
253294,5
126761,3
175557,5
281008,4
178577,1
251752,2
98469,11
208741,1
102436,2
124807,1
201799,1
198613,3
123278,1
165913,2
139393,1
148308,2
149868,4
204470,3
154844,3
196411,2
226806,2
130750,2
168538,1
280230,2
116716,5
122968,2
184177,5
104132,8
143575,4
291829,4
166576,2
292507,3
205507,1
177947,5
178983,3
185909,1
270592,1
268822,1
265308,1
267410,3
266466,6
254132,3
153114,3
154254,1
267686,1
194550,5
166866,6
209647,5
120224,3
220268,1
275495,1
105181,15
214928,1
127325,1
154488,6
225265,1
104464,3
91624,3
159319,3
219792,2
206869,5
229615,2
88580,11
185735,1
161534,4
187767,4
212196,4
181509,1
200506,2
268926,4
265452,2
148590,1
154196,8
171047,7
276829,7
145722,2
203627,2
37949,4
173645,5
194736,2
286669,1
247326,3
148930,4
236475,1
184443,3
190513,1
146864,2
167808,2
217009,2
125197,2
175003,1
234522,2
200636,1
129478,2
218289,2
121713,4
123737,2
133297,2
91933,2
212963,6
225503,3
231561,1
195191,3
283281,2
164001,6
252884,1
188413,4
251448,1
254420,1
259667,2
276089,10
234847,1
191009,2
166888,2
176709,1
122397,1
264514,3
270930,1
263687,6
132739,5
243560,1
153318,1
153981,1
154894,3
178609,3
178569,2
107632,4
234831,1
169360,3
249384,1
212056,2
250334,5
149434,3
164657,2
220836,1
190143,2
141862,5
100365,12
125245,4
167080,5
177873,3
183475,3
191727,3
267522,1
138656,2
137226,3
288931,3
153224,3
153232,2
153857,3
154864,5
122127,2
113354,4
255135,2
289071,1
145980,3
278058,2
287235,1
168588,3
281888,1
176847,10
248922,1
214052,1
139233,2
168874,3
286949,1
157771,7
263373,7
265814,2
154420,1
186627,3
181311,4
110157,1
157045,4
245630,5
279042,1
243622,1
178695,1
210281,4
282781,1
164306,3
282661,1
180501,1
196865,4
288493,3
134507,1
87702,7
91586,5
97724,17
153208,8
153262,1
154668,2
154856,2
280674,1
208651,5
125267,4
178561,2
275837,1
280848,2
281404,1
286875,1
225547,2
124889,10
161556,6
211878,2
171369,2
196483,2
267480,2
133243,2
268834,1
158416,6
181307,4
159313,7
221702,7
178129,4
203621,3
148002,1
273661,3
287201,1
184373,1
190879,5
229447,1
173653,1
159048,1
205851,2
159135,1
167340,3
241608,1
160826,2
208611,3
285937,13
287147,1
104352,2
143888,1
191801,1
238224,1
131282,1
265616,10
137074,3
136714,1
234558,1
153068,3
154502,1
181359,3
143861,5
131753,8
173825,2
116235,2
222207,2
276895,3
168624,5
241548,1
276099,1
160259,2
218255,4
180305,3
196729,3
169698,4
88448,4
204876,2
232135,5
139253,2
141438,3
143223,2
198925,1
132114,4
154362,3
180679,2
138662,6
219615,2
236237,1
269804,1
279284,1
240418,3
273767,1
99251,5
173617,3
207806,4
232585,1
192985,2
159389,3
279010,1
97283,12
163593,2
203717,1
149656,4
131409,3
136038,6
143595,5
255519,1
256051,1
181191,1
129677,1
182999,3
266000,1
255653,2
270534,1
238218,2
221264,1
173679,2
173683,3
151679,2
209945,5
196273,1
283023,1
280246,1
58269,3
288865,2
180307,2
129443,1
175713,2
209403,2
271371,1
182845,4
271008,1
131359,5
262531,1
226936,1
158657,4
125311,9
272659,5
290111,1
148392,4
150104,1
116606,2
198565,1
215971,1
177435,2
252928,1
143464,12
219308,1
177655,2
243828,2
284661,1
288067,1
267396,3
267662,2
270034,4
153460,3
153973,2
154836,3
232627,2
161938,3
83603,3
245208,1
184911,1
277980,1
102156,1
182015,8
282225,1
124903,1
189925,3
119665,3
280050,2
196983,1
184145,1
214180,1
117509,2
138660,2
201142,2
153310,2
154258,3
5536,18
118796,3
206821,4
206097,3
204204,2
209653,2
141207,2
164316,2
166001,1
270428,1
270430,1
255283,4
219250,2
188917,7
286167,1
144666,1
279514,2
278750,4
286015,5
154755,2
172919,9
228695,1
190777,1
194889,1
133315,4
133919,2
262381,2
154530,2
154558,6
181389,2
168532,5
87497,1
276413,1
166316,1
156551,11
270356,2
168450,3
169790,2
184963,4
152226,1
186577,3
202041,2
179807,1
267152,2
137731,1
137998,1
267620,2
197395,9
175951,3
193117,3
181763,2
222885,2
197541,3
225577,3
120102,4
213307,5
145124,1
189851,5
122976,1
282779,3
261851,3
253482,2
108699,5
125589,4
178193,1
186621,3
193681,4
133909,3
264390,1
218157,1
189807,1
245800,1
173319,1
280894,7
246086,1
183003,3
144780,2
275493,1
278004,2
159183,4
256693,1
176125,16
217975,5
78651,6
173689,1
191907,4
165229,5
124504,1
287563,1
281822,1
278410,1
197497,2
237898,2
277190,2
206046,1
195643,5
125051,4
142699,1
147014,2
175045,1
201006,1
169346,2
260591,4
132302,3
253900,4
130105,1
122980,3
31258,5
277046,1
285943,1
217174,5
145676,1
213642,1
220550,4
155515,2
214792,3
169662,3
164679,3
170739,5
168804,5
124917,1
117458,1
276041,1
122222,4
191635,1
192039,3
118818,1
160513,1
172269,3
186859,2
191091,3
198555,4
136439,4
224210,2
126945,4
213377,1
207932,1
120128,8
285115,1
225645,4
247094,1
129003,2
206921,3
204444,2
160245,1
163675,3
207900,2
240568,1
141777,2
149836,3
178761,1
186407,2
266576,2
153242,4
154802,6
154842,2
213381,3
159073,7
181381,3
200546,4
92652,9
274691,1
145092,3
230893,2
187771,5
229291,2
225639,2
225683,1
140395,2
159119,2
100653,2
226532,3
114676,5
166603,6
168816,3
180009,2
186845,2
191111,1
197263,1
262997,1
158376,7
131720,5
161662,7
150038,2
154498,1
213986,3
162940,2
169542,3
123530,6
119623,1
116809,6
157415,1
254740,1
278230,1
228161,2
254951,1
66979,12
173603,3
174245,4
218589,8
241182,1
177755,6
285143,1
163366,2
256267,1
166536,11
91213,3
92124,5
107350,13
164338,2
149654,2
270726,1
234835,6
158058,2
47561,10
291735,2
189961,5
239522,1
181945,8
98032,2
217921,2
221518,1
148646,4
225605,3
210069,3
122833,4
159988,5
275819,6
159749,4
201158,3
153390,2
153853,1
154408,1
148814,3
165755,3
216509,10
146972,2
235763,1
290107,1
254530,1
33573,5
223916,5
173681,5
217226,2
274295,8
224755,1
159620,2
209763,2
148264,1
263389,1
189113,2
201506,2
253196,3
179651,1
175997,7
214490,2
193113,4
207644,9
123707,1
157763,2
178559,1
124111,1
182619,7
268818,1
213365,1
214082,2
182317,1
196291,3
201018,1
250352,2
201510,4
120621,5
189895,2
195211,1
280022,11
139978,12
289667,1
138110,2
131978,1
153058,3
153148,2
153622,1
153704,2
162018,1
181395,1
181397,1
175371,10
123151,2
281960,1
175457,5
244828,1
200726,5
159241,5
140014,2
230881,1
251760,1
272161,2
151547,10
120416,3
152157,2
181743,3
186625,1
195495,4
199087,2
133800,4
134581,3
267324,4
270846,2
203906,4
152318,1
153280,2
154007,1
154560,2
267360,2
78222,11
198557,1
174261,3
170833,3
206535,4
282463,2
121695,1
112774,3
260159,1
219466,2
172485,10
141745,2
166326,2
197251,2
242088,1
166556,2
109833,6
267136,4
141888,3
153140,3
153292,2
153416,3
231263,10
181387,1
190447,4
238728,1
147114,1
212729,3
160386,2
97538,6
154284,3
281324,1
241600,2
148361,2
240156,1
151517,1
157579,1
164119,2
187113,3
189887,8
191927,2
201150,1
103294,2
138106,1
264888,1
266042,1
265276,2
157827,6
129526,5
136896,4
153338,3
154618,5
247506,1
144742,4
175715,4
234641,1
281154,1
209939,1
213267,1
274575,1
280388,1
177353,2
124346,3
283743,1
250976,1
225992,2
172613,7
236225,3
92240,7
142164,4
150718,3
179227,2
195013,3
201468,1
253802,1
286993,1
267378,1
136780,3
267632,1
154005,1
222211,2
116181,9
231449,1
139291,3
238266,2
277734,1
287205,1
171419,4
276485,1
176861,10
249960,1
206957,9
174309,2
202167,2
278642,2
272617,1
287149,1
201238,5
130852,3
190903,3
210941,3
240520,1
201883,2
202403,3
283411,1
226080,2
137529,1
134745,6
81770,4
158086,2
118220,2
231447,1
155183,6
173661,4
173525,6
291785,1
80193,1
188957,1
273857,1
80967,7
197665,2
126112,6
143391,4
152567,4
175339,3
178135,1
240488,3
138140,1
150072,4
153334,1
153442,2
154011,6
178315,2
235861,2
84334,2
162994,4
282465,2
161520,1
164526,1
78873,1
58641,4
158721,5
141286,1
203052,4
180159,3
191853,2
197259,3
182757,1
139289,1
152763,1
159942,7
175095,1
281148,1
131324,1
288657,1
204000,2
118352,2
285767,2
88801,3
223590,1
260785,1
193717,1
179895,2
258223,2
289819,3
226622,4
259255,1
124192,2
106822,5
125115,3
141678,1
178597,2
217835,1
127343,1
141124,5
259535,1
270626,2
245762,3
246986,1
279460,1
236165,2
195125,7
170030,5
178499,4
178539,1
242134,1
108888,4
132812,2
107297,5
219844,2
278560,1
103731,4
186087,4
200896,2
89023,3
100330,2
152149,3
158380,6
199768,1
270546,1
192195,3
225585,4
243368,2
177549,9
176655,2
155348,2
123401,3
237252,1
288045,2
175035,1
94670,2
145751,5
176995,2
164069,3
175819,7
271166,1
123512,1
230853,6
162220,2
243418,1
265426,1
270518,1
137351,5
175845,2
290099,1
152561,2
58120,3
97146,1
100534,2
170767,1
284403,1
163709,2
273671,3
208637,1
169580,1
210253,1
189259,2
218611,4
60234,2
266436,1
267586,1
288347,3
128301,6
80742,4
143454,3
266468,1
274829,1
227803,1
277458,1
283861,6
233663,1
185465,2
195469,2
210947,1
248592,2
291385,2
253208,1
281398,3
278554,1
265574,1
288133,2
233609,1
186133,1
112361,5
193179,1
222865,1
249350,2
140369,2
212751,3
143789,5
205739,1
258201,1
274089,1
206433,2
233865,1
265008,1
268972,2
208413,10
182223,6
175137,1
215999,1
281896,5
251398,3
141966,1
208945,2
244738,1
215765,1
207714,1
126329,3
275335,1
265546,2
131816,8
218627,1
228933,2
157799,1
157817,2
171597,4
99939,3
100415,2
122944,1
140313,5
219649,1
260851,3
226778,2
184489,3
169516,5
203635,6
212725,2
145704,2
146914,2
122831,1
243372,1
264380,1
186131,1
186137,1
194652,4
273013,4
98385,2
286493,1
182187,3
166621,6
243482,2
182493,3
185043,2
188391,2
233087,2
168848,1
229461,2
203030,1
225327,1
282743,1
156848,2
159199,4
175223,1
240290,1
251914,1
268748,1
148458,6
288941,2
125109,2
212213,1
135573,3
200976,1
114593,4
213618,2
285825,1
212721,1
222881,3
108050,6
97026,2
279068,2
257975,5
200900,3
167256,1
229647,1
282653,1
277474,1
218771,3
169512,5
274237,1
148182,1
192695,4
288131,2
291381,1
283253,1
236663,1
288567,1
136044,2
290533,3
166314,2
186115,1
86077,1
206779,1
212042,5
251920,1
277438,1
192707,3
144088,4
214932,3
220502,1
138692,1
209731,2
238034,1
191205,1
273659,2
228451,2
279458,2
212028,2
286249,2
113306,2
236227,4
186089,2
183331,8
169010,1
90355,3
287185,5
93450,2
233803,1
272879,1
215903,2
128713,1
172025,1
189261,1
178611,1
191677,4
273475,1
125858,8
203459,1
191329,3
80719,6
97151,2
105448,4
270552,3
177175,1
216273,4
162240,4
226952,1
143623,2
292595,1
264500,3
266794,2
135246,6
158306,4
200882,3
211718,3
281296,1
203701,3
98617,1
258877,2
273103,3
247174,2
200476,3
156567,11
291373,1
214973,1
288627,2
265096,1
266876,2
267626,1
228925,2
176159,4
237614,1
146342,4
120240,4
190431,5
177459,1
245750,2
171989,1
139197,2
264219,1
267048,1
196213,5
209155,2
228937,4
217083,5
141795,7
289731,2
279808,1
235807,2
225021,5
272017,2
249524,1
212148,1
117903,3
186179,2
200962,2
188421,2
204520,4
125435,2
92380,3
116165,4
191125,7
188223,1
241428,2
189273,2
210293,1
212723,2
217681,3
180213,1
142344,2
284753,1
290868,2
277132,1
244074,3
131188,1
262339,2
200894,1
84768,3
116917,1
199936,2
184969,1
247360,2
235549,1
199590,2
226732,4
236367,2
192229,1
284971,1
205980,1
105408,3
193727,1
287529,1
158090,7
288243,2
268458,1
200966,3
94148,2
218763,1
181587,7
176793,1
126018,8
189843,2
200060,4
263719,1
198059,1
150346,4
214182,1
223406,1
267826,1
192605,1
275679,2
169990,3
174019,1
277524,1
177317,1
210491,1
179047,1
285643,1
185943,2
190865,6
232907,2
254334,1
209943,2
269252,3
268556,4
272601,5
93437,4
96225,3
284931,2
187179,4
277542,1
222372,1
121845,2
193431,2
278678,2
168502,7
237466,1
291026,2
153760,1
233003,4
263351,2
182899,2
135993,4
186101,2
179349,4
242280,2
281618,3
240986,2
96056,5
272345,1
192767,4
155998,3
136662,6
248740,1
185015,3
155326,1
98387,4
190893,3
134937,4
276221,3
176241,5
217178,5
163707,1
225201,2
178537,3
120204,1
133618,3
161952,1
281076,3
125215,1
243836,4
154990,2
157320,1
140922,2
226082,3
280956,1
89990,2
93669,2
191197,1
261421,1
169082,5
230465,2
218295,1
212633,2
250900,1
173239,2
251358,1
285101,3
175447,10
155241,1
186117,2
102967,6
222382,3
166711,3
140317,2
157357,2
210799,3
244574,1
252456,1
190911,2
242278,2
233639,3
246342,1
260853,5
168202,5
157943,3
159413,4
231959,2
282537,2
221174,2
228633,2
134789,3
88576,8
274811,2
217927,4
173171,3
199181,4
182483,9
124583,1
262753,1
183929,2
281300,3
116787,5
114595,1
164031,3
196737,4
191085,1
130144,2
162854,1
144020,2
214410,1
147976,2
243414,2
267052,1
203465,2
130986,4
285853,2
112253,2
260991,1
190913,2
172049,2
172053,2
212787,1
256217,1
127035,7
225325,1
226934,1
274507,3
216807,1
161854,3
231325,1
273715,1
180809,1
80352,4
272707,2
289519,1
148902,4
213317,2
193515,3
176441,1
193063,5
88742,2
202279,1
227967,3
161438,2
232371,2
195791,1
165253,3
271569,1
215149,2
194022,3
155954,1
178075,6
213708,3
223972,1
276841,3
168158,1
195789,1
120893,1
227929,1
168436,4
132900,3
199135,5
122256,3
194040,2
290665,3
217077,1
161270,6
107155,3
145012,1
161550,4
195411,6
137427,1
165667,3
197683,3
252352,1
99699,4
229227,1
146634,4
165625,4
155963,1
169830,1
225427,2
270926,1
169450,2
280446,2
181589,2
282051,2
181197,3
187361,4
214080,1
252076,1
280864,2
189823,4
182215,6
182217,6
154931,1
239094,1
279388,1
234603,2
290571,2
214552,3
229645,1
287135,1
183169,3
234352,1
198807,3
281972,1
230035,2
280966,1
206244,1
182195,5
217943,1
275437,1
231501,1
276855,1
223496,2
227252,1
117624,2
116925,3
121985,3
189629,1
196871,4
215273,1
230015,4
138562,1
269316,1
261761,2
226022,4
129512,3
203611,1
201610,2
283287,1
236727,2
176955,1
291697,2
246050,1
130178,2
253512,1
217881,3
281070,1
209073,2
290579,2
230799,1
159807,6
223536,2
170797,4
182253,5
288349,1
177139,3
173923,2
194226,2
261555,2
220658,1
243210,1
252636,1
96601,1
113198,1
99446,1
106405,6
164629,3
83972,3
201336,2
276761,2
266040,1
194572,1
229359,1
271623,6
125910,4
128750,3
193529,2
119766,2
281084,2
225477,7
239666,1
264886,1
242388,1
134971,7
271973,2
283237,1
187425,1
111752,3
209139,2
228471,1
286971,1
270994,1
255185,1
280286,2
122339,3
257641,1
277760,1
178109,3
92520,2
189999,1
158406,2
248834,1
174251,1
192651,6
163773,4
135949,3
268910,2
193301,1
289477,1
292755,1
151281,8
212124,1
281944,1
198209,3
278258,3
223528,2
281312,1
174817,3
261793,2
191913,1
249408,1
119135,3
163468,5
227981,4
276909,2
260343,2
194378,1
201568,3
107752,3
155380,3
258117,1
119772,1
287799,1
283057,1
253874,1
282769,1
282093,1
186395,2
253624,2
173793,5
266408,2
157310,3
208146,1
92270,12
286135,1
169374,1
159618,1
206791,1
198439,5
286649,1
274417,1
248232,2
276077,1
285537,1
155505,4
147039,2
116173,3
213754,2
124579,2
168440,3
163256,1
144626,11
130089,3
137787,3
225541,3
109559,2
233647,1
254616,1
197479,1
159646,5
228177,3
283681,3
182221,4
236137,1
192817,3
138728,1
288857,5
281310,3
193811,2
102297,1
213748,1
226798,1
125271,3
146548,2
121731,1
180517,1
213956,2
144718,7
143297,3
184939,2
166709,3
150144,3
213722,2
285971,1
192751,2
224899,1
145706,1
109796,4
126955,10
144828,2
213732,3
222410,4
278088,1
221540,2
281396,1
227172,1
117736,3
224729,3
174165,1
56513,1
226984,1
242258,4
170231,2
203358,3
198445,4
280314,3
191485,4
180141,1
241482,1
212543,3
232351,2
169468,2
143321,2
247498,1
174101,1
249346,1
237758,1
289523,1
253184,1
201578,3
159417,2
212008,2
213726,2
222087,1
155378,2
244742,2
241792,1
151599,5
265716,1
125173,7
134071,6
264335,1
219738,2
280330,1
282287,1
80230,2
259935,2
291685,1
124013,2
220140,2
144864,1
145674,1
185045,2
257075,1
246600,1
218797,2
276669,1
194518,4
286665,1
110880,2
248760,1
182241,6
266358,1
289241,1
172815,4
184513,4
276437,1
31945,1
164497,3
216253,3
97765,5
231817,1
242940,2
198195,1
211039,1
260699,1
194204,2
152765,1
244864,1
225081,1
121527,2
219996,1
283431,1
276275,1
228313,2
207976,2
290473,1
188483,2
246512,6
277660,1
275859,1
262667,3
269588,1
182849,1
272271,4
271871,1
236607,1
219047,1
282771,1
283711,1
189507,1
126438,1
195837,5
215115,2
252390,2
243742,3
204130,5
185779,2
184385,2
222585,2
253186,1
213279,2
283369,1
278012,1
284107,2
216785,2
193387,2
174175,2
200026,3
267688,2
289557,1
159067,2
222763,2
219998,2
213001,2
156665,1
248864,3
89329,5
116555,1
215869,2
132804,3
291737,2
124979,1
125397,2
144017,2
183261,4
160223,4
110441,2
268558,1
267392,1
6758,2
214510,4
198705,6
253188,1
209381,2
171257,1
140729,4
102158,3
187333,1
201572,3
210815,5
231091,3
116203,1
186385,3
180133,4
119214,5
226696,1
279332,1
220988,1
182769,2
228599,1
158998,3
196429,2
290427,1
197097,2
244786,1
285011,1
188869,1
287041,1
284493,1
230569,5
231141,1
273011,1
288855,1
168336,1
173983,3
249318,2
257949,1
289567,1
204104,2
193159,1
209171,1
252852,2
172673,1
162062,4
180405,3
156412,5
185893,1
254010,1
123485,4
210647,2
292607,1
202844,1
154015,3
82358,2
290649,1
216683,1
215257,1
175933,2
287589,2
266668,1
269130,2
192337,1
208691,1
169576,1
186771,1
169772,2
269984,1
178915,1
133669,1
192371,3
171421,2
192717,3
282941,1
238352,2
279398,4
282707,1
225487,4
124093,3
263131,1
244342,1
94573,4
261517,1
247840,2
230467,1
130712,1
253376,3
291699,1
215103,1
194791,1
186371,1
292535,1
175347,7
253394,4
222709,1
157451,3
285023,2
176367,2
184321,2
140501,3
199770,4
270734,1
287447,1
169778,3
203174,2
172821,2
191645,2
176369,1
198455,1
185497,2
171487,3
126028,6
257889,1
195989,1
264892,1
222875,1
155513,1
259357,1
136842,2
170719,5
287059,1
225980,1
287791,1
291348,1
268188,2
241806,3
202731,3
208487,2
228815,5
155611,1
179069,2
270838,1
266902,1
159167,2
152276,3
194494,2
243874,3
278068,1
207397,1
291357,1
160972,1
292427,1
269558,3
277334,5
176027,1
146321,2
226854,1
280344,1
117618,3
179707,2
249166,1
243274,1
182033,5
184167,5
141808,4
159337,2
131068,1
280492,3
252750,1
215185,1
257567,1
257573,1
265456,1
179041,4
183687,1
196089,1
254680,2
215407,2
218915,3
34426,5
149362,2
184597,5
220424,1
267676,3
170341,1
276827,1
196579,1
178009,2
178349,1
134761,2
195549,1
290391,2
253392,3
221112,1
284521,1
200960,1
168998,4
285581,4
194552,4
261113,3
96717,3
175885,5
172857,2
189727,3
290717,1
194869,1
251306,2
240774,1
171935,1
261525,1
292603,1
259847,1
231257,1
285795,1
252412,1
290163,2
190093,2
127162,3
148408,4
196603,2
288413,2
270030,1
136509,2
266200,1
186417,2
189023,1
174945,1
226512,2
260583,1
154719,1
175855,2
161906,2
186811,5
266176,1
87843,3
102039,5
151325,2
185825,2
166874,5
239878,2
188373,5
241134,1
222451,3
235445,1
137572,2
272549,1
203314,1
161194,2
250904,2
153492,2
143666,3
225063,1
287015,1
290097,1
219362,1
224599,1
190935,2
208176,2
172533,4
267778,2
268894,1
245312,2
283755,1
184323,2
139359,2
189375,3
160702,2
161712,4
265164,1
243892,3
231321,1
182169,5
161724,2
280844,3
241530,1
246110,1
284177,2
140241,3
199127,2
187739,2
290733,1
285253,1
207684,2
263887,1
261697,1
230223,1
234265,1
287049,1
159345,2
120378,1
287479,1
221574,1
186605,5
178191,1
123537,4
187103,2
252882,2
230603,1
113701,1
234833,2
175917,2
179257,1
196197,1
199209,3
222390,1
256291,1
282987,1
143661,1
181799,6
150792,2
181815,5
289157,1
225259,1
258017,2
71158,3
285799,1
238768,1
186581,6
204674,1
186233,2
262347,1
186941,4
246848,2
253086,1
152069,2
285769,1
290237,1
110517,1
253722,1
289161,1
274047,1
259097,1
100655,1
192435,2
284497,1
228305,2
275423,1
171721,3
277848,1
223596,1
211145,1
137533,1
215351,1
287455,2
172147,1
167928,1
213808,2
200048,2
244654,1
275343,1
273353,1
183265,3
198883,5
234105,1
176291,3
177973,1
178025,2
186377,1
192295,1
195667,1
261565,1
220768,1
277044,1
224411,2
219476,1
282297,1
205431,2
212170,2
184617,1
198841,1
275851,1
276469,1
172855,1
192827,1
199109,3
184055,1
266316,4
197161,1
285003,1
201118,2
210297,2
220386,2
179829,3
179841,1
289029,3
27291,2
130742,1
215097,1
203801,4
183305,4
268258,1
135923,3
171709,3
239856,1
279690,3
280298,1
245462,2
217933,1
157506,3
176839,1
174049,3
276575,1
228195,2
270384,1
275683,3
251200,1
194506,2
270218,2
227486,5
175801,4
259011,1
289781,1
72512,2
82368,3
100465,1
123925,1
125283,3
130261,2
140094,1
144108,1
156235,1
156919,3
160936,1
165821,2
189793,1
193053,1
203583,1
204298,2
207169,4
217246,1
144888,2
212122,1
207964,1
221916,1
271034,1
237656,1
286291,1
270650,2
275847,1
130408,1
158512,3
175703,1
106342,3
120434,2
128279,2
146840,2
158699,1
166814,2
171009,2
187975,3
188319,3
203669,3
204086,1
209325,2
210983,1
248004,1
256773,1
285649,1
175835,2
138863,2
140002,2
117954,1
123522,1
127577,2
142650,1
149470,2
163893,3
170607,1
204488,1
211327,1
275661,3
283683,1
285919,1
134174,2
267836,2
277812,2
87564,1
147998,1
148739,1
164035,4
226266,1
124410,1
129699,2
151117,1
152729,1
168078,2
168236,1
174461,1
181667,2
188267,5
198585,1
202733,2
207650,3
208493,2
185751,2
102544,2
220606,1
251718,1
204612,2
232431,2
156942,2
270514,2
137232,1
85618,2
117561,1
125325,2
142899,2
144110,1
157903,1
166926,2
182725,2
186029,1
188987,1
203485,2
204882,1
205052,4
207251,1
208363,2
210757,2
181549,1
284169,1
220824,1
130296,2
145498,1
162372,1
171841,1
193047,1
210439,1
211782,1
215409,1
193839,2
163326,1
183483,1
205331,1
289759,1
193557,1
96769,1
176467,2
131852,3
133443,1
207253,2
122756,5
124999,1
240922,1
286727,1
110354,1
89425,4
115673,1
115791,1
141858,2
156555,6
156862,2
164624,1
190111,1
197719,2
200020,1
204110,2
217180,2
224164,1
254016,2
255171,1
189421,2
156887,1
241292,1
97124,2
140567,2
131514,1
133651,2
137855,1
275459,1
93529,1
121937,1
129683,1
142256,1
159339,1
205437,3
205847,1
222805,2
163338,1
253510,1
288767,2
222274,2
253254,1
283491,1
205915,1
133471,1
133571,2
269744,2
121807,1
124099,1
126130,2
127317,2
141580,1
141592,4
143795,1
144812,2
148004,3
152320,1
175153,2
191929,4
193071,6
194038,2
196061,2
198355,3
198419,2
209259,2
216418,2
228397,3
276875,3
84164,4
140669,1
185939,2
195827,1
201827,4
203912,1
211918,2
213916,2
163589,4
112214,1
219448,1
226228,1
199067,1
151741,3
273003,1
156390,2
109867,1
120731,1
156029,2
161834,2
165759,3
177477,1
182365,2
183193,1
185807,1
195769,2
195831,1
202882,1
290179,1
227118,1
286281,1
260491,2
198329,2
157071,1
115797,1
224715,2
122074,2
128798,1
155352,2
175553,2
181189,1
182795,2
184627,2
186509,3
190423,1
190593,2
191779,3
191949,2
196433,4
208593,1
210995,1
214146,1
275131,2
126004,1
164216,1
214076,1
259495,1
250810,1
252160,1
273775,1
198405,1
118013,2
289931,2
125207,3
121889,1
125461,4
156218,1
163116,1
163336,1
164085,2
172957,2
176333,3
178847,1
188193,3
198361,2
201248,5
210427,2
276899,4
164705,3
175821,1
168362,1
139725,1
288089,1
276879,2
107194,2
108007,3
125956,4
159666,1
161898,2
205455,1
207832,1
209851,1
177603,1
207978,1
211942,3
244560,1
198399,2
220314,2
132138,2
268272,1
269168,1
231129,1
123065,1
135667,1
140888,1
148210,1
155261,1
162510,1
166048,1
189839,1
190117,1
192831,1
193713,3
200480,1
290930,2
153897,5
267872,2
156879,1
276253,1
151359,2
121949,1
127174,3
152316,2
162764,1
180413,2
180717,1
181229,2
182887,1
216689,2
125964,1
287509,1
198655,2
241700,1
196109,1
88331,1
163735,1
131765,1
137126,1
238830,3
52273,2
72908,1
89474,1
89728,1
116728,2
120598,1
123250,1
124480,2
124959,1
132116,3
141460,2
145024,1
150738,1
156471,1
161276,1
162010,4
186831,2
192111,2
195107,3
210875,2
211101,1
215415,1
128079,1
254620,1
222833,3
276395,1
214957,2
237830,3
132216,1
133351,1
137369,2
158799,1
215369,1
116443,1
128802,1
146952,1
171861,4
173261,1
194594,1
205939,2
207516,3
214900,1
252788,1
111464,1
164097,1
210349,1
241702,1
291346,3
290279,1
140926,5
131421,2
133737,2
131804,1
189919,2
283655,2
236855,2
109179,3
112950,3
117150,1
120755,1
163933,1
165663,2
177065,1
186965,1
191011,2
201154,1
209591,2
271653,2
261203,1
198783,1
241912,1
194905,4
251202,1
285783,2
145456,3
208919,4
132220,1
132261,4
86510,4
145616,1
155483,1
164093,3
183229,1
190619,2
198359,1
209345,1
122535,2
228903,3
257091,3
278104,2
276065,1
279850,1
139066,2
106475,4
109667,2
117602,1
124789,2
126428,2
128053,1
148444,3
181543,4
190331,1
197627,1
205913,1
208759,1
212577,1
163168,2
163356,1
200998,2
215531,1
198389,1
271076,1
140497,3
116543,1
125795,2
130243,1
151099,1
152244,2
156346,1
160167,2
166856,4
167164,2
180699,1
183377,3
184007,3
185113,2
202713,2
203300,2
211766,1
212273,1
213255,2
163174,1
194042,2
199972,1
209787,2
247380,1
203190,2
135013,3
157000,2
283949,2
107888,1
125157,1
147946,1
149262,1
160944,1
168386,1
181447,3
183249,2
189601,3
198527,1
206077,1
152204,1
205801,1
210609,1
131894,2
137620,1
158771,2
246422,2
271785,1
290063,1
121921,1
130400,2
134767,1
151945,1
157288,1
168382,3
170036,1
183937,1
186911,3
195181,3
199656,1
200464,1
203072,1
203986,1
210991,1
144788,1
163288,1
239376,1
276319,1
124245,1
261731,2
163537,1
136126,1
137944,3
233757,1
106832,3
140072,2
283173,1
153664,1
160920,1
173889,5
163266,1
233791,2
245592,1
232689,2
103089,1
277818,1
213940,1
97037,3
127989,1
147475,2
151949,1
159287,1
165249,1
176555,2
177735,1
198345,1
207608,1
211862,5
213622,3
286863,1
179359,1
265072,1
235513,3
132311,1
142370,3
152727,1
165149,2
167336,1
169422,2
192533,2
193769,3
201176,3
214838,1
216903,1
254216,1
279330,2
224919,1
286285,1
207698,1
240962,1
234637,2
262703,2
280072,1
117977,1
123874,1
145424,2
149998,2
150594,3
155185,2
155982,2
157083,1
159273,1
160788,1
163739,1
183759,5
188995,2
190073,2
195623,2
196087,6
202025,1
202301,2
206111,1
210129,1
212545,1
204742,1
130267,2
286257,1
286947,2
123483,1
129007,1
141632,2
144124,1
144188,2
156497,1
159205,2
159757,1
163262,1
167338,1
168098,1
168208,3
181459,3
193415,2
207948,1
208191,1
216621,2
111038,1
197905,1
276131,1
283605,1
179777,2
156940,5
141303,2
121817,1
123892,1
138946,1
148721,4
151849,1
180513,2
200350,2
206287,3
184697,3
253936,1
188467,1
274991,1
275313,1
141305,3
181717,1
288031,1
76770,5
93004,3
123830,1
130950,1
145512,3
149929,2
152682,1
158230,2
160030,2
167246,1
173305,1
185817,2
189415,1
203364,1
205859,1
215425,1
126078,1
240158,1
241652,1
250930,1
139881,2
266528,1
127667,1
145470,1
146938,1
147770,3
160269,2
162118,1
164095,1
169128,1
173189,2
181085,1
188361,2
191375,5
195775,5
205094,1
213822,1
121579,2
163082,1
257349,1
279192,2
148416,1
209983,3
278186,2
270920,1
244860,1
109921,2
132814,1
142612,1
150070,2
156989,1
179259,2
192299,2
204398,1
207491,1
94666,1
233435,1
226576,2
134649,4
268278,1
251910,1
248356,1
243728,2
269022,1
207630,4
152033,1
210413,1
195321,1
288569,1
260483,2
144740,1
216517,1
278272,1
271527,1
231275,1
219715,1
280854,1
124679,1
222459,1
173801,2
151929,1
176743,5
130542,1
269020,1
140513,1
200182,2
170048,2
204960,1
266024,2
118770,1
176747,3
188803,1
255875,2
241714,1
242912,2
261349,1
219591,3
229217,2
213433,1
265448,1
126999,1
254512,2
276869,1
240958,2
157514,1
183715,4
216105,1
274669,2
93656,1
229919,1
277090,1
262647,1
214886,1
225533,2
143571,4
277232,1
188977,1
227454,2
238018,1
256333,1
73987,2
270906,1
199780,1
289005,1
264980,1
206455,2
243328,1
251272,1
261335,2
222809,1
266340,2
219509,3
279242,1
145257,2
270228,1
195865,1
274489,1
225617,2
204456,1
179737,1
210807,2
281600,3
273107,1
267566,2
225557,2
230691,1
212393,1
281400,1
270056,1
235851,1
230871,1
275931,2
215481,1
134009,1
266266,1
262627,1
283429,1
188129,2
200040,3
235825,1
286159,1
239390,2
179949,1
236393,1
160640,1
225513,2
258589,1
290297,1
204224,3
184001,1
273751,1
217270,1
274795,2
275761,1
119675,1
279972,1
82595,1
256757,1
280952,1
269286,1
205861,1
247740,1
247742,1
200708,1
235085,1
151991,2
134324,1
256389,1
224320,1
232667,1
276435,1
285119,1
288319,1
126389,2
256503,2
98007,2
235645,1
264283,2
222111,3
225521,1
221060,3
225597,1
162712,2
209281,1
229781,1
269074,1
108683,1
256865,1
243214,1
283251,1
131303,1
288705,1
225517,1
207081,1
225641,1
257469,1
180163,1
255281,1
213047,1
284071,1
252398,2
92927,1
244898,1
253546,1
215513,1
171075,2
283821,1
284089,1
291717,1
264900,1
278732,1
207594,2
286639,2
279024,1
116251,1
125295,2
286755,1
264019,3
188037,3
221898,1
214378,4
201428,1
285043,1
284295,2
274565,1
264341,1
129344,3
228299,1
287821,1
212961,1
194899,4
268042,2
251756,1
277154,1
291499,1
174345,1
264420,3
128143,6
204978,1
281346,1
229151,2
237344,1
212531,1
224218,1
253300,1
209303,2
270194,1
117664,1
215675,1
225587,1
279556,1
188257,1
140387,1
195599,1
233789,1
260919,1
130878,1
133017,2
260489,1
140433,3
286255,1
182089,7
202846,2
273837,1
215839,1
215985,1
184511,1
262661,3
225621,1
216815,1
225611,1
234312,1
239420,1
287769,1
124085,1
235567,1
291451,1
275785,1
290003,2
267370,2
271427,1
177179,1
194706,1
259603,1
281968,1
214522,1
258261,1
229225,2
248382,1
290187,1
231365,1
129409,2
215927,1
291202,1
266324,1
265370,1
277944,1
285251,1
182179,4
277122,1
291701,1
181165,1
66008,1
215907,1
226718,2
227198,1
291975,1
213059,1
142170,2
263227,1
147402,1
291821,2
247494,1
258103,1
257843,1
288805,1
291050,1
291114,1
252418,1
270128,2
265776,1
139968,1
227638,1
271581,1
227026,1
239712,1
202375,1
257733,2
215879,1
236831,1
241174,1
268504,1
290986,1
291162,1
222489,1
282427,1
249694,2
172197,2
280020,1
261683,1
276913,1
278242,1
227178,1
291062,1
291144,1
279522,1
273259,1
258239,1
256141,1
206935,1
215719,1
200456,1
286101,2
128205,2
243948,1
245372,2
245834,1
139952,1
286209,1
228697,2
244660,2
212831,1
278518,1
189989,1
105571,1
231861,1
276665,1
281936,1
225707,1
241738,2
280916,1
150080,1
291489,1
260319,1
276265,1
281900,1
290771,1
215873,1
248672,1
258597,2
290946,1
265508,1
273459,1
182105,4
211131,1
253508,1
156724,1
291066,1
260759,1
263447,1
262765,1
273091,1
277920,1
256233,1
258045,1
253492,1
279448,1
289915,1
110779,1
210009,2
224433,1
247096,1
273479,1
270588,1
281548,1
250150,2
257883,1
123461,1
220110,1
290087,2
164127,3
285613,1
282285,1
212239,4
120917,1
119958,1
251354,2
258031,2
211311,1
196779,4
229651,2
169140,1
223788,1
288841,1
224274,1
116114,1
119436,1
156557,1
290976,1
181919,3
240872,1
289583,1
151153,1
291028,1
291184,1
105017,2
260811,1
260967,3
257457,1
242618,1
291102,1
193585,2
211850,1
226400,1
250620,3
272333,1
249232,1
213654,2
242650,1
253888,1
290882,1
291168,1
229617,1
260619,1
273449,1
277942,1
251574,1
244498,1
287125,2
220254,2
258711,1
121642,1
287579,2
209651,2
139269,1
259643,1
260941,3
258113,1
289901,1
290924,1
290269,1
212269,1
155764,1
273485,1
145408,2
178391,1
165325,2
166496,1
239248,1
217290,1
218647,1
226320,1
250610,3
277238,1
251180,1
187003,1
291018,1
241334,1
120614,2
130128,1
261151,2
259389,1
48067,2
237736,1
193003,5
116072,1
101481,1
225291,1
273615,1
158920,2
290852,1
291280,1
243494,1
289885,1
268484,1
281932,1
258009,1
130028,1
262077,1
216101,1
221904,1
273867,1
244744,1
266018,1
268432,1
268340,1
164633,5
250572,3
231029,1
258675,1
274661,1
278844,1
237938,1
217487,1
254764,1
291212,1
291322,1
225119,1
158196,1
276963,1
283169,2
233549,1
231319,1
127646,1
99384,7
291268,1
278248,2
237105,1
150004,1
222747,1
261183,1
149864,2
282279,1
234185,2
255263,1
291148,1
289871,1
282281,1
262081,1
218431,1
222179,2
290815,1
290892,1
291010,1
241350,1
170557,2
284859,1
258081,1
258105,1
288423,1
277568,3
212471,2
218305,2
271453,1
202379,1
216481,1
275461,1
282729,1
92946,1
266400,1
230753,1
290908,1
290956,1
291204,1
291342,1
182451,1
278758,2
266970,1
223672,2
167484,1
277906,2
290231,1
238742,1
231477,1
260181,1
167590,1
269064,1
268546,1
174351,1
181847,3
261209,2
268240,1
289907,1
192247,1
289257,1
290840,1
291252,1
243288,2
180189,1
264113,1
265220,1
222228,1
190811,1
287729,1
113608,2
225047,1
253946,1
291072,1
291300,1
235359,1
209547,1
245496,1
146468,1
288809,1
287199,1
256427,1
160414,1
132247,1
171255,1
240826,2
238028,1
221724,1
232901,1
205429,1
155026,1
225193,1
248896,1
125515,2
249142,1
147182,1
221860,1
261051,1
150979,1
229813,1
139439,1
267538,1
280762,1
184039,1
184403,1
143785,1
286457,1
130756,2
225383,1
190725,2
216567,1
211678,1
290081,1
236621,1
246396,1
264560,1
267802,1
190581,2
254430,1
262797,1
195693,1
242818,1
231637,1
238322,1
247776,1
276717,1
170054,1
275703,1
268648,1
212299,2
282447,2
235733,1
230113,1
275843,1
184805,1
91179,2
265304,1
266204,1
289101,1
280720,1
249708,1
203264,2
192511,1
200712,1
185789,1
225013,2
225093,1
228989,1
214048,2
108370,1
284075,1
275805,1
291967,1
268960,1
264095,1
269710,1
188143,1
162710,1
162280,2
168810,1
257711,2
268372,1
204644,1
182311,1
280734,1
162064,1
128601,1
230647,1
271695,1
167736,1
264119,1
240658,1
193517,1
271260,1
248466,1
240716,1
218159,1
262969,1
215233,1
246424,1
155844,2
188497,1
204180,2
272427,1
276095,1
225099,1
228005,1
125143,2
280738,1
225011,1
124460,1
147366,1
210047,3
225237,2
265178,1
250642,1
253266,1
190665,1
226232,1
283165,1
254328,1
233255,1
288687,2
194981,2
267728,1
130664,1
281068,1
226902,1
214428,1
235507,1
278534,3
259965,1
205164,1
214506,1
225385,1
221664,1
254666,1
237025,1
211410,1
248298,1
283767,1
229579,1
256387,1
280724,1
224997,1
226752,2
282229,1
274379,1
281870,1
233825,1
253458,1
140948,2
245584,1
185867,1
188171,3
241790,1
268772,1
238262,1
291361,1
214480,2
264215,1
239140,1
215289,1
148654,1
279920,1
172397,1
280710,1
277724,1
220858,1
223694,1
247278,1
145102,2
217453,1
280758,1
147350,1
204638,1
208659,2
283291,1
224929,1
239144,1
246418,1
126162,1
188269,3
269620,1
197113,1
219286,1
174609,1
220126,1
266118,1
187831,2
165469,1
280722,1
291389,1
25760,2
270586,1
221852,1
250186,2
271254,1
248854,1
217445,1
125391,1
268064,1
129430,1
261775,2
234259,1
278764,1
288965,1
290317,2
230093,6
118478,1
289151,1
289155,1
240852,1
236513,1
280752,1
260013,1
182523,1
271877,1
223476,1
165915,1
170725,1
276785,1
225409,2
287351,2
250916,1
279148,1
263287,2
266072,2
263741,1
248644,1
247468,1
193331,1
283301,1
192355,1
183449,1
192215,1
236287,1
223646,1
286615,1
238338,1
250330,2
290025,1
284401,1
243320,1
132084,2
216414,1
243314,1
244014,1
172315,1
223924,2
195763,1
252584,1
182611,1
223218,1
172245,1
186501,1
276323,1
210451,1
278422,1
139735,1
152946,1
233179,1
248332,1
245378,1
194316,1
264043,1
181179,1
238804,1
252422,1
222443,1
268050,1
137100,1
278502,1
172243,1
206664,1
85694,1
216955,1
196925,1
290165,1
277796,1
170831,1
248698,1
235281,1
261457,1
235981,1
220120,1
226088,1
243920,1
226330,1
165765,1
172209,1
216629,1
268852,1
210681,1
245392,1
216643,1
292391,1
114642,1
172313,2
218009,3
274345,1
168164,1
263701,1
289877,1
278660,1
243252,1
271815,1
230903,1
233767,1
257439,1
262127,1
131320,1
247276,1
137435,1
224967,1
247600,1
172355,1
221324,1
248992,1
282335,1
214965,1
204910,1
242494,1
218333,1
216667,1
278958,1
255049,1
144820,1
256383,1
282349,1
226766,1
264938,1
175005,1
197361,3
210781,2
234897,1
225225,2
211920,1
213918,1
278308,2
172283,2
261437,1
225784,1
249576,1
245286,1
245376,1
253312,1
135085,1
268046,1
270944,2
152463,1
275237,1
128241,1
110692,1
235381,1
265592,1
133507,1
36543,1
241416,1
245692,1
275117,1
277128,1
247974,1
233653,2
268290,1
266916,1
211774,1
216259,1
197243,1
166806,1
261733,1
247984,1
213714,2
167056,1
248416,1
191761,1
149414,1
122169,1
215801,1
188547,1
222823,1
288499,1
272155,1
278160,1
259621,1
208631,1
258219,1
150369,1
82751,1
253628,2
256601,1
235273,1
186503,1
257355,1
229707,1
274609,1
202950,1
282359,1
205959,1
226134,1
250792,1
256371,1
226030,1
245290,1
226214,2
275589,1
89519,1
160592,1
255797,1
187645,1
116598,1
237862,2
257447,1
221532,1
163352,1
194752,1
224799,1
255595,1
228343,1
226222,1
242252,1
245294,1
235333,1
216583,1
226358,1
184847,1
193617,1
158447,1
227100,1
244174,2
239292,1
269094,1
216352,1
188549,1
254883,1
258183,1
258869,1
214993,1
191599,1
269760,1
192621,1
217483,1
231707,1
104002,1
226658,1
243574,1
267552,1
254200,1
282227,1
254588,1
278198,2
120727,1
199950,1
244672,1
280078,1
219535,1
214246,1
235247,1
190589,1
121961,1
227943,1
220258,1
286953,1
167124,2
203948,1
280206,1
258713,1
271883,1
141351,1
192597,1
142626,1
238356,1
186791,1
220026,1
265194,1
277056,1
277146,1
198709,1
232857,1
248724,1
218649,1
250542,1
200542,1
213425,1
185875,1
121919,2
275623,1
266334,1
161000,1
248858,1
271343,1
222815,1
287183,1
276219,1
277050,1
278544,1
182833,1
222151,1
285967,1
135232,1
95290,1
241550,1
177875,1
271885,1
216977,1
238314,1
192727,1
215121,1
192647,1
218457,1
259929,1
209431,1
261605,1
270244,1
109106,1
187893,1
187925,1
123101,1
234663,1
290803,1
215443,1
213195,1
187839,1
186951,1
241636,1
278156,1
204266,1
218119,1
202247,1
125349,1
222705,1
222811,1
159592,1
252190,1
212865,1
143701,1
203589,1
249910,1
282543,1
121697,1
237177,1
260453,1
233571,1
165763,1
222853,1
277318,1
285181,1
288505,1
193579,1
130362,1
236031,1
219278,1
287103,1
254752,1
186243,1
106622,1
263829,1
227368,1
286781,1
207926,1
253096,1
178257,1
175501,1
245652,1
239680,1
207590,1
217043,1
248440,1
139293,1
168228,1
216231,1
248462,1
286799,1
154142,1
159869,1
234488,1
122453,2
208189,1
265280,1
155569,1
129887,1
258981,1
287621,1
283461,1
266800,1
267216,1
128977,1
214790,1
249878,1
202657,1
279998,1
286127,1
223039,1
228429,1
275639,1
139349,1
207467,1
202683,2
256451,1
216973,1
281456,1
263833,1
277007,1
190475,1
286413,1
283265,1
207570,1
247028,1
271305,1
257227,1
645,315
1213,42003
3994,20917
95875,3891
165347,1243
53956,2389
2552,317
4082,885
5267,2588
5415,1543
30820,1161
58806,456
62374,2771
80586,849
161131,2910
1419,1598
4216,489
56152,5427
102720,1020
7845,713
8369,992
5350,52
25940,700
185999,100
101285,1316
188303,410
218525,161
253620,187
261755,2
98017,184
200354,640
6858,729
67424,24
276087,208
179825,25
224781,55
2899,709
3974,350
71640,48
76738,178
25916,127
43897,130
3531,136
8456,239
116803,14
116893,109
125399,2
169784,23
41863,1009
253332,132
178271,3
141418,40
6702,482
77191,474
115205,13
25866,177
8295,260
25875,26
51678,199
86380,30
96872,6
162272,16
166950,3
209861,7
190553,47
217899,138
4862,572
5850,81
153758,38
201080,9
250872,4
138434,3
166956,2
183127,3
5733,94
169096,7
104736,145
144568,19
228829,3
90292,8
93933,105
101801,20
124490,5
217469,88
49282,288
197157,12
204820,8
75345,46
232635,2
272895,1
279376,2
92923,52
274189,11
280778,1
79794,38
196903,15
270350,80
146046,18
212563,33
795,107
6555,34
265142,42
141104,18
113062,28
213091,5
241710,2
176941,12
178615,16
199690,25
122041,27
130894,19
200272,40
151501,77
167696,48
221390,39
186785,11
141018,17
33261,35
79596,43
154100,3
192479,17
172343,39
51817,16
117676,23
219017,1
169560,11
108212,61
131716,9
193235,3
194787,9
45137,31
223402,1
40111,17
142250,3
164911,1
141092,2
123310,10
169584,11
243460,3
90312,10
196663,1
178579,9
123487,3
177707,3
200612,1
208120,16
226552,2
122932,22
130758,3
177215,6
72718,51
244282,1
215319,1
243906,1
170563,7
144412,23
144468,11
137431,2
155623,20
215829,7
151885,2
215249,10
156694,11
163571,29
171967,1
78976,27
197543,2
210899,3
112015,3
118850,11
157963,3
272377,2
137387,43
136447,276
138024,10
4554,23
133077,11
134061,2
134917,12
134499,25
4048,65
263555,16
157379,8
137016,3
7452,3
131966,16
135539,12
160,15511
4055,781
5027,1491
24,8293
1103,6659
3365,2887
3882,6698
4915,1051
6159,477
41527,502
71745,2656
114554,1001
31952,647
160848,500
3801,2368
8125,868
4278,694
97836,707
7013,2474
1078,4002
44317,107
818,2962
3153,1661
8197,818
4819,117
8459,365
57910,650
142819,35
5958,416
3337,16
1558,32
65310,130
84189,586
142266,22
213131,1
217913,102
253772,44
172887,162
7698,1251
5893,1104
51884,614
8642,242
85394,568
33401,58
8033,1028
4413,53
26237,242
100438,38
6263,1344
2689,231
81391,10
150014,5
56700,75
893,590
168498,780
205106,96
6232,361
32836,18
45170,24
154218,34
193952,293
49953,67
91671,294
195167,438
86233,101
5629,403
8056,165
74017,7
79809,41
108237,22
121159,57
25911,234
171259,20
145382,3
181983,12
194610,19
259249,4
128369,15
130464,12
175293,71
283615,3
1501,192
260855,1
6749,150
51638,93
75816,60
70173,7
60007,186
180865,6
7338,212
8881,56
92412,3
100036,22
126510,28
6486,96
228907,22
7194,93
95843,15
277262,81
55462,26
80870,16
121267,10
160872,28
139777,4
191183,8
165959,92
100194,90
3899,63
8129,86
190829,8
51905,3
151583,22
202363,29
219414,13
276363,5
75446,63
229701,39
1071,58
54872,62
136333,85
72283,27
152635,3
218613,5
163494,3
288969,3
74486,85
99285,3
116847,14
124571,2
130848,11
131844,2
153991,3
175729,2
48957,32
147682,11
224407,3
240054,1
146238,1
181221,13
187579,20
159650,3
96498,22
121586,5
158886,11
215571,4
70571,18
124801,4
45303,37
186365,78
207990,8
178713,15
291885,1
36264,22
70724,25
73111,24
82536,17
94917,25
122501,7
151641,12
181365,10
270254,5
275003,1
216139,1
70541,29
111349,7
32181,13
194602,23
144428,12
167778,4
117330,6
149826,6
152511,4
261853,2
155683,11
143757,6
204402,8
124651,8
124683,2
89973,24
118010,1
140657,4
283891,5
130972,5
134812,18
136554,8
138444,4
288947,1
135929,10
265074,1
264792,1
267980,3
70,16824
3755,12771
63082,25745
102407,7741
408,680
1003,1666
1454,827
1479,8758
2260,272
3219,2451
3259,3329
3693,1390
5128,2249
5957,4042
6012,557
6287,7500
6957,6235
40278,5054
127108,1714
113378,1725
1897,1096
68963,269
105250,395
129951,35
3973,1654
5207,52
131168,227
921,2487
102194,2978
6923,95
4099,57
2846,1660
6644,204
98000,52
5177,897
145150,417
46948,2707
58964,418
102066,348
130052,149
271204,26
50802,679
165503,277
224262,741
4970,1144
113604,774
52456,482
48032,171
56607,1337
252180,810
59362,90
4400,72
27779,21
74504,94
5762,72
3096,696
69995,191
88706,77
129675,25
146926,92
149128,4
25868,304
83343,12
3437,179
224637,16
206899,347
157067,12
166453,7
211490,6
261599,1
271313,57
79846,28
102072,230
116853,48
26259,78
214676,1
279352,3
283527,2
259727,1
106542,162
165735,11
176103,197
181143,7
7332,37
173207,27
147328,198
87660,379
49739,10
147232,44
2715,130
192341,39
226024,38
272887,1
275841,58
95002,47
149350,14
182479,236
120080,2
191343,1
226592,18
193677,13
136636,35
27641,80
43910,133
56028,22
98933,21
147010,28
109947,25
168726,11
197187,9
246224,40
195435,4
6164,25
157887,17
167466,4
185335,29
166295,44
61013,44
80072,18
125497,10
206803,2
98697,14
101880,41
130804,7
175883,2
228435,4
7049,108
147597,13
175627,10
36392,28
150688,17
163771,86
174091,25
181373,5
201070,2
225972,17
152982,17
153772,5
121275,30
142590,12
92674,19
100056,15
191703,18
220848,5
230531,2
109351,40
200610,1
126807,7
185181,10
8613,30
222246,1
93923,21
226650,11
275325,1
291705,3
66234,48
8819,29
34353,30
74332,5
97220,17
239316,49
124425,2
78376,20
197387,7
144470,12
150270,34
1709,19
172571,12
84446,18
251758,2
281402,10
67850,17
152660,18
168780,4
175251,9
187987,15
167412,12
95890,15
157059,6
170381,4
32354,19
113029,3
146922,26
203579,1
89327,16
112463,3
155523,1
274037,2
3035,2644
135410,7
133119,8
132547,38
135190,25
265454,13
5273,33
133235,8
2234,54
135671,8
267952,1
131136,24
2529,15599
62,20596
4880,2676
3265,3238
84395,823
106489,12175
1907,14851
3751,22822
125,3625
1799,2428
1912,8432
2551,2312
3267,4777
3909,687
4654,1580
5635,205
6380,2135
6547,263
7263,2759
37731,2051
40959,668
44788,1282
121,846
103539,1793
4432,1170
3091,1708
1453,1652
3580,193
79318,265
2505,4813
60333,728
2075,623
3204,1522
3906,555
166593,2
196073,115
169502,8
193445,114
26316,52
113862,1133
187231,590
222455,392
5143,78
52545,60
183699,163
3514,255
48536,13
100579,148
183087,60
26240,235
53466,295
234957,33
68835,115
8118,118
55286,377
41644,23
54378,59
90350,90
113889,46
134879,59
117545,225
4250,172
108879,145
93492,11
101060,81
164905,51
177891,3
198019,2
209799,1
58972,400
4767,421
5434,432
167468,17
125920,5
4332,407
730,70
26176,100
32770,195
62235,194
33781,139
87079,298
8584,212
175901,13
185013,112
290519,1
74733,37
165537,27
3678,481
89961,77
104807,35
126745,11
129536,11
142472,28
283483,3
158382,82
176343,13
26303,328
119186,14
99058,87
77820,122
3560,70
98358,18
72913,22
92169,27
96563,200
97880,28
127156,44
59273,90
72156,21
106883,46
117376,25
147304,7
186853,10
244322,9
272955,1
64099,12
92696,73
116533,5
140631,17
193803,22
281012,1
220560,9
219709,1
5904,9
157051,5
270578,14
120112,31
72117,66
209411,3
91997,8
110324,34
160240,4
131054,7
177313,3
183073,36
199337,25
8483,48
240770,2
163659,3
26144,56
290791,1
154256,12
272323,3
6823,61
82059,82
105353,6
140104,7
143168,7
177025,5
152143,27
100248,22
117913,39
89137,8
108143,48
127068,11
154085,1
61279,35
121873,2
128215,18
136257,23
191101,12
396,37
128085,4
161192,16
200530,25
206024,19
206115,7
230827,1
247916,69
209765,8
173513,15
197455,6
79980,11
89971,9
110597,13
128199,11
260973,5
276993,1
92196,6
93063,10
92156,22
286409,2
249148,2
41499,18
88548,26
115971,20
120845,20
176431,3
93490,28
155525,3
86844,16
210553,6
192455,1
273089,9
99850,5
145726,2
92516,6
242256,11
161177,9
153374,9
116953,8
265534,83
268702,3
8331,160
134023,35
135274,68
136718,19
268284,2
133131,31
139811,10
131415,1
134292,5
480,75233
5313,4614
7569,3324
8810,6212
41566,16536
88140,13852
60074,10948
52967,597
3391,712
3591,3177
4067,924
6870,14774
55872,1547
156,1679
4590,135
7060,1056
1592,1629
8808,2414
93363,3624
53129,2818
92352,43
102588,258
156726,1571
58975,735
351,3704
2050,1071
4471,460
4255,2105
7121,1181
186685,3
7700,1299
4998,384
100487,658
59709,368
185977,144
288529,54
3576,1373
115172,82
43635,129
177231,151
4053,355
4704,371
76130,230
284293,259
6973,213
48001,112
52617,22
169270,9
177243,180
6806,142
49225,170
84407,100
5197,183
7201,87
116805,19
147002,35
185365,30
161786,15
60641,37
5259,51
6173,108
2878,237
245452,69
60758,219
25937,262
61937,110
200766,37
4938,82
78081,64
86902,20
102986,5
155000,12
168290,13
171271,26
112399,245
2812,342
97153,15
148892,12
158848,35
97826,29
55895,148
190301,10
198143,84
8875,108
73822,51
8725,108
8745,49
33832,66
39857,11
143529,2
44243,97
96991,139
164276,8
196345,11
196597,35
90827,11
167250,5
104513,26
116080,28
116315,7
122043,16
152499,7
205064,56
273711,9
201008,16
1666,143
127066,35
174633,2
1853,169
109468,5
25770,17
152346,4
193974,33
34624,37
237242,43
181225,24
147835,11
65025,7
31892,88
206361,2
137565,26
281846,1
87051,10
98477,15
115996,20
166301,4
176295,23
8540,67
127573,4
181413,43
247854,1
65227,15
95010,14
116680,31
188517,7
155086,13
171463,25
279212,2
78370,20
119975,17
167852,11
173607,11
224961,14
77738,5
199059,1
218223,20
218775,4
191475,12
193281,5
188283,22
283687,1
116547,4
168630,17
255113,1
259839,1
278722,11
144404,13
155390,7
146982,15
185371,10
217457,3
159139,5
166583,7
292529,1
246664,5
93029,23
111919,7
80074,12
136678,11
134011,8
265368,4
138138,2
137781,7
136884,3
4747,23
266288,4
138240,2
136534,22
5479,1969
102903,10821
1610,26219
47099,14319
160271,1883
37741,5103
142488,8867
697,1159
2408,1999
4069,5964
4231,1275
4951,1402
6549,321
6851,261
42002,1208
52668,418
71108,1260
74228,1922
4705,952
4686,1099
219,678
1099,2185
65216,1804
168418,1288
7294,578
3564,1786
113225,802
117444,1680
2820,329
54605,87
100737,385
1083,1631
4708,209
96964,242
110297,405
207117,176
95604,81
3530,54
176389,47
94896,1076
140711,1210
6643,1439
225565,135
56744,79
5253,33
93498,494
1336,467
2207,214
73608,99
1679,200
58432,234
70831,11
117354,21
172925,7
194929,51
208800,91
161792,11
27134,211
69448,43
967,178
5224,145
188697,167
116839,94
152555,9
171687,6
91554,18
176373,16
190399,58
86286,47
174021,8
252664,6
268718,4
79547,13
143361,115
177867,175
278808,8
115941,67
6577,168
65817,112
61994,25
8505,102
169880,41
141818,150
90310,74
82110,7
174033,1
176327,11
100270,29
6635,69
155828,125
99045,46
181869,7
205753,2
272923,1
67356,30
97311,248
194646,11
112066,136
223928,12
281830,5
253272,11
166299,14
224276,138
152902,6
121879,5
205693,20
71991,62
81698,30
153694,12
203477,4
48817,36
89170,80
141970,28
182307,10
53476,25
26404,16
104996,31
123499,20
165671,24
102747,42
164133,2
182465,2
25986,35
129364,29
52180,11
186197,26
5196,86
99026,16
156143,2
60544,18
122137,3
257527,1
45194,56
170201,22
170271,5
179423,3
135833,4
153911,16
271445,41
289633,4
26146,40
116227,23
81736,46
166699,9
176875,14
194010,21
187397,8
107501,10
101891,45
271184,5
288835,2
214518,3
180689,13
197847,17
206280,7
96644,35
203387,7
287399,2
92314,29
155675,17
163939,22
179971,6
174143,3
178947,5
171193,24
7751,24
48315,16
48528,15
105057,6
125199,3
185517,3
170921,22
194935,10
131270,95
268806,150
268730,47
7252,71
132342,2
139825,18
3106,104
5978,59
158667,3
134815,7
133429,5
157637,15
143,15
267920,1
1784,27176
1687,5519
3868,10237
5872,8376
57528,3715
95,23156
2359,6807
93326,1737
968,9474
477,4545
482,2769
2133,5064
2145,8076
4063,687
4887,3662
5321,82
7163,4122
7318,5434
49822,2055
50442,1211
4187,914
126426,303
2123,3106
79185,3204
103075,2874
6290,1527
2009,4868
5927,573
4493,434
39886,203
101640,103
183619,672
4533,1714
97024,668
77427,1159
190945,102
192051,36
213604,284
219392,213
277590,2
27647,137
27032,471
141964,25
128832,126
1423,181
180737,143
26505,37
42636,8
74668,661
259659,794
34811,311
128429,39
33558,149
77316,102
57243,413
80864,483
88003,9
62049,558
3241,358
25764,289
218091,185
2669,504
7826,358
171373,3
41815,79
45550,42
61073,140
79773,25
108825,194
142292,3
154186,10
157176,87
207431,15
78895,58
26302,225
8794,62
207097,2
280350,1
281062,1
285131,4
151687,125
283543,2
213533,28
220362,129
157859,3
66019,59
6843,42
136857,32
147326,155
170961,135
25950,43
45611,64
182909,9
5813,62
49330,70
191231,7
184517,13
78585,47
91511,15
156410,28
170805,6
154198,2
6000,60
57473,27
76298,35
145094,69
87279,26
202479,33
280410,12
30896,46
106111,49
113162,4
4825,124
79868,97
220532,5
148367,70
26567,102
178587,7
4913,53
137307,16
190753,30
206941,37
174533,92
166960,8
158693,13
411,123
167094,20
5857,57
5045,82
140649,7
193938,7
80100,14
140787,12
144408,19
145506,9
167550,2
178807,11
191189,5
198217,3
144352,34
260041,14
251488,10
173281,18
73160,42
121007,35
173121,11
145174,14
149077,12
122280,4
81671,26
152208,13
145426,1
159490,1
171227,73
224234,26
80104,17
110447,6
208749,14
153903,19
199702,5
166617,4
72304,16
142871,15
144464,10
148042,21
189701,31
31494,26
164387,45
47221,43
200700,9
120278,25
140443,11
67809,6
115953,7
123318,10
158356,2
196415,3
205186,4
272371,1
241666,6
261975,8
100588,10
134579,40
264135,190
25919,20
135877,37
265714,30
134370,19
288899,3
267168,3
2217,9
134398,4
139715,24
29,9413
2948,8772
5312,1749
32019,1342
34405,15364
46965,3067
91128,810
189713,4002
741,10719
2139,5326
2453,1237
2541,10690
4499,4991
30848,522
39234,789
81782,2156
87430,3972
97304,11926
273433,159
201340,3193
1038,240
2860,2271
141956,35
5672,581
34314,78
4563,918
7419,2281
56333,976
59258,1291
170485,19
203218,571
213005,2
5498,678
61678,204
74532,805
122308,51
184931,421
200776,6
208104,17
224220,341
1439,355
1570,347
390,970
53460,1770
44729,217
26151,529
71691,133
252086,99
5888,716
2165,1010
185957,35
109042,183
7771,523
68965,98
113640,168
128263,10
160648,55
8878,48
96621,120
41880,18
223294,2
27003,150
87264,32
52418,24
61742,69
70315,17
95034,54
181279,6
174893,128
72037,74
125479,7
159994,7
183721,9
216869,1
70488,30
194895,6
212287,18
214770,8
283511,2
196567,78
149456,9
120889,6
105217,60
5368,214
8727,121
156787,35
174403,37
147250,180
193589,240
47815,22
147194,44
70418,30
204840,35
85325,14
197269,7
116082,10
192649,77
147022,129
272861,1
60825,46
140297,18
184393,9
248014,17
221164,37
177787,144
290119,14
83535,42
151963,15
217324,16
102152,26
104231,124
140365,22
75351,81
789,52
228733,1
70157,13
170789,41
213636,21
289845,2
3136,41
651,45
86168,26
221914,5
114197,9
185499,3
154476,34
90434,102
288691,23
74937,28
90256,20
144656,55
152274,2
183207,12
39824,17
116445,3
161334,35
185649,3
146108,1
146144,1
142513,20
109265,33
148773,9
207487,8
3848,110
27164,17
202213,9
203679,3
212511,4
60524,41
140351,7
177505,5
207239,5
190767,7
8804,63
8817,21
32483,43
57468,9
150846,3
6919,36
127120,44
215477,4
149384,9
174213,8
42763,14
78405,21
173107,11
171559,7
201937,9
274641,12
154035,1
165125,31
189913,10
172377,3
284705,2
164435,8
172309,2
277052,9
155669,3
223212,7
186781,11
137688,2
138364,1
134943,17
6632,32
138154,20
133155,61
139819,11
136217,33
134346,1
263999,3
3288,25
131684,6
137000,6
137046,3
266248,1
226,44
1221,43111
2125,6659
2291,28689
6377,46128
3911,12835
103335,6439
183635,1192
4878,35452
464,3441
558,1759
3189,1968
4084,5339
1289,3422
81819,935
149334,3263
2862,1232
3177,1545
528,932
3845,224
110591,1497
4098,294
193779,70
26850,112
84312,428
182507,6
31547,204
74436,122
207405,1271
270772,12
286761,68
128520,528
77795,455
4841,99
5475,893
204686,508
272663,71
250858,45
2749,591
5181,100
75981,25
114552,893
526,138
8752,191
66762,137
239424,156
72591,147
161127,668
6875,83
8576,574
27027,24
53352,72
60436,30
133377,219
164284,3
230745,3
7336,97
86355,224
98239,448
64986,54
107557,70
269256,179
6725,329
74696,89
91947,123
82447,200
7716,181
32151,35
158906,15
290137,1
209135,14
122486,16
191829,8
200140,10
166532,216
25946,88
143373,3
194462,2
224038,9
7563,45
3322,74
257007,12
26153,78
8695,246
139519,27
33294,241
173265,16
208445,12
27305,48
178339,26
179919,49
210825,56
118256,72
121483,46
121799,26
148410,22
227664,8
184053,5
177245,32
54617,70
51619,61
109675,31
191213,10
276501,10
104177,29
6757,151
30747,125
121308,68
171331,24
191723,18
75803,29
183489,11
96064,33
234306,2
281834,5
141416,28
183385,10
82097,43
71938,33
147825,19
154067,26
169522,6
78690,18
209973,2
283097,8
98277,15
122857,9
152085,48
173213,3
186389,7
116221,7
256143,4
91858,43
123516,4
89069,25
2981,58
171937,5
186613,10
144880,3
170783,17
187347,20
203671,4
119762,4
114832,5
196447,9
146632,9
259841,1
272139,1
190045,7
121787,21
149166,17
206327,4
167042,9
160948,9
165313,12
187551,8
175235,7
193221,17
290785,1
259865,5
49757,25
123834,5
231781,3
181337,9
234516,1
137337,905
132128,223
4945,829
266278,84
6236,70
267656,15
139761,22
134206,14
9003,37
267950,2
133567,7
21,24829
52458,3333
168248,7037
1393,26643
4678,2168
3253,16697
1587,8273
7017,1159
653,15471
710,1287
1409,6508
1801,7215
3599,575
3847,212
6368,270
52784,69
78467,562
87869,7067
3064,476
3713,421
4792,799
6483,472
45726,1845
214,1000
67508,615
77359,169
4502,829
62198,49
278080,96
89480,385
5185,68
1523,362
60894,133
64116,433
2074,395
1177,1874
225145,1192
99728,1256
186703,5
5822,94
79191,36
109968,167
110501,1637
121374,222
179333,241
201292,6
163529,14
91902,195
101068,20
72919,489
37744,26
157224,173
2708,551
5830,222
223918,71
1514,132
7738,12
67252,280
4566,303
179135,1163
6461,1203
124867,226
54193,123
202349,5
5161,180
5290,149
7405,100
7414,115
79533,137
68472,105
80729,64
205857,202
8188,401
26282,130
49050,39
73401,23
85540,65
150228,13
160110,59
212184,1
233209,7
80748,122
4051,67
84989,40
2201,282
74575,26
81742,6
99691,18
199364,4
57550,70
73499,38
199584,12
282767,1
291258,1
90154,132
97697,53
83796,79
152163,75
152545,64
168076,4
258637,76
7061,298
81495,59
55402,75
4691,112
83450,85
7675,93
83038,15
84551,4
94765,8
105753,10
164101,4
97462,180
70961,35
211498,15
178323,92
283459,12
167558,17
25830,49
131884,9
88654,15
97593,28
121165,13
159175,24
165823,61
281564,10
148466,51
281182,1
206313,1
158565,9
276339,24
104923,19
6487,54
2636,89
188317,83
73718,73
242044,2
6845,40
91823,116
119563,60
197679,16
200390,9
200398,13
148725,4
172429,39
280352,15
141162,22
169394,22
27841,42
198947,16
131060,10
158968,13
187307,11
215325,6
184347,9
142016,1
159055,10
169206,5
173187,13
177849,10
189103,14
289797,10
176927,30
31960,30
212180,67
119649,33
281230,2
99731,37
146124,1
146392,8
152342,2
232281,3
177569,7
144058,19
136816,20
166346,13
289135,7
122258,14
124160,13
160506,3
165873,7
95697,8
219075,6
221200,6
179823,29
149242,6
199558,1
75990,39
162844,29
163470,11
202579,3
41812,18
210107,20
158629,2
71285,32
102388,9
283679,1
284739,10
144552,9
122086,4
194656,9
98284,9
152782,12
180835,1
183573,10
235929,4
154327,17
175701,7
184793,30
262053,2
149950,5
161444,8
251958,1
202613,3
212050,2
229941,1
182915,4
133798,407
134248,258
132122,30
133361,60
132192,10
139713,57
136349,49
7276,46
267682,13
270822,20
136994,4
1578,20
8038,7
1327,3378
1079,22610
2843,1859
1345,10870
1552,17747
56801,2689
66934,5158
166528,12513
184471,1494
550,3378
2116,5621
2922,1876
4366,5113
5093,2097
30822,2161
51694,394
111235,741
173197,861
244178,1206
113741,3379
1465,1025
90746,4148
1648,1617
1283,5840
3246,5026
1911,8203
94024,123
3872,554
5111,1022
25774,329
57536,278
157340,905
33779,626
2868,492
53999,228
111384,1450
132888,121
281890,76
116781,120
184987,422
3716,231
106144,136
224264,1061
130448,481
185385,138
4406,2425
3165,383
7024,887
52606,435
69027,265
2250,402
69542,85
87194,401
104361,145
80808,46
168610,899
7075,900
8063,69
59105,104
281638,9
79946,357
70849,200
76317,307
79607,14
108869,11
241774,3
7808,15
3878,71
65435,335
50630,29
158930,10
8748,101
139417,271
120936,34
1153,169
74014,32
121093,4
211560,7
241020,2
276577,2
287607,1
184033,5
190507,105
80901,5
217587,2
160666,28
192497,35
114046,74
139640,37
32567,17
8494,277
201200,139
4972,184
92687,28
144426,64
187145,76
160416,28
179091,38
285601,62
2544,126
227094,8
153348,4
289669,1
204790,2
116529,83
205160,24
5723,252
188535,6
26472,205
152820,4
206164,3
208279,2
117488,23
279756,45
106565,22
198107,29
202503,6
163761,27
172851,7
276017,15
279190,9
159311,6
158854,20
6398,132
181245,31
109738,26
173919,4
86153,18
155503,3
202801,4
171351,2
142542,22
193447,37
122413,35
100511,68
129895,2
123681,7
194801,33
270422,1
146062,1
154949,1
139588,15
156855,8
97968,34
104762,36
158314,31
178367,21
262055,27
281270,18
285103,7
167254,10
208341,13
201462,6
205463,4
170507,14
184719,4
281392,1
158591,6
158731,13
283021,2
84133,19
1548,42
152264,5
221170,2
199091,12
167524,14
187329,21
170541,3
290511,2
168740,25
187963,4
2955,31
174359,8
203571,18
234919,5
192677,9
202896,5
151621,8
166401,3
138372,1
264664,15
3303,87
133203,17
8676,95
137640,6
266780,6
267380,2
262525,12
133716,134
267346,15
133262,5
136078,11
3869,6012
53000,7871
122922,12404
338,4843
352,1377
866,6640
2300,7088
3063,1253
3385,692
3477,3195
4117,1312
5292,2211
5390,266
5416,139
193944,2649
4664,516
109243,348
1179,6821
798,3411
2943,1101
492,3488
161175,19
27815,1949
136016,1514
65802,1816
6944,3963
7036,1496
78893,2036
335,409
63179,198
2178,1346
122898,2382
193073,62
113565,205
134204,162
164395,57
198673,22
205205,100
261325,15
283873,861
157312,299
3775,163
85213,464
69699,88
27162,82
49615,103
2870,1416
3547,471
5637,493
5686,656
27648,196
26203,388
941,1009
8268,569
80553,191
103203,62
129707,292
84834,52
3459,422
142566,53
2449,337
87004,253
27423,266
72292,22
121650,3
151507,66
170293,136
171577,4
199526,8
31524,145
49526,310
142058,157
5601,258
142602,91
1337,724
51605,21
68749,213
31617,201
54196,96
2426,164
156109,12
94653,18
114627,264
116768,15
163519,12
171067,34
72603,160
204826,100
146214,6
89997,60
156184,2
80111,93
149412,35
154490,10
188651,2
49528,349
108857,17
115287,35
125535,18
159179,11
70133,111
210143,6
174801,5
210855,76
228301,9
287713,21
167638,128
5085,140
208885,49
187707,4
163677,6
193635,8
175671,40
99143,50
228855,40
175309,28
149246,6
60311,51
160606,3
148838,39
201608,6
257967,1
155028,1
182739,5
204788,14
111048,4
173335,10
26042,5
80183,8
113951,8
144508,21
150631,3
158220,3
33933,45
160422,7
92676,17
230681,7
121117,32
125958,20
177577,6
186065,4
192769,9
216855,9
146092,1
48700,24
27204,11
244184,26
170687,8
113632,26
163122,34
187357,6
204772,3
206651,2
232913,6
26634,12
215445,6
245138,2
188273,5
6431,40
73914,43
185467,4
128946,5
208649,3
236939,2
173185,4
144384,9
95600,7
273233,2
91711,13
78295,42
102899,6
182535,8
214336,9
259689,4
176781,6
178153,10
132048,8
105936,8
124566,5
236737,4
260369,1
136515,41
135961,14
269952,9
136758,3
132551,21
135476,3
933,5728
2100,12558
3275,12878
256,10683
8361,14428
58293,3119
58297,949
1348,4805
911,5117
1042,8877
1257,5784
2615,1072
3507,3414
4275,1430
5810,10093
6281,9092
43556,313
44199,11559
152970,3244
190349,198
1185,5936
714,4642
7115,825
78034,250
2330,849
195,3250
43560,1946
103141,6587
52694,1782
110655,748
2016,884
197663,653
1364,103
1131,3524
1602,456
6229,282
6271,696
47382,2042
89535,308
215353,965
191931,9
202097,9
678,2739
99470,322
152031,41
168288,417
193041,393
282125,501
1936,822
193954,202
148652,449
93242,260
188785,21
4723,850
42013,565
3302,262
79796,703
1450,302
1604,853
95583,577
7936,292
4753,160
60044,93
107645,10
179863,197
34018,128
31255,252
224639,32
32196,209
107137,52
42740,105
44421,65
187389,14
8139,47
90533,18
92096,56
115203,43
129227,16
61267,91
102666,736
85885,252
5007,395
7889,408
5714,68
159692,27
6569,48
214512,8
7219,166
71999,47
176531,6
177583,3
200794,43
109723,66
4582,92
47482,57
201576,4
176615,18
163631,8
8634,149
71537,166
189115,9
109423,112
7988,185
110750,121
2274,13
163909,68
27827,101
201863,40
52781,15
140333,11
59159,50
86826,9
107704,22
151309,29
217903,37
106147,21
192123,59
285565,56
141916,11
184313,29
261071,12
151987,9
100509,103
107846,16
6109,131
74257,30
177531,14
186979,8
116971,30
60649,220
80588,63
101170,39
195375,8
70595,33
116734,7
157865,107
216771,9
177881,24
91805,33
144618,60
215335,129
1308,25
155974,1
170119,6
176427,2
190157,12
195681,32
158188,15
210939,48
78342,28
226588,65
47918,30
127449,3
167684,7
177821,7
82194,14
81993,21
224723,7
184287,22
198967,3
1140,36
139745,9
121115,55
225814,3
154344,7
190881,1
172097,22
88520,16
113232,4
122651,4
27018,28
72953,26
199319,18
218579,1
221616,5
235835,1
271258,3
27544,52
70682,34
125375,4
173123,13
121545,24
153929,18
244530,9
274675,44
186209,10
26277,46
195515,10
260441,1
275557,3
235717,1
160181,12
144402,20
144566,10
148624,14
185051,13
229127,6
84781,14
192163,11
206881,4
171919,6
213431,15
27656,11
256661,9
251614,5
147152,1
199009,14
235201,4
272741,1
197297,3
245238,5
147436,9
155679,8
176157,10
3094,820
132058,28
269600,6
138466,2
98,92
135300,7
131120,7
132315,21
135773,3
137034,12
267338,7
345,10642
595,41342
68554,5795
94777,7712
8734,42
115149,13055
490,3292
1188,7902
1792,5424
2130,2149
4965,365
5812,2408
7175,418
8266,676
60141,292
95873,1465
137857,3286
214068,19
268642,3340
2285,832
2573,322
5784,2347
87529,1042
111622,1981
4699,1055
50806,1009
47810,1215
173941,1992
4735,1709
158856,33
6950,804
5241,324
3627,899
3954,55
8571,200
51709,2243
139148,138
191369,6
3466,1216
53737,104
118985,906
129737,175
201368,966
128095,9
185319,374
287,326
147750,136
4501,561
6292,24
3820,213
8512,429
2435,691
5779,207
5352,255
145384,110
63329,98
81751,291
7326,169
263973,477
60827,22
1524,20
4869,91
8488,53
34115,11
160199,6
161584,67
168568,5
179137,249
107949,63
4342,221
216879,4
43934,88
70869,12
5974,385
169220,176
41912,77
58576,79
196471,1
219984,6
187123,37
136628,27
250656,3
8823,61
5126,93
49524,180
27751,187
8677,57
6782,348
280662,9
105837,55
165639,162
1168,227
61638,7
80557,11
94444,51
102037,13
116325,3
139056,60
152445,7
8889,50
117172,2
189049,19
189549,99
255339,90
249098,18
276231,36
223145,7
277034,38
95752,11
141530,9
121194,29
203000,4
215377,10
171887,14
189195,82
197579,26
118908,24
195761,11
166968,6
281836,2
109728,55
109203,7
90730,68
4908,119
190957,34
96543,21
168672,4
75392,28
87220,16
105292,8
129276,4
130802,2
141797,20
160267,4
224955,26
106753,15
81046,26
129285,21
160964,25
172671,69
100058,37
142568,18
142943,22
76238,13
146384,11
146732,22
152344,3
153030,11
154164,3
7195,83
125241,3
158358,8
224471,2
193970,5
169564,1
53443,83
25910,8
248052,12
151909,5
49402,13
138518,2
169804,7
77680,15
187149,12
93473,53
134095,49
169532,7
174195,14
201548,7
107539,22
140549,15
167518,10
168462,33
212367,7
151767,33
171237,12
151503,7
177831,7
155491,2
236587,1
286547,2
253612,3
132965,74
131836,19
1832,51
4791,84
265106,2
139612,7
26209,24
8636,26989
4619,464
93270,1694
6979,6656
204698,11635
1173,3407
1593,1726
1920,4637
2472,557
3004,1727
3255,11506
3877,1334
4553,3476
6554,103
33646,3235
44204,787
56379,133
287699,1152
87234,1882
6987,2283
51937,680
277856,309
1631,529
3307,3995
165603,1408
27797,165
60376,28
828,1574
4535,1161
4696,430
1767,238
202749,1586
2533,3723
6158,403
90719,945
89759,2476
6731,1906
194556,101
210041,12
128852,122
157318,639
83480,884
2314,663
43983,144
270400,111
67907,79
3731,265
36397,475
184119,133
3767,492
2327,808
127110,78
5458,545
8687,50
105825,6
2744,239
3569,1128
91351,108
188829,460
6969,149
58774,29
60391,27
127294,57
161302,14
183135,10
202285,1
209159,6
5567,61
158310,48
767,301
6815,247
55691,28
78422,10
153877,3
2216,60
1782,37
130506,214
8768,175
7345,525
173241,24
248042,2
148926,14
160020,79
192883,5
120934,52
254178,193
124599,4
281940,2
138338,5
139829,6
171243,15
175337,12
154096,10
228157,52
124194,2
100034,42
158252,12
171689,58
140683,3
174859,143
195233,5
204814,7
262129,116
111115,19
161187,4
179767,17
36513,145
95633,3
140016,17
73051,85
228619,2
31133,105
50572,31
790,108
121251,14
118278,6
154616,24
91929,79
134244,41
279202,8
26253,45
271577,21
5340,144
234915,22
277162,8
81090,48
163719,35
82906,51
205379,49
752,41
216211,2
76082,6
157549,2
208853,2
160151,9
198621,4
110970,19
143259,11
207243,23
82015,40
167252,17
171157,6
169092,20
8926,44
94190,12
146138,1
152826,1
153042,1
280214,1
193587,7
274285,28
110046,10
136558,4
84283,3
152053,17
200736,6
202489,6
206260,1
175315,11
104973,3
188949,9
226188,17
80109,18
124961,22
38046,64
42559,36
8041,17
185411,9
227897,1
276281,1
68339,12
180789,3
112974,34
92883,4
144682,17
70537,13
27805,36
123244,7
191815,9
203539,3
64275,18
169788,9
203773,8
175029,1
177001,6
215317,20
168464,11
174281,3
257553,24
51302,12
146449,9
124769,8
161448,4
164425,6
148697,21
215583,11
172207,4
4815,1435
266008,94
266788,288
138294,2
137549,10
6601,89
4385,21
131250,14
136742,1
140088,14
264656,2
1150,1664
1203,21863
2352,7050
1562,11686
4005,2665
105731,1015
3079,1551
3979,5064
1284,6665
1995,1651
809,1422
990,993
3802,1623
4649,1496
5240,165
6796,4731
8873,5413
49132,305
205072,1583
254726,5332
3521,1787
189203,2958
2132,3721
2389,3218
3384,2007
26782,142
67408,3406
45361,353
3945,585
3077,1225
7067,444
134107,44
1053,211
4392,478
6625,291
54796,686
98373,357
100336,85
186657,3
214898,9
62293,1093
89472,124
55207,285
8854,215
4072,148
1844,753
7395,491
279162,52
244502,23
5454,389
94323,205
185109,292
141946,247
112512,101
7394,264
36289,453
157961,208
152866,87
78084,32
118790,13
168352,70
55856,53
85319,19
7478,434
7719,89
111283,21
146666,5
110718,199
174875,23
208533,21
3641,104
8778,103
25915,41
80487,45
173495,23
57027,27
96634,93
95926,25
174133,6
192799,19
79914,24
109280,66
8732,156
5384,113
62378,68
8149,46
290129,2
95804,92
101218,56
109295,51
161942,32
127116,295
117517,105
211842,6
114248,43
74582,73
58808,63
167126,34
34696,90
213553,3
254724,176
173093,38
202411,7
272851,2
91206,29
104408,69
121354,10
160428,19
144438,15
54445,34
172437,25
220052,30
175243,92
170407,62
42021,111
203154,78
201540,33
222627,28
149176,15
165471,25
241712,2
65731,90
246480,16
278612,84
106363,1
285865,12
221556,3
279392,10
179511,14
162718,13
158767,4
175015,1
53342,23
110426,59
127025,11
122783,9
167048,9
77841,65
98237,28
161814,11
197669,14
155096,5
86089,26
212481,3
150150,2
160348,9
124757,5
217901,21
259789,3
201733,11
3009,27
72524,13
213103,47
253448,1
163995,26
204122,3
193279,1
210503,22
185433,31
95185,12
8858,43
42591,22
25860,22
89521,8
94291,7
271945,4
228939,4
195979,6
260985,7
217133,2
47285,10
26690,25
162780,4
152772,4
78646,23
199668,32
208917,9
124476,13
167504,8
124987,4
165057,2
153426,2
225191,4
54758,13
171813,1
119846,2
126110,15
174441,3
164893,27
117909,25
69792,28
112723,5
225924,15
272947,1
132130,48
268712,3
138368,3
139409,7
133121,15
8448,63
4114,45
132579,29
133873,47
26719,27
134409,9
133225,10
1319,24
132470,18
271044,15
32,55275
3081,17415
33493,24773
113348,1502
3804,159
250010,1602
1014,1749
2450,4104
3525,2072
3684,1909
6753,3077
103306,1307
107771,1686
371,4305
1931,2030
4835,1328
60,6708
90866,5963
6586,4498
4241,759
105197,1621
33639,623
162738,515
2152,793
4205,1337
5773,250
6808,1574
8341,571
208939,1788
113275,930
173827,42
96411,199
198653,9
206208,205
281208,255
3738,474
173275,2
55999,1016
2927,1309
50064,404
8499,230
173429,88
3746,397
115242,10
3553,693
156000,187
190305,130
2960,91
78614,26
150018,4
33750,132
8922,107
179409,166
59404,227
8236,63
26019,39
77837,402
127134,200
132549,163
160165,6
202487,5
78313,66
147426,20
211704,17
120795,74
1937,593
8856,34
257679,1
96693,440
142020,54
5310,412
120875,19
182409,15
202433,235
5202,168
142562,9
175989,10
196723,1
163048,18
126741,17
173273,119
210123,9
6648,53
279146,22
2098,487
6409,142
110352,34
137543,8
273825,6
222414,42
167740,150
5429,66
6259,104
7491,91
26380,51
27067,99
39615,10
46441,15
147779,16
177069,18
101529,195
110892,13
197189,3
4050,48
87181,46
202427,35
195787,14
216515,16
71341,89
149376,15
172687,7
5091,76
127987,20
55292,115
286221,7
126068,16
90071,62
6761,83
6417,54
252308,29
187583,102
198273,24
120938,27
111624,25
90,218
178825,22
175195,57
194492,2
159203,8
223181,3
27620,78
95717,20
128966,17
189443,24
177565,29
44041,120
97540,19
211932,11
215555,20
141638,2
60086,22
76132,61
98022,47
119962,1
122335,42
140212,101
231381,1
124913,5
206849,3
127158,65
117636,10
126395,8
155930,6
159644,2
174539,21
185647,13
282763,4
174027,16
283987,1
1115,41
65521,26
68590,10
223242,9
165235,38
27488,38
124059,6
128083,2
143047,7
114453,24
187461,10
206531,7
208046,5
212365,12
217873,3
100032,22
169186,16
204522,11
3237,8
291883,2
187753,13
243854,12
246466,6
132624,14
185131,1
92159,20
229569,2
72672,53
87316,15
145088,26
148968,12
185377,6
232649,5
76087,33
192691,5
245608,2
271739,3
280178,2
163492,7
185077,5
282139,1
282141,2
145250,1
99515,3
143593,1
218127,1
221694,10
287793,1
177599,4
143637,13
266544,93
8669,62
263491,20
7314,73
7282,30
135655,29
136656,55
263553,1
136688,12
132600,8
34150,8724
786,17341
32029,1785
45720,12386
79695,4991
8376,14216
180231,438
1282,14154
1919,945
75,590
382,5679
1027,9446
2088,3740
3896,1788
3953,1433
5508,1754
7010,427
45666,2805
201811,1386
6909,610
38304,902
27717,68
171007,162
630,221
2441,205
2491,925
8814,1302
205441,3561
207439,9
6270,961
52287,2701
2195,1318
66310,183
289741,15
160590,34
115991,153
165219,125
195823,361
6783,1123
3268,2046
60516,578
469,1349
27011,9
6817,204
79519,28
77414,682
7878,68
43415,148
3311,284
26094,467
104390,48
54652,25
8741,19
27626,8
57522,70
60289,123
128642,9
621,334
207874,33
60579,99
190485,6
196675,4
275105,2
289575,1
166936,13
183645,4
94679,23
188057,5
190221,9
138316,1
8227,102
209687,2
130988,135
275467,578
27215,23
40342,96
81753,13
87804,16
127172,10
76117,47
116207,60
201741,5
82063,23
106240,244
151707,74
44903,28
85231,27
280574,3
292039,1
125085,6
144526,19
191253,62
224859,7
173813,23
153806,13
163032,3
128358,21
67949,38
141520,36
66295,16
149372,15
279742,15
158709,5
155056,66
86094,27
5783,91
4853,100
6046,35
33567,34
126064,20
128776,7
25785,68
77481,22
118530,11
172697,3
176583,2
70318,10
87992,30
98275,17
119222,46
152256,11
155673,14
189685,2
122276,6
5894,26
163426,8
251678,3
77416,16
201318,9
4827,88
99380,22
110259,4
151441,13
161208,13
195983,7
204842,9
206152,5
212048,17
224246,9
155070,3
222047,7
187663,11
167296,3
90458,8
250544,1
271931,2
158663,2
179481,5
185141,2
161742,2
287711,11
144554,11
144588,11
159741,13
173351,89
144690,28
148828,3
224981,1
286241,5
186195,9
120114,13
213051,10
247026,5
160726,42
212204,14
197031,8
238762,2
163414,2
166076,3
240226,3
185493,5
110198,23
133945,101
138482,3
5855,144
135777,49
132072,6
267960,1
835,989
457,57073
3082,10496
265,12026
1515,4155
5502,17526
6383,6777
48783,1967
167370,1263
662,3037
782,2945
1895,3608
2421,6871
2806,1838
3396,7143
3788,2543
5483,643
34072,4391
1237,6657
203,5635
2530,2775
97913,10694
7453,374
6101,577
640,3165
45732,1769
225984,1375
70093,93
6183,908
30818,322
182629,3
184761,3
198785,7
6983,290
5184,247
2460,1072
3493,79
26631,363
67168,147
117434,245
164821,755
253138,339
5279,346
113705,549
205509,121
126595,26
175199,708
109569,523
1668,307
4339,719
27193,859
27040,95
194638,161
235471,91
87298,806
31522,307
92122,59
2634,714
65772,154
91304,69
190287,110
6968,68
60832,306
74488,322
179779,232
5395,146
105450,6
202195,105
57353,406
57393,94
82053,207
8487,154
88572,50
209979,8
95613,4
66066,186
185905,74
42629,20
188953,37
197569,3
212172,5
220398,1
276011,2
134236,32
31195,44
113033,18
162244,5
187283,39
200156,7
251352,4
68650,147
92836,25
173535,122
6356,420
6585,78
69979,8
288673,1
141834,33
3781,125
242254,42
1906,272
128506,23
155158,7
205595,5
233395,1
100087,34
122306,7
214698,50
276531,5
154945,6
176777,8
277964,19
219848,72
253130,129
8525,94
155018,113
118262,2
167608,26
192787,69
95602,24
226260,9
208112,18
93782,63
5175,67
69453,86
187029,14
209915,12
52495,126
92032,5
171149,14
203016,1
207289,2
281280,11
127579,12
154226,5
157959,47
162332,4
168834,5
173451,7
264788,4
223284,3
271429,3
163847,1
191457,27
218473,3
43571,19
159795,8
182377,5
33027,16
83266,44
218351,10
26530,19
112925,12
118472,6
161232,1
106473,73
150373,9
197279,17
189433,2
58381,64
196339,8
226594,42
122605,5
173295,9
218039,6
158623,2
163843,3
116351,5
227164,1
43011,51
167502,26
146348,22
8735,25
144342,9
172013,22
163615,8
86518,23
271625,1
174099,4
90281,27
89351,11
94431,6
173909,9
259755,1
127064,7
87378,9
163917,7
107248,16
214158,3
123561,4
183327,1
192699,11
162814,9
164149,29
134164,9
27778,194
2508,18
2317,68
266450,2
3540,149
264243,4
135220,6
133105,2
134781,31
131160,10
135290,27
608,58031
141,23546
151,12868
4306,54844
724,9590
112138,6258
5464,11605
414,930
899,12913
3992,1397
4516,304
5046,781
5068,173
42728,670
71464,3666
112175,7656
2160,10690
2594,3107
78836,1574
433,1252
6791,1432
4410,973
4558,4021
71135,2871
2432,2669
94018,2118
96150,388
26865,782
8291,251
167392,548
187907,16
214056,9
80551,1246
151739,888
70728,1561
99437,736
103801,623
169672,12
254514,40
90620,131
116660,202
2154,1107
8837,22
712,190
90266,132
54513,203
275267,21
7079,470
212012,129
3338,401
33587,143
59116,29
83588,46
128187,7
172841,11
208383,49
275337,10
40015,25
74434,23
81669,48
129317,16
150360,7
195073,3
210805,14
138430,2
139155,1
4746,86
175475,314
96373,153
85399,152
341,406
177285,57
6511,40
8988,98
27365,47
149110,24
182435,14
26249,304
91537,57
167856,39
194374,3
42163,254
72043,205
1579,43
48970,36
49299,46
125231,12
149498,16
80162,111
96794,13
81930,8
167572,21
258591,36
127248,7
27735,74
57873,99
139207,46
193067,22
25842,121
232671,18
288629,2
1915,34
1471,94
27411,10
191775,24
26245,65
98587,53
220056,21
96024,11
140840,14
143870,11
74339,24
8463,85
96925,5
130938,3
158651,28
6903,55
189065,56
32605,18
122094,14
140281,7
170365,34
159694,7
228913,3
167070,4
140078,16
197715,8
200128,3
214662,5
218249,14
188419,11
8541,9
30949,66
185791,7
162726,73
82934,75
6048,23
6274,25
80568,3
166332,6
248324,2
273683,1
185363,3
206058,2
212969,6
87923,18
150054,6
144064,48
206190,25
134029,15
145972,6
232339,1
217885,9
176221,8
201684,5
220556,2
167190,7
127658,19
204182,1
154506,3
183393,8
191691,9
286411,39
155689,10
859,15
7003,380
131446,117
4170,16
132654,7
133303,7
2061,144
1532,64
157156,14
135472,7
136249,58
137299,7
157228,3
134031,5
132530,10
592,49789
953,18374
1909,13082
63876,4949
84152,15946
110730,3298
5438,884
1023,3464
1043,1216
3565,2126
3915,820
4081,248
4675,503
5650,1703
6296,3682
6341,466
37739,607
52283,499
202393,618
231057,390
85412,1360
100083,844
943,1846
3494,2147
801,1750
5747,2093
8157,890
1440,758
4834,543
2592,30
334,1645
197875,430
4077,759
214396,5
8600,550
156609,1070
179179,10
144482,939
161348,291
160990,156
2670,1371
109864,527
82037,193
8978,722
68326,6
261271,171
253536,50
6021,397
8609,340
127196,344
259199,30
242498,3
101999,10
76079,648
252590,860
143255,18
81802,5
136204,204
153516,14
45664,64
126599,217
4189,266
125974,160
751,178
148650,3
6894,35
6736,83
31188,84
161096,7
219812,56
26524,333
129719,23
138400,9
144154,14
149622,1
30994,33
1547,292
60030,46
217971,17
214362,2
113769,150
5005,178
59184,19
159089,16
33621,141
47150,174
126046,29
145342,13
205687,6
26248,91
152461,10
168048,10
39896,53
1577,39
71748,9
128425,39
115705,47
122129,57
167986,50
183339,30
180067,12
56786,76
167352,57
81364,50
226300,4
142817,12
133675,4
183143,8
178715,60
193567,16
221778,1
185309,15
258679,1
217164,2
235579,1
152175,15
32966,36
88210,5
93652,8
175841,12
74818,60
249438,2
128608,25
270580,6
58411,21
109580,32
124550,10
213479,7
146374,10
282541,4
185683,22
163514,10
185687,6
87636,15
88456,15
89478,24
128077,5
146054,8
146443,26
5583,68
190835,24
225940,5
5116,77
117119,14
128864,4
174661,18
6079,9
122240,20
125377,4
189855,31
191211,4
215813,1
255191,7
201288,2
118216,6
118099,5
216296,12
144474,9
144492,12
36462,26
141114,15
35681,7
271669,13
214858,17
230831,20
174255,7
190953,8
200220,2
125644,7
143878,9
216071,6
166779,5
206879,1
278754,6
73978,20
109793,16
193519,8
74649,24
3143,223
138708,4
136646,11
264388,3
7337,28
4868,124
132140,28
5534,41
157821,5
270538,12
138062,3
267978,1
267988,1
134314,1
272,7935
2747,3039
2710,22780
27773,17331
4963,41217
37386,4259
44397,2010
57532,1139
145,15155
4975,13471
735,1301
2372,2051
3041,483
3594,1466
3614,2161
4458,200
4990,1836
242774,1609
515,11206
66097,9671
112868,877
376,11536
2550,1884
50912,1692
2043,1183
1707,3635
62733,905
206449,366
680,1389
2978,1051
38188,204
3487,612
1511,156
187815,303
170745,362
2660,1264
5017,880
123947,212
142492,445
73929,1200
114758,113
116668,201
160674,64
216801,5
244906,175
252484,1
279428,36
279780,151
136467,131
80839,656
178613,343
265550,213
136307,28
191965,31
90888,1107
157829,6
49007,114
488,585
242200,6
7126,338
8684,677
8631,123
5739,172
5248,387
142222,885
160289,658
180211,54
200,346
2503,122
105811,51
6844,143
63001,83
27450,136
208657,9
177951,100
8670,397
47808,52
4287,156
8685,37
185869,63
26055,241
114514,9
224643,18
129032,101
60096,46
70978,66
83096,54
83322,60
179847,8
187125,7
193045,3
86277,36
182199,36
182211,12
138376,4
69805,258
7207,106
156611,5
193477,425
6682,89
155800,108
147829,6
25852,137
46604,97
5928,108
146048,42
101212,8
230849,7
206133,20
191817,7
234257,129
140579,24
2562,247
1622,58
127206,153
70789,12
192097,9
197657,19
5623,20
7413,34
67405,48
69906,13
88272,171
1383,149
47525,104
206702,81
259647,37
287095,7
188591,8
81381,40
217123,4
185987,240
281918,24
143061,17
120855,20
7828,18
166544,54
191161,1
69947,30
183315,5
88067,29
143404,27
109810,25
119057,8
248130,4
52009,23
215479,9
194692,23
128748,1
122425,35
57476,55
26843,27
71545,12
124519,10
143249,28
279958,9
81637,52
170775,29
59399,73
116849,72
31600,14
117920,28
249528,18
144264,16
196943,6
201188,7
205361,11
179703,7
142780,9
195487,22
275319,1
225974,20
46765,46
204278,3
71067,24
87166,46
181227,6
5910,40
71980,23
41094,31
168564,14
172063,18
177407,6
160672,6
165805,5
84646,4
177255,4
204994,12
164167,7
179859,3
208008,5
203976,4
196005,21
155667,1
133319,7
139553,61
131262,12
134517,54
134381,4
263655,4
134777,60
4358,35
135174,2
135745,11
3722,61
5484,106
267938,1
267968,1
3247,8723
1617,32831
86880,7972
487,642
1040,156
1726,2632
1883,5244
2093,2154
2795,7643
4139,88
4527,170
5051,1054
378,2336
940,4299
85367,2341
4411,441
31804,1678
639,1157
51174,296
94015,900
157559,13
136471,82
44800,91
126106,111
147833,49
183855,161
219412,5
265204,146
95201,843
187199,6
4750,492
254,632
128488,332
280202,166
4003,872
49422,402
178379,16
31114,240
2283,536
1980,1255
4584,287
216366,48
97904,126
6441,396
204294,176
140844,47
7702,247
6684,328
25858,44
71372,106
5889,107
60418,126
26521,85
2510,75
56,74
171393,20
176211,226
117194,61
4922,69
183703,85
25977,107
215975,1
176365,76
84732,175
159004,20
201552,9
278546,5
138422,19
138500,27
6228,268
136604,13
170815,71
140852,34
90751,59
5406,108
141874,59
114640,14
147016,24
32497,57
205539,10
283139,174
79469,38
272891,1
60538,147
90241,26
111628,21
141363,15
209213,126
173933,35
97059,46
161974,23
170291,43
227270,13
118166,139
220320,5
105799,88
70800,2
205897,3
179527,9
208277,3
52378,41
4540,134
247252,3
177071,27
185171,98
211063,12
191805,36
180253,11
202189,3
281952,3
207610,14
5550,137
109319,11
177869,11
103749,13
206166,3
187229,47
91911,12
118540,1
128790,2
154474,58
242222,36
186125,18
91193,11
120428,5
8929,105
116333,6
185351,8
226712,2
215463,3
138788,2
128183,4
60585,40
26569,53
139108,37
27675,22
211924,2
228781,1
110255,3
45987,23
2604,27
35386,25
169888,27
287229,8
172085,13
147290,82
69356,42
123475,8
184579,9
274151,3
113083,20
167678,16
145340,5
60393,20
111815,24
144314,9
197313,8
250168,6
67925,40
197093,15
233669,5
87076,13
206282,6
93061,42
26221,11
97690,4
138570,5
128239,4
197713,22
268916,2
138354,1
139114,39
132989,36
6651,65
135157,7
135848,70
136744,2
266966,2
131546,6
8630,13
109,16
267932,1
135911,2
139966,10
534,4908
5952,67463
45186,7870
109848,2574
208703,6884
228,478
2253,4025
2427,9530
3019,4047
6062,1166
6349,211
64620,3471
91658,12307
176423,883
4298,1135
115135,31
213,1994
1446,2315
3879,1601
5528,6425
1623,1203
1686,1016
225173,4486
56715,1765
224348,2
134252,154
2506,1429
4492,1004
1585,208
52885,3909
7071,687
170423,50
192377,100
194026,98
203711,16
85397,943
4551,45
127098,1342
2765,303
101296,182
158530,87
180539,52
183661,98
202395,20
210867,498
242894,857
177883,110
160876,88
49735,85
112895,106
1854,419
7619,824
89840,863
132961,449
3957,652
114925,166
132146,68
7089,1110
7697,106
105117,9
69685,246
159779,19
127204,187
26211,40
93183,24
103651,31
125413,9
145237,5
70032,165
3603,25
72696,353
54612,185
26577,47
5604,533
8841,112
997,223
26459,45
94271,34
51354,41
140543,4
182283,6
187261,9
33760,57
103489,15
164260,122
6121,120
87689,6
89590,30
91227,17
99889,20
110966,2
146866,93
201662,54
6321,67
201747,31
220586,2
62799,256
195245,12
204818,7
2233,65
161578,6
74164,46
147394,4
158577,9
192143,3
150621,11
178701,10
5671,34
114958,39
174087,50
8240,82
144612,24
195009,38
100017,50
209999,44
78916,19
270256,23
194622,24
135797,21
265030,6
274983,7
655,20
75938,35
5104,67
156690,4
140545,42
184615,5
220370,2
127610,24
103036,6
207063,6
195247,8
25811,26
61816,90
121557,1
123026,5
199928,3
126088,32
174685,48
179885,2
201839,6
250634,9
270390,3
153961,3
172799,44
130269,11
171711,8
148685,44
5842,84
200608,5
203681,6
205150,5
239418,1
256951,4
163605,6
177257,10
164669,11
70762,30
8816,44
198695,7
213057,4
117531,16
232357,2
165753,15
99962,23
229269,5
202315,6
94157,18
191901,25
180103,10
85389,8
194775,5
154943,6
204264,8
234550,2
169296,18
140862,63
225667,1
229215,2
85892,10
86689,8
111997,2
214720,5
478,283
134915,43
133143,70
133859,12
132944,9
288369,1
131504,9
26205,35
137902,2
137064,1
268328,5
26369,31
1120,9830
45722,21481
77561,17099
158813,1357
65261,5236
2816,985
1105,945
303,7435
574,1416
1408,13630
4954,2152
5881,4040
7149,4574
38038,7414
49274,3940
179817,2121
1281,5484
426,3389
3559,485
6566,1549
3432,506
111113,3173
114563,33
4284,164
5012,625
1474,2059
1554,1367
32600,78
718,1248
163422,13
196223,696
139847,67
70607,88
170571,17
230301,3
250362,137
277566,190
281140,5
159789,8
4802,746
3230,557
6872,558
26117,121
144724,6
2390,2608
8711,502
47978,228
5587,115
27798,117
57543,127
74677,316
6920,698
113071,150
115414,185
170129,64
132883,163
227580,24
7622,12
144029,12
168760,50
97797,44
7357,112
26757,41
34063,100
141432,127
175945,9
250830,1
64278,291
201803,4
205805,3
212871,4
138492,16
89722,29
60343,17
4942,105
60137,81
163913,10
6497,77
75402,7
96242,3
125409,1
175657,49
31636,38
42973,25
144362,28
160852,5
164139,15
237640,4
118270,17
245738,5
97244,26
127867,22
201002,16
196227,7
57854,65
1842,24
208265,2
4049,92
145716,1
86854,13
195587,8
235629,1
170959,125
6226,156
180441,14
190519,4
100406,14
163953,9
140731,6
153312,10
71184,46
65155,68
162986,4
222131,40
8136,47
168738,69
207860,7
168412,10
30695,28
127701,13
182369,47
182773,8
187865,5
190641,1
213469,9
218503,33
86904,11
203689,9
3995,33
101301,14
171273,7
144005,9
101180,22
115913,17
183907,7
99598,9
170753,19
196265,6
205831,2
207163,5
214870,7
223240,11
84304,52
32345,28
150340,17
180885,14
54833,80
78461,4
291463,4
125395,2
256063,1
51106,8
161970,4
7992,56
155164,23
187281,15
197927,9
152491,2
166217,7
210403,6
164727,25
148972,13
176259,3
194122,9
163769,5
142330,3
276865,7
87880,11
121751,3
239690,1
272637,2
203952,4
166663,5
128514,6
269170,2
134109,187
139849,6
132370,4
135977,25
132161,9
138018,2
749,41
1196,72151
708,15472
1544,19112
170,8841
3977,21392
7373,12169
1268,3309
1953,9961
2367,3004
2373,1894
2893,506
4147,167
4971,761
5135,3011
6708,6976
188189,2455
4616,1837
114678,477
702,498
54780,754
5263,98
63828,78
354,1264
3812,2370
6928,70
103819,60
1162,846
26228,103
26422,637
138204,244
162344,117
220922,183
277152,10
279188,73
281048,5
90403,755
91622,1026
171233,95
5821,107
4548,69
49412,132
144148,6
5729,173
4300,214
7521,36
5687,66
5963,360
84236,41
4634,244
26307,36
26764,106
130446,5
176105,307
184353,58
224655,25
44073,90
106879,37
6723,226
54967,94
94893,25
124131,31
56561,31
6609,304
47904,101
807,224
34045,104
122681,1
167788,35
196747,2
284965,2
55050,47
128834,16
218075,9
266858,10
234567,4
125205,13
41831,82
43710,32
97933,76
267282,2
101848,23
32243,19
97460,11
116219,163
4755,147
163949,154
164224,6
31954,33
187467,16
205707,3
272935,1
111142,4
116604,4
118910,4
139241,5
140962,17
186071,8
172471,21
129822,15
85298,65
214951,16
30767,40
68137,27
195075,63
213127,43
54491,42
155020,3
223464,43
165085,72
3335,72
244686,19
205729,9
62669,19
164937,7
163450,18
169520,5
177495,58
227282,3
7077,74
93785,14
278576,1
143868,70
46901,12
105414,8
148550,3
233031,8
79321,20
79458,14
121549,3
124963,5
186169,4
146242,25
151983,2
70513,10
156960,5
274201,3
142200,10
124356,15
137986,9
248030,2
259681,7
122325,19
144510,20
174063,11
199994,4
164049,12
69786,17
192515,8
25894,21
42698,16
65293,18
204714,5
288601,1
158627,2
153152,3
77715,20
191959,3
116449,2
92268,3
167522,14
5229,30
99735,3
234304,2
160434,10
51060,28
130060,9
180979,7
290251,1
159137,3
287865,1
117125,20
155058,6
99499,17
161486,4
226458,2
258203,14
131710,3
135530,380
264758,6
132991,56
134455,3
133215,22
265034,1
265320,11
264566,5
783,12497
2990,4816
58025,5964
48738,7130
611,1951
185029,6304
612,1649
2146,3515
2908,8653
3424,7226
4462,334
5951,327
73808,960
2527,4964
3342,1472
8493,1549
141890,1049
167036,1727
55280,3905
6298,575
2977,427
27772,1343
5226,543
2936,1743
177989,5
103279,270
41014,338
118930,390
149186,100
177107,11
278820,185
4449,26
188187,70
26398,443
7939,732
92161,15
39369,88
165119,131
46912,56
8772,700
3544,474
304,724
137863,169
5358,195
7942,299
668,1074
44301,154
3892,382
148842,3
4283,303
4785,279
6041,263
59188,109
113085,3
128133,1
147692,18
192811,5
167710,36
52170,89
136463,171
174743,11
44889,188
8332,149
272527,69
536,767
169874,11
182783,113
4801,375
25855,249
186383,16
215323,4
232283,1
233913,1
26157,153
123997,10
168080,8
185367,24
186343,8
201230,22
262033,2
138470,2
9000,114
7185,85
158860,32
148962,3
6044,116
45172,87
156775,47
32174,138
66549,11
97165,7
4861,47
164895,6
124721,1
211710,12
112412,41
71664,28
261839,81
167582,15
197549,15
257387,97
31975,33
142652,11
153536,10
212004,6
169812,16
124901,23
273131,56
85883,19
137471,7
86416,14
163386,161
186203,4
289689,32
200406,14
200408,13
8659,35
193843,54
145841,6
71740,40
141040,1
216975,4
140321,9
280366,1
138224,7
112326,22
89638,62
177119,65
130468,13
172289,51
159714,8
71936,27
143689,10
167584,10
126166,5
127879,16
162794,1
174541,37
185659,18
116509,1
89720,39
125968,25
190129,2
196257,31
97330,23
160878,3
142076,6
192107,30
233113,1
245430,1
201346,5
247500,12
291871,2
112301,9
123836,2
219410,1
271188,9
272631,23
286145,1
147700,1
149692,13
144274,15
192745,3
233627,4
187375,17
123121,19
177585,9
185883,15
287039,3
214264,1
142248,5
187537,4
198693,10
140828,3
141646,10
145346,2
147088,3
230915,2
4789,533
135681,12
1830,10
7403,38
5399,156
134238,13
157421,4
132002,16
26751,31
26600,8
132054,7
133907,2
262257,5
3203,3498
370,15893
60684,17016
81591,19149
32025,237
64614,18810
159415,2177
913,14190
2103,250
2430,958
2707,7347
101962,1192
105,10131
4407,877
37729,10006
2693,1888
83349,2446
5570,886
61465,700
82852,1542
5804,1653
155064,1157
2518,2162
2280,925
231181,31
69574,195
194004,887
146156,38
120835,45
164983,109
269436,49
181355,70
181357,100
287437,16
162604,63
83976,555
2151,1685
7300,510
97785,401
4350,409
753,514
34321,647
8404,421
73587,498
33487,154
178839,175
204696,77
104906,247
204702,170
6070,102
8724,468
1744,496
59942,27
76776,38
149733,2
198267,11
232997,1
222647,45
109191,300
43853,91
54908,272
6008,309
70201,79
194722,62
144760,84
26051,106
26574,38
32864,43
34065,88
37855,275
60286,36
99367,52
115502,170
202499,99
209985,2
59290,41
116094,16
103639,143
116281,19
152250,8
160684,138
6468,128
125924,12
197755,21
298,257
43838,103
105410,24
200534,12
168064,20
170393,66
70958,32
116213,41
7094,73
6455,152
96629,75
4269,21
48059,147
201759,24
100304,48
127186,114
167454,3
191467,5
205645,2
3472,115
96935,14
130640,14
148034,24
112580,138
102199,12
191169,5
101186,132
141830,114
210683,22
190963,66
139632,8
112083,18
102974,18
55517,68
105453,23
88570,21
116415,21
163765,29
97692,110
48198,29
103452,22
81959,8
233579,27
144216,29
107656,7
149075,11
73399,14
83619,7
158974,61
151717,64
188671,4
170513,22
146532,4
174003,9
195937,11
4257,15
26940,77
69444,15
146212,15
217407,7
251754,3
122476,2
193962,20
200374,10
224216,4
269766,14
80653,15
90706,15
128081,5
89924,29
217897,10
218665,2
221088,5
223842,7
227202,5
227690,27
229477,20
25903,31
143775,4
159784,11
79507,48
157553,11
272579,2
126933,34
7783,15
180005,2
161630,7
6439,55
150377,8
179149,8
162416,48
101303,8
103361,17
153528,3
219703,1
5698,30
160343,3
273189,7
201488,30
133712,323
865,100
262733,10
133185,152
268864,9
136596,77
132348,9
133219,143
131722,7
136938,35
136672,3
7339,20
132118,26
5430,42
7407,53
1553,33
134312,2
5349,38627
1370,19308
1573,23875
2916,26920
52281,6739
52460,382
61236,1975
837,7130
8623,2943
188,2656
2126,5160
3145,1160
3362,9597
3672,882
3747,851
4378,3315
4541,950
5666,1601
6881,1479
8364,328
8983,5665
58,11659
40414,668
157296,5624
5525,705
6986,760
124705,3
94953,590
175429,42
2347,685
6743,887
6662,3032
1880,353
5980,636
184777,3
195921,857
204004,3
64499,581
160567,757
3736,929
3849,331
99910,984
120807,678
163527,27
192561,266
222081,13
225970,482
283223,232
93717,33
157373,330
113250,253
211726,191
726,543
245816,43
115524,8
2400,381
26359,358
52448,248
60857,105
63276,108
90052,36
102856,56
4316,292
2332,221
211385,26
93980,166
211954,7
26324,113
54419,47
178783,12
103657,31
60939,272
78124,11
109963,38
6038,72
4328,159
214034,17
4360,251
164264,54
2632,187
71147,46
173441,22
249292,12
32668,75
174531,17
58434,35
126048,48
126072,67
128910,6
179369,15
182193,22
222392,4
143053,32
6451,146
7277,14
4611,169
177769,35
4362,52
72276,15
107143,4
177339,16
95052,9
222649,22
180415,4
206521,5
8933,260
188771,12
168218,61
9011,100
205695,2
274663,1
67354,20
289253,105
2293,86
148701,24
174405,6
42794,44
101763,76
154156,5
206325,11
140228,41
26519,8
81733,31
178943,11
205190,15
6814,136
231127,1
255881,39
200036,7
5719,33
26074,35
26067,20
121284,29
169776,29
119948,45
86657,13
176625,62
225205,5
26397,5
97917,6
113692,13
6073,70
25794,18
6453,111
125159,3
151653,14
157254,12
174095,25
251486,2
6742,48
27874,53
98013,67
140218,3
144298,41
220072,4
235361,19
81162,17
89126,21
109669,3
6733,29
188053,13
227715,1
232215,3
164045,5
163456,25
215865,15
142863,19
91960,4
194897,11
213081,1
189645,12
288723,6
168640,3
145110,9
276903,50
32737,46
196315,15
50774,47
141487,11
115075,46
241324,2
254290,1
167528,6
280546,1
234987,1
279030,7
202023,4
108663,14
78014,22
174265,10
225661,1
42705,10
161442,1
201708,4
202707,5
243332,5
221658,5
155117,8
5236,112
134087,24
136810,6
3780,137
136582,3
137447,2
133231,9
131104,29
131970,3
264556,3
11,19127
5299,15762
7386,2298
2121,2268
45447,13183
2058,10438
8949,10928
421,1832
1024,1267
3735,5250
8869,518
195159,10434
204,8795
108981,1436
1794,1211
163985,625
4486,309
8639,292
168366,3030
34530,1057
3109,358
3550,1195
1482,516
33,67
781,2143
4213,442
575,3035
3400,432
68444,216
5272,248
171867,305
205130,67
6305,1898
47287,91
160400,128
4268,236
6132,150
58485,168
152664,29
187959,99
224733,31
278586,730
74688,1234
140816,561
231413,195
90343,420
101025,1060
103816,92
4706,175
3965,288
1859,651
194991,28
201729,251
57772,197
4188,400
286899,105
7205,221
77843,339
1152,206
44587,267
85012,44
111804,6
148687,17
179175,38
87287,49
58084,37
3428,335
50253,26
26418,65
5244,386
3367,215
86408,51
160942,3
196799,4
224026,2
280406,43
137749,23
183507,35
58937,92
175643,75
177251,12
251388,36
7312,66
168778,23
106868,23
127881,4
206311,63
198801,104
67929,68
4764,67
61934,46
92702,28
68482,62
84807,30
201889,49
136479,7
60259,135
211091,5
176519,20
180587,258
201310,24
143009,39
168402,11
179113,12
272837,1
46808,16
118214,12
122037,9
129350,23
178087,13
217001,6
232131,111
872,99
124119,2
6324,105
175487,18
45533,68
69446,11
159606,57
200034,12
134348,37
142384,25
5332,85
194388,26
170983,5
226476,5
189563,1
57778,19
93952,54
6683,156
292009,2
105375,40
109764,5
113536,6
176797,9
148765,4
213896,8
124137,5
149860,6
122523,10
144686,23
179695,15
96383,19
169904,25
253564,3
71458,10
100593,19
123852,3
159197,4
116857,47
93907,11
180043,36
197647,4
205162,4
211656,3
147006,26
173183,19
279740,3
6420,21
33624,18
99246,41
110752,4
197833,18
4004,24
192469,8
79916,37
277558,1
98593,4
140393,14
103057,50
167112,17
155243,1
72621,9
207477,6
173025,5
203368,7
227652,2
37976,47
157348,11
106238,19
125525,4
170699,10
118059,1
122431,4
122447,5
130440,4
161458,3
140347,6
284235,1
131554,21
8850,100
136552,9
134041,121
133037,8
131870,8
139096,5
1852,13
8187,56
110,69482
541,46289
508,22912
150,55940
1129,10981
413,6514
2953,9790
3418,13685
8371,7576
32596,2461
69640,3380
1033,5397
1821,1726
3178,4860
4488,1182
4728,5181
5955,1582
27801,2054
156605,1148
369,1120
109321,54
4479,390
212587,346
196369,10
103372,2294
4031,1100
47793,152
186647,2
186725,5
143420,16
93164,336
100397,192
121372,274
197987,24
221850,224
279384,34
26471,881
97768,12
101765,79
114250,75
183833,229
5815,242
1860,534
6186,399
36509,592
83,589
3903,257
191337,3
225918,58
261131,738
106138,51
54787,563
72712,111
179977,159
174435,1
3223,402
4266,306
108056,84
61913,26
70465,52
74306,37
75423,50
105709,23
183915,155
245600,1
27905,314
237964,205
6202,152
33049,9
4131,312
154890,64
140265,247
68865,5
202431,60
224665,28
171277,24
181215,13
169668,32
141924,249
147268,35
158846,41
203168,3
204480,14
206704,10
86768,22
100238,33
159976,99
201056,2
91673,208
97779,65
99387,25
2039,68
3642,46
34216,7
145162,13
26123,62
48899,5
134702,3
163993,33
192513,4
227434,14
252126,1
277112,64
184057,6
59753,73
73533,12
100075,27
117932,18
118252,72
130784,50
65796,72
148472,34
196965,14
141810,76
5439,198
127124,72
117732,7
129941,34
151453,3
89403,4
147921,16
232399,1
154828,10
103994,9
279020,23
261417,18
182359,41
187655,12
6945,248
279938,8
212809,5
189037,36
127724,34
64652,29
8853,15
72856,30
92130,17
164232,8
194843,6
136942,7
128985,4
171339,10
71418,53
92262,37
173845,78
142833,31
153996,15
284573,1
6589,8
142356,13
177823,10
122230,5
155723,4
185405,5
194230,9
34135,21
5654,18
47146,19
145432,3
203308,16
204552,4
220338,9
226244,2
228893,3
232457,9
190193,27
217081,2
176129,20
193253,25
80290,7
122462,9
160315,7
190567,6
195063,6
213529,2
69677,31
92085,26
191741,4
104959,12
192701,41
825,24
144598,11
151927,38
155541,14
193397,4
195473,10
181797,5
198677,10
107692,17
112988,21
86748,17
111325,4
161456,2
216057,1
214926,10
176135,8
148592,12
106403,7
131508,8
132346,5
8729,42
158864,38
135462,17
136297,27
8758,50
137028,2
7113,32
289359,1
131518,2
260,85010
2001,15124
56171,4095
103339,2263
152083,613
71,1341
2474,3694
3238,1267
3347,1383
53993,3550
112940,833
179415,132
273891,1524
2459,4589
1730,1902
5766,48
3358,2409
3873,1400
50851,733
2360,3025
135480,9
74154,846
6242,3550
7369,1388
2917,4122
68,1241
6023,792
6785,1032
63808,552
186735,2
215901,4
122312,10
192559,373
276687,46
106,137
91035,111
96943,19
5674,26
66506,43
5732,423
61986,634
210917,11
100581,348
98175,73
239374,1
69516,365
567,451
98604,765
4152,222
94410,97
26617,29
93803,62
162448,58
4096,53
1472,410
2307,201
2221,251
8898,79
32788,34
8956,187
154276,18
27864,90
160656,170
26078,220
32352,129
51312,207
192285,116
202497,174
213616,4
143813,8
176175,27
177621,6
201354,5
202325,38
216229,1
226014,2
246304,1
269800,2
193683,32
166423,9
128582,15
203723,9
111320,85
139801,11
6094,271
172335,8
111370,6
5939,67
59182,16
59801,34
80204,19
81330,5
107400,25
27627,119
155798,35
201304,76
215991,11
280900,47
6580,16
193269,3
62254,29
5070,7
93834,8
105204,32
140283,13
71318,147
198905,5
273977,29
88131,44
160319,19
148923,4
203144,17
134611,8
151193,14
142861,57
77449,33
213475,9
219669,43
160100,6
166203,30
157108,15
136345,77
222153,2
7913,57
157272,18
175639,29
90203,12
111597,3
128732,3
171613,19
189489,2
192281,6
233083,33
172637,73
271423,3
191845,2
171003,3
173353,10
176391,42
176459,11
136876,1
146362,3
152978,9
211958,14
172623,40
175529,3
159624,9
83807,27
122470,4
208345,1
236993,12
155062,54
166753,6
176115,3
148919,8
169966,17
197123,37
214442,4
97740,31
194208,7
291461,2
46258,38
72298,28
234436,1
278074,2
142691,24
27699,48
123004,4
176227,8
166310,29
183591,7
186485,3
150931,24
203839,3
71280,11
122343,21
147156,1
189017,10
122841,1
138388,2
136974,10
133169,88
264239,4
135490,9
133755,2
139783,13
157679,22
135731,2
131751,15
265128,1
132245,1
134530,7
2028,58368
2353,18246
44191,35173
49651,2612
70159,2292
114180,7209
8757,42
7445,9935
122896,3064
2379,3841
4372,1454
6022,253
6636,1044
7381,1414
49793,963
86190,3464
196067,340
223876,788
3409,9113
1241,3413
7063,2313
90821,23
4183,323
4021,1080
2931,590
65585,1400
110453,465
254460,712
158966,3109
142422,520
144950,6
49220,553
2767,260
58709,114
101653,36
142448,1560
26365,131
27491,419
162160,65
175281,134
205998,5
272587,3
6119,173
5607,363
144658,5
222011,457
132424,686
525,179
113035,42
33743,37
114066,137
211544,10
34170,52
80454,43
272407,258
70597,147
222467,11
6679,243
140814,9
210295,6
210769,5
69394,227
33681,665
164047,29
27857,287
51579,49
146878,48
169800,22
100882,169
124494,5
175923,3
177591,3
223880,1
79663,56
83448,15
222105,3
185231,75
256057,3
78757,24
187161,2
101648,22
123194,11
89551,10
2486,64
204812,8
213557,20
69689,24
284191,4
77318,30
104280,13
119695,16
203930,1
26695,125
111290,28
70432,98
163911,63
166245,55
207229,133
230111,34
5846,73
561,225
95486,2
93172,55
279248,1
32162,56
26113,77
115933,4
200412,21
169188,35
8736,56
193749,52
26206,28
150842,20
4201,192
87047,15
27783,42
175219,6
211025,1
205122,2
61473,40
101226,6
115162,27
206274,4
176849,44
27769,30
124406,4
115711,24
251788,14
170301,14
270424,3
146158,3
98842,11
121180,19
191271,2
192225,6
196297,5
204572,5
205325,32
234167,3
279966,8
90702,13
118766,12
6258,101
108529,26
124496,4
206357,5
216721,3
231837,2
252254,1
201879,5
184219,11
143853,4
189753,25
67704,5
74342,13
79187,56
187395,9
171879,32
122569,22
259981,3
124507,14
159111,18
167172,15
118458,7
194154,5
176867,3
113468,4
141620,4
254338,34
176387,1
202623,2
212475,11
133871,12
8506,102
288557,2
266820,46
266318,6
6191,38
3630,69
6317,24
263643,1
266100,5
1080,27292
5026,3499
45517,11703
147,4866
910,13608
118900,1413
167544,719
1224,4819
2263,1473
4242,231
5379,1029
6036,135
36527,1239
49280,553
51080,1670
128838,1510
1797,1934
5782,4835
4371,392
8934,207
85316,206
130522,41
162634,45
2024,848
1972,1709
48678,422
183741,14
190017,148
199640,2
116,967
5021,1225
6862,1061
44779,65
93443,827
167844,10
204690,148
226692,42
278236,94
5935,154
54278,297
6458,163
108078,164
4949,241
3680,357
50147,276
8017,187
8387,1122
2894,556
102070,246
26819,448
100072,11
130670,1
82527,410
192393,231
95973,60
114461,32
117871,320
123838,10
130614,10
143472,56
151493,7
55071,374
232883,9
26462,395
55294,31
5858,134
4575,75
41769,173
31903,168
3604,571
206295,22
194012,87
6830,64
25747,15
83835,28
116726,28
170707,35
202813,4
211606,7
261665,4
5098,55
7021,155
117360,10
198153,194
152581,22
200834,3
106054,21
26788,171
204076,5
154404,6
198067,15
120122,20
149508,35
195499,7
199344,19
186229,3
272831,1
145520,27
146270,20
252626,49
195485,97
95197,79
200950,26
140807,38
179163,113
30996,65
100328,21
207189,216
74061,6
131292,11
220344,5
218991,56
6310,33
167636,90
262061,56
4375,68
159107,16
195431,3
226706,17
116171,42
79805,35
183605,24
150296,29
229745,2
210565,14
116050,8
195029,10
200514,10
83180,45
188201,11
80650,7
99521,3
116006,9
158099,6
175213,4
242500,1
167554,14
269956,2
86478,68
82567,8
84792,22
174723,2
279970,21
199890,2
169648,10
178821,3
178957,7
197001,3
168174,61
246696,16
217511,33
276429,6
27549,29
113209,7
147074,3
171971,13
190885,13
194282,2
199572,3
199594,4
209579,5
85365,21
119585,10
214963,6
202183,5
159217,5
228723,1
163781,14
76277,19
100944,21
182291,9
148456,23
166022,12
144320,9
144722,1
146266,6
126040,11
178077,9
173019,3
201364,4
75406,6
183809,4
200254,36
130674,15
202273,4
114455,14
140659,9
170121,11
273377,2
166064,5
135605,4
7329,35
265156,53
132569,73
133616,1
133099,1
135492,19
132559,11
267924,1
1228,13049
3078,801
7153,67449
8968,1020
53953,5355
59016,856
160571,830
8994,92
198,9747
805,12809
1430,204
1680,7639
2084,1165
2478,7348
4089,533
5486,145
5902,13719
7371,4850
57669,15472
139644,7983
159717,915
14,6116
317,17903
2946,2191
546,6169
638,586
2101,160
58078,344
59727,1368
69253,396
1672,4434
132046,2863
213129,76
114246,775
37830,2047
6750,655
204542,1546
274971,1095
26828,147
43652,269
253396,8
4609,147
3928,1066
48414,1379
201993,85
600,313
27768,142
5726,182
176561,8
182293,15
89190,765
3442,179
76111,481
144734,114
74095,135
80185,382
26246,301
224028,107
4685,237
97326,58
86059,398
115939,15
85259,187
4895,133
7915,226
43708,413
69509,55
71178,48
126387,5
57991,45
107447,108
66330,94
74327,108
86852,444
109457,27
110372,20
31109,46
156846,34
206004,9
212575,4
57421,217
97722,24
116493,48
164606,82
114622,4
172731,45
188919,53
210909,25
253190,2
170993,26
2714,616
74621,44
80456,44
5232,176
7474,114
6912,42
68489,8
165651,22
3829,46
68442,117
209525,44
220588,2
196341,100
153404,5
185729,12
3460,15
92184,48
105176,16
143253,8
179839,4
191227,2
182413,3
151721,4
59988,18
3533,82
213614,28
78103,32
148168,32
174957,59
198301,12
171175,12
3187,28
102028,7
163979,41
228791,13
151661,11
95773,57
117578,10
122310,8
194909,3
114240,16
203184,8
222795,2
290213,56
169750,22
105492,21
172805,21
192223,10
215119,4
249200,9
281808,49
190091,23
151725,7
185661,3
213017,8
247002,3
142839,17
146188,8
153556,2
155090,31
205941,12
112913,50
97256,33
167420,15
103645,14
104608,28
45512,20
190943,21
200012,24
2934,44
151418,2
47571,25
3924,86
129933,18
191347,10
198279,2
218883,24
227707,2
247030,6
90237,48
204496,40
79276,25
230105,1
25854,22
26532,7
223252,1
72880,21
68044,33
103206,12
144390,10
149390,11
143519,30
182537,15
197405,8
141836,62
164869,44
197805,24
173483,4
188499,16
161460,3
190489,2
97177,13
131080,171
3808,286
7287,56
270928,10
7295,36
132173,55
157036,1
138528,7
5394,96
5807,24
1693,5255
344,42728
349,31300
3623,22254
55820,27384
7458,14150
1285,12600
1658,1970
2264,690
3378,67
4745,987
6238,1451
7439,3150
52241,1232
4800,176
27721,2464
4597,356
81788,2217
92309,399
70565,227
7091,1046
424,803
6007,17
53140,335
106163,146
177651,1910
208621,637
7235,1530
96314,382
196659,7
197377,4
274981,12
275079,233
287017,13
212395,39
2388,180
2303,2562
4737,182
26491,202
1184,1084
4165,84
67314,22
67363,18
7307,334
5011,365
4514,155
79073,218
1728,238
27530,26
163512,155
164161,6
80398,355
140190,16
149711,12
138230,76
6475,183
187367,16
44255,28
83540,57
195479,6
237223,13
275849,2
275899,4
228353,16
212861,4
225551,4
283535,2
111924,193
8775,43
46803,229
117430,104
108579,107
7586,203
189011,20
3883,60
204334,133
67845,7
239002,4
27447,27
104903,37
114277,84
117474,22
183417,28
43014,61
83660,23
281188,113
180227,16
110058,25
176759,27
2773,92
138200,14
5351,82
8963,126
31610,28
208701,4
53406,65
259795,3
224463,86
182439,8
241480,12
194352,10
173175,25
215229,143
257953,68
208437,14
227482,25
201472,21
89930,25
207513,1
71180,31
84779,29
26047,11
205986,6
90264,27
209751,8
170285,44
80144,14
200732,14
88724,52
222761,5
261691,3
6492,55
122509,11
124342,10
163070,15
166854,3
209347,4
112909,17
155143,15
281470,2
34511,31
116317,32
218839,3
250004,1
151603,11
33928,19
140441,27
171599,20
186159,34
186871,14
209581,10
232287,4
143428,3
165723,36
81853,33
125013,2
126066,34
209391,4
236941,1
271941,1
89501,19
81049,6
158701,1
233483,6
31337,43
8586,27
244224,4
196169,10
144570,10
190793,3
148046,15
184003,27
160714,9
208745,27
243732,1
167288,6
145514,48
75349,25
195019,13
157095,7
195669,15
164877,11
166500,9
177613,7
186479,13
203385,12
189151,5
155687,5
132997,73
136952,9
139859,137
7298,13
975,30
4984,67
158689,6
131272,1
264155,1
971,3339
454,27224
832,15696
3785,14648
68791,5805
103228,7911
118696,8616
1753,3019
1992,1486
379,6142
5944,4988
342,11920
373,3660
1678,4539
2411,6127
2476,2313
3100,5981
3360,5061
3770,1384
4175,263
4980,4522
5297,494
7450,674
8370,2176
27808,3559
61024,8332
168122,1046
96501,148
1958,5406
4056,1879
97752,8065
965,4207
1264,2701
148956,640
1018,1275
6338,1798
27317,2166
123,3534
1629,943
27790,1202
200652,6
140523,1274
167774,22
8035,127
99912,1314
100169,118
215685,221
6192,205
169900,599
6666,1498
245812,246
51094,118
5712,1129
189381,41
8797,257
117300,12
242270,23
126090,411
101728,5
7050,137
33815,394
7708,505
67429,243
45503,427
99030,134
190813,96
117877,73
2179,445
46788,34
90474,157
110968,530
211864,5
26009,94
43677,174
8938,210
3643,294
34004,21
140946,25
39390,26
101536,14
138486,7
4468,210
204312,17
96975,209
143803,9
235493,1
6260,194
101599,34
73270,70
81981,113
152960,7
212387,50
144524,44
206016,7
31655,16
161764,1
26043,112
94746,103
76171,32
115879,123
165645,195
5277,64
27236,22
101160,9
239262,86
206393,96
267334,3
198959,8
205679,2
61035,49
154574,16
1448,50
280452,31
128989,24
83478,101
199734,11
25998,38
118346,9
152896,25
153790,35
195847,81
42518,141
34579,66
270180,25
273129,82
280814,23
241950,9
142677,38
6955,20
106848,36
180955,8
72601,92
155976,9
26220,26
194190,2
166373,13
208787,1
189939,2
130588,67
160596,6
161684,11
177453,10
190491,2
191511,4
179345,98
101904,80
166251,6
187301,8
146174,2
163767,13
175031,2
229129,10
288005,2
128087,4
140186,12
207892,15
227705,4
188191,24
104491,6
227719,14
36902,14
273533,1
158645,3
66618,47
120124,3
90886,4
177865,28
203763,6
55040,38
244264,1
62721,16
148038,1
146868,1
109524,15
287027,1
237181,3
174547,6
81851,10
119591,7
229891,3
276763,1
280792,2
162290,6
141590,7
231409,8
4813,386
263407,2409
139052,245
269254,1
135484,21
136337,146
134122,14
157785,10
134278,7
136962,10
137557,14
268004,1
268022,1
158,14395
47629,3174
56145,5635
5377,12969
5414,1059
242,1108
2416,2913
3250,3040
3535,18868
4640,713
5081,762
5159,1578
6286,1448
7315,164
27831,5254
48520,997
53894,3132
122910,4172
7820,841
6971,564
26326,1181
97938,11982
2065,4462
3822,713
2709,2044
199,1837
1086,7252
4710,810
1563,216
4863,350
40148,1155
270,1308
26101,282
110603,241
77307,1817
171751,130
1983,2186
4417,177
132614,36
173711,17
71823,396
7308,374
7844,415
95744,191
4434,139
83302,294
3665,184
8045,509
164917,608
5295,82
1684,617
93267,31
32302,291
212016,85
2049,214
6114,169
52078,30
84855,107
165059,13
189091,7
198005,3
8617,121
7243,299
163585,71
61167,209
31619,23
8142,194
26336,120
26435,26
31263,85
68667,27
114793,90
26215,25
56651,25
65259,93
88135,20
136616,9
142721,26
178419,66
178829,2
194620,8
55549,30
103083,84
139407,3
6054,101
7839,64
170237,18
203683,24
47503,74
221488,117
221334,1
5519,56
76827,22
117879,28
690,84
288751,3
220582,2
89300,13
196887,168
2538,44
100205,48
168832,13
104520,126
166974,59
5205,273
61301,20
224465,17
205058,3
261687,41
96687,56
107625,47
157405,17
173517,6
34051,75
6556,29
6174,62
93420,78
109159,14
55112,41
128836,5
197831,37
43883,60
229397,46
287635,52
157643,5
67706,23
200394,14
184099,33
140315,40
37785,82
234075,9
105254,116
83264,115
54020,32
284,34
8714,50
193197,7
91010,25
80476,37
177945,25
226206,31
79731,10
2222,28
261319,1
31205,9
74857,20
114177,11
132506,5
162676,23
155695,9
234587,5
87878,15
105497,6
184529,3
154172,1
174663,11
221210,3
188035,13
77941,13
104270,8
120831,10
158316,42
199358,7
105359,9
198741,8
210535,21
211654,1
229839,4
39731,35
74300,12
138672,3
228769,2
144738,33
194338,5
203270,6
87012,7
193201,5
153570,16
130480,16
207155,6
289723,1
138606,19
227004,1
155127,7
184815,2
160124,25
120534,18
128007,16
74064,14
122082,10
144332,10
144596,9
36683,22
178543,4
6489,10
113280,15
204512,3
25783,40
167526,8
144930,6
122433,9
234989,1
103840,5
148074,7
141199,11
145400,8
170989,6
101299,5
186327,9
82070,33
116349,1
166605,5
205263,2
266848,12
5118,248
136148,9
135875,163
132590,34
5491,42
135701,19
135593,11
139803,20
135579,9
135785,11
288147,1
267976,3
2890,13609
2617,22927
2762,57010
3355,4861
3948,25370
66203,2890
81229,7308
98054,219
135,6619
30812,11885
80463,21335
106916,6237
166946,2653
902,11835
1095,7205
3142,1135
3146,4370
3946,1293
5293,3124
6220,635
34534,1934
76763,539
134853,21483
191459,573
7256,2851
34437,4723
2731,4201
7154,3062
85022,1186
202934,428
248,3164
1606,902
4116,540
499,410
3914,375
8195,865
8575,219
8813,305
50160,676
111663,181
163486,1
165605,6
2611,1252
26540,185
112450,299
271160,25
522,1420
77540,713
102245,76
1788,673
250968,386
31026,133
26012,151
31770,272
71350,32
179249,18
33755,68
86628,457
6251,286
38086,45
165897,63
207678,73
34002,114
7085,209
84775,166
151759,334
81516,437
56620,124
115235,94
203691,63
211640,3
51187,123
82608,22
4769,239
148807,6
257037,533
282671,168
160474,26
165215,7
212459,6
143990,89
83837,33
109390,93
49098,24
140701,58
183277,11
6802,150
26938,67
192025,112
74261,14
95949,16
163318,7
26838,222
139799,24
4934,149
2319,20
280532,1
26827,19
86521,6
99964,76
26682,19
179563,5
102862,6
150364,13
285597,60
7882,72
63760,26
169420,7
205591,6
205611,1
104561,25
113302,25
167038,74
206670,35
222575,4
148474,39
179287,96
3881,69
191239,2
286427,27
67504,62
1106,39
4302,73
144572,13
123431,5
288693,2
101379,24
141060,73
7582,35
212487,5
7585,177
125966,46
50949,35
170303,47
46839,66
62277,20
199017,27
136936,14
137381,5
256369,55
224667,4
1567,84
27372,25
110063,8
114947,12
146918,3
154414,5
161060,51
162054,3
180283,4
224192,10
123161,13
5986,183
129395,6
3558,14
39481,47
261883,5
69370,19
153020,17
279534,15
212325,4
91048,45
281784,8
7772,32
150344,41
176331,22
233033,4
166459,11
120618,4
89594,25
224232,3
224675,80
223580,7
112893,3
61264,32
180113,2
161105,23
213728,2
32844,78
122228,7
141102,6
271947,2
25942,25
164379,2
165581,13
83897,14
197767,11
155816,10
8403,32
212229,13
190809,4
110181,31
161464,4
272539,1
203148,8
238954,1
134783,401
5793,33
288543,5
267790,2
137066,4
909,6921
466,14637
337,19510
3448,14376
5060,13455
5991,12378
6889,2624
3113,5899
183837,3189
1954,20682
2124,10248
37733,6455
46972,8711
53131,95
53464,5041
65230,2963
72998,35043
2005,14603
1566,9076
138210,1536
210861,3526
7016,615
42,2568
119,259
3160,15557
4509,1203
33838,198
62155,2303
180045,2227
77201,771
2334,3407
71057,4403
51939,1083
506,1503
1437,353
103315,427
142598,222
237227,886
59669,18
171141,131
59000,110
1312,340
130450,449
5141,234
566,154
138104,202
199740,3
203847,15
72731,1656
186003,74
6395,275
27298,36
145468,55
210897,121
246402,30
281132,6
32234,151
2493,272
60753,888
180987,437
170024,75
5569,631
251516,235
3103,424
69489,34
26762,58
1433,68
81191,403
8726,154
3286,925
59607,124
258881,199
6982,270
172683,16
7959,108
6805,177
2308,48
25921,33
83556,17
167780,49
169294,58
128868,37
117420,31
5168,259
64010,137
214564,10
69498,69
171437,16
175937,17
102469,51
184229,28
27124,69
142969,57
168806,162
214364,5
97986,30
192731,13
166892,8
112062,19
120946,28
171013,151
37955,176
167424,8
253618,286
123655,15
230709,41
202187,54
27455,56
147640,4
184509,18
202169,3
205613,2
205737,4
107505,14
116487,9
146902,16
130233,29
168146,2
284291,213
161784,11
103107,247
259191,60
215401,3
145739,19
238714,1
250766,3
27884,123
257585,40
175651,2
279054,39
92819,55
232301,22
128610,36
185579,17
178641,18
82129,19
228717,7
163563,11
81359,12
212967,24
142600,5
25801,79
78982,13
162394,7
170014,5
226736,3
155890,16
196255,7
126128,2
146325,8
183279,14
222276,10
67702,14
132539,27
76291,37
147244,61
276725,3
74255,16
147493,2
166649,7
199674,3
206307,51
191925,13
26056,37
226250,9
243470,32
2415,76
90878,16
98799,24
123481,11
194903,36
244908,41
259867,4
58007,50
140461,18
169390,38
175409,13
195583,9
183717,7
209351,2
149858,8
195897,6
64321,57
271300,2
84120,52
109993,34
71141,42
124827,7
74859,26
152908,6
187337,9
26018,3
272467,3
91981,14
208887,41
131172,8
7134,241
138326,1
6575,86
135488,28
136253,29
133463,8
135340,5
1262,13217
2944,7858
2,28904
778,35303
54001,21073
102880,1804
4901,7477
1328,272
7007,2070
765,5395
2266,1290
3556,8104
5820,494
6868,580
6883,271
67255,7580
95088,2713
2162,2278
79,5614
3447,382
6371,411
116217,181
194016,1838
892,1406
803,606
1572,974
64032,872
98607,451
186633,6
199095,70
6533,831
143713,40
8906,811
106062,830
212853,50
239484,108
261809,180
280048,10
1817,90
169760,184
6196,769
72701,882
104925,769
7064,1279
49312,256
50005,763
142618,24
260201,162
77788,56
150076,5
4960,75
84156,310
171191,94
2897,233
61991,153
87164,41
98973,130
165441,69
177341,12
6603,64
79333,126
4871,256
202617,3
158825,10
7179,238
201,367
89388,180
97998,37
4920,597
59519,202
68214,22
110048,20
211882,9
128149,30
101687,53
128356,9
129437,64
175791,131
182265,9
198915,5
214736,34
103055,255
138340,3
138362,2
45652,15
32170,74
103186,15
176763,20
4856,73
221832,6
5079,78
32325,38
59655,17
92243,312
170809,97
84246,45
211430,13
31284,107
47778,163
137705,11
200062,30
163523,10
170811,2
205675,3
272933,1
292055,1
37982,20
109665,14
252706,37
139626,14
183263,21
6246,24
79226,85
4261,65
5703,78
109621,9
8944,27
6519,208
158412,48
111913,71
111852,57
277412,12
201072,151
280692,8
31104,60
285867,26
231123,5
200910,4
205321,6
195853,2
206216,4
76147,62
87831,4
32721,157
4906,13
26969,5
143527,5
152248,13
157927,2
5239,53
176605,34
89936,13
180567,5
286463,3
116169,44
153540,3
275541,1
120817,7
148278,2
193835,2
253490,1
179629,4
157184,7
109902,12
115831,6
148136,1
172173,16
196549,6
206200,54
218341,5
224240,4
178201,2
128318,14
187521,14
188691,1
193283,9
291881,2
123254,5
124879,4
231171,2
227584,1
154935,13
252114,8
86655,13
125950,10
175947,16
118388,10
90958,26
216382,6
144276,20
86787,14
109881,4
167344,15
101425,38
161972,11
186593,4
202561,41
209047,6
96631,31
122677,1
128109,5
130271,5
151369,4
100725,10
98183,13
103103,21
240708,3
226460,4
211444,5
137457,76
131660,41
6037,121
132153,28
268142,4
135212,15
136503,19
131092,129
26314,62
267934,1
268034,1
276,5487
2605,9532
6502,21390
106766,2765
130490,3201
135887,3225
205297,618
2302,16164
3107,8386
3536,4551
3917,3853
3968,5829
4771,588
166291,893
149,1129
43460,571
2166,1047
3988,9507
3274,3007
2624,900
4833,884
5199,251
197879,784
4532,501
131,192
5977,113
6316,610
7625,61
26366,279
202087,7
211966,133
93766,1351
117881,1471
1984,1360
120811,49
126020,42
212074,519
1935,1068
3130,1194
2974,657
8253,1644
97984,260
5734,209
114670,583
197495,10
61009,65
62115,165
3942,126
4665,384
6516,279
59731,525
91371,171
93598,177
143894,8
6450,222
6330,163
48879,186
7918,198
56995,32
201654,58
7313,155
26387,46
80648,79
96428,26
190363,3
86626,39
186367,43
5746,112
143035,66
39307,290
2419,383
147078,1
92453,16
45179,61
187135,2
243530,1
290515,1
183235,13
88425,33
44844,60
25841,209
962,110
33124,195
27216,109
121202,52
164061,2
5228,88
123585,6
169228,11
182737,19
254636,1
272915,1
254072,64
72958,43
110225,10
104760,93
127208,104
107636,10
204292,3
58920,13
141692,28
223996,16
252900,4
270540,1
4883,36
5512,62
79561,2
163026,12
145096,72
275211,1
168964,13
8444,66
124909,5
135953,80
210857,62
45506,164
179763,12
160283,2
207407,4
223220,3
276035,2
99191,29
1070,70
5195,60
153482,11
109096,30
233657,11
110773,111
59705,27
98298,20
115531,10
145558,8
160261,1
178363,5
173457,6
94433,4
278278,25
82564,41
150312,22
117370,40
140381,7
174705,12
231291,53
146182,21
158003,50
74150,34
101168,21
115065,42
233051,1
142963,19
8168,78
88485,24
152489,7
107096,6
165501,13
183651,34
191879,5
218227,2
224094,1
147653,2
195121,21
77264,92
226308,11
167538,26
136992,1
145496,5
111657,4
123463,7
234299,2
77944,38
236005,11
151737,2
240338,34
210071,8
141526,8
144304,10
144386,9
144536,20
77208,36
200074,3
69354,25
125996,22
144222,27
178369,9
160177,7
292343,1
160494,11
217338,3
192935,12
4065,283
5314,135
132800,235
131998,21
267348,10
158388,35
134033,4
132766,6
158976,21
135915,7
4886,46036
2115,29294
1092,12968
3984,5481
77866,3231
54004,2025
999,3200
49957,420
72226,9818
175303,5025
27366,308
189805,314
105211,679
162414,4155
78174,912
2938,313
101525,2742
7045,1287
6530,1051
7167,202
7457,77
8535,370
25753,252
8582,572
26294,426
141866,2148
186663,5
7288,61
91743,83
270696,811
95506,45
109802,78
155968,710
170729,348
257777,1
260823,5
2593,553
32649,164
51498,129
150294,251
365,1898
6208,111
7056,612
269960,41
4194,305
213549,2
7172,156
34359,141
2548,913
241800,40
6967,285
27496,14
1839,551
6415,50
107987,70
92118,55
154941,242
773,79
229431,296
8964,50
174035,75
7111,127
63273,42
3737,236
171649,4
73117,109
162802,1
46862,51
6404,120
27811,46
201877,2
225657,4
283515,2
146198,9
8991,70
3344,195
6049,101
3921,156
116817,140
54934,170
55419,93
5115,42
7916,116
8763,21
37957,42
77829,48
175141,34
1316,47
33136,135
71558,21
71591,25
122772,8
3880,101
26073,142
173763,4
192863,3
193091,6
160604,19
6860,108
268858,16
270602,21
118250,5
152828,9
153538,7
193805,16
107885,19
189857,10
166167,15
139309,5
6355,60
7189,84
114003,11
164823,12
160462,8
184135,15
203799,23
6681,66
180221,6
167656,1
218621,1
67365,87
174965,8
257627,10
113644,9
128669,7
144370,15
153718,8
167472,7
177933,17
219746,2
199279,15
26377,30
116909,20
146380,3
275257,4
281908,6
121217,12
123437,2
169354,5
1557,21
6474,47
820,71
207387,6
211658,7
233159,2
212913,10
140791,5
253962,4
53916,25
6926,50
89800,8
125465,9
170689,24
184575,8
194668,2
259843,1
168670,5
176835,3
189909,3
32347,32
197217,7
117350,13
159121,6
187651,2
91593,4
172635,29
148818,6
174243,10
123215,8
252024,2
224176,6
175497,10
248968,1
134861,37
133824,144
7047,218
134521,19
133505,5
4112,38
288169,1
136996,1
5487,34
2825,57
270342,11
136654,28
357,30312
6016,25688
2000,22152
6952,3228
4622,335
529,11176
1187,1210
2144,10459
3950,1488
5617,5981
5644,519
5878,4476
8781,3755
49824,1243
117529,8820
175661,2322
68952,3035
905,5074
86835,1271
1964,2513
32213,1135
7782,446
94752,151
127112,58
1004,1658
4783,693
5215,114
2276,360
6596,464
45730,1958
1612,450
223922,15
182633,5
186675,2
32834,80
40617,227
69904,102
110586,1112
157881,78
216745,298
242906,713
263009,1205
272541,249
3732,495
195745,110
6777,1289
118872,23
294,846
4836,195
6842,116
105159,151
113521,38
7374,574
164071,9
5643,445
82926,106
6180,137
55156,115
173007,120
91842,826
49013,625
8806,13
4414,287
227224,23
50651,177
171429,17
164214,10
4046,351
78142,47
80617,195
205893,31
95531,29
191221,7
148890,10
214462,15
216943,4
230711,8
276423,4
138324,1
167622,3
115921,39
52831,168
60482,148
55854,49
179599,12
115927,117
117596,10
176075,38
209893,3
81147,17
143389,84
152647,8
160850,2
272869,1
177471,10
82366,103
101458,17
104671,28
161304,8
26645,34
1819,19
95572,21
5987,75
44168,171
164258,8
159443,5
167552,5
5700,76
7577,222
148976,26
122468,19
281616,11
214128,9
184583,29
244562,1
195463,23
208295,50
163853,2
255225,1
190979,62
4702,72
54875,20
87094,25
189561,1
61707,20
140709,37
149735,6
198511,1
160598,30
168408,71
146136,6
124552,5
151715,10
167822,10
183329,30
83823,9
151357,30
259835,49
105599,10
120486,30
153034,2
279142,2
173685,24
228441,2
121259,6
159680,2
169592,8
46613,54
189377,7
211650,4
215755,4
221044,10
221618,8
96545,16
170517,12
27624,24
70088,29
108360,12
184569,5
194232,16
212064,10
232413,2
69706,2
111813,19
246454,1
73202,10
81413,24
165167,14
129366,8
226586,7
120919,26
144292,18
92441,10
253442,4
170757,4
271298,1
143029,34
277554,8
227148,1
176145,4
183195,2
207089,19
130396,20
129522,6
187409,11
251336,4
31577,8
79771,16
163208,14
229741,3
176385,3
198109,1
155665,13
167322,3
158844,38
135781,9
132618,34
135697,15
136648,12
137020,2
6688,49
263333,3
288537,1
269186,1
1885,4400
2642,5321
5873,719
3617,9947
8972,12517
45728,4606
1373,8130
118,1132
1390,1701
2010,7290
2348,2563
3186,6154
4128,6979
4679,3586
4903,2847
6269,377
46572,216
4872,254
3224,1031
1981,1426
1449,6433
47999,1932
80846,1764
1112,393
1503,1351
9010,1127
6013,1081
27408,374
36477,152
46574,135
1571,465
6645,1783
80350,435
203922,93
204010,2
2925,1239
3329,243
4422,1037
5145,233
175485,616
101850,305
136485,283
192381,506
205425,438
86293,582
223027,116
4671,144
5493,384
183309,160
56915,478
5208,140
50898,113
5078,180
7025,465
163474,28
4953,101
77711,25
53569,60
100070,13
573,211
1652,85
71755,42
159169,22
166745,5
171883,5
201272,5
59040,97
4236,138
1508,206
88468,212
160201,64
54783,38
71926,119
64930,90
722,349
56372,59
214572,8
226700,9
6412,400
66718,29
7809,314
135765,34
148850,23
77770,44
173977,17
183129,5
140475,13
275637,3
170125,56
47719,56
101629,17
128594,93
87410,9
263909,3
4724,65
45852,227
73885,63
91564,12
128872,25
205641,1
63806,8
130071,12
139517,32
154168,5
166572,51
78308,36
187167,32
281004,122
288945,4
289153,22
278802,21
140309,28
108811,34
279046,18
175799,5
152884,3
186073,10
6701,107
132458,44
5535,26
272349,2
116985,74
254790,20
88518,6
212635,3
69771,48
128788,9
214796,4
189449,4
215147,10
143474,14
44881,60
130484,10
138538,3
146578,2
157500,15
225914,7
247852,2
47248,11
4854,87
26409,27
30659,88
141884,10
173947,23
210823,23
189033,16
181491,15
144782,40
110159,8
160128,9
91582,17
123757,4
6675,9
182351,8
192287,3
192833,7
212415,19
221450,3
253844,2
84502,7
170515,18
168934,15
167334,47
184251,22
120516,5
212375,1
87186,2
98913,12
185123,3
174567,5
283273,1
139421,24
27824,30
144364,12
80924,20
174915,3
128971,11
218327,5
126597,11
95294,15
183487,6
188775,7
32716,15
147853,1
272583,1
168550,11
129943,10
136640,3
136303,3
267766,16
4817,61
131154,4
132364,5
135494,12
137032,1
133889,3
263501,1
4388,6028
52604,3898
68319,10164
1193,44592
2137,6170
3174,9012
3483,3995
3951,220
112623,7168
3503,3616
4146,599
80917,1206
281,3997
115667,1054
85056,2356
47952,653
42725,1971
1366,2151
144174,18
124,330
1428,323
1011,1606
4580,679
6800,1095
204318,238
157561,25
183421,1240
4911,790
141139,58
176937,515
194044,37
203208,501
169330,1
174585,839
95543,2279
108689,518
136556,134
189041,1285
82095,837
3289,425
6210,129
2073,630
139513,15
34538,67
1986,1135
68347,763
4129,171
149996,16
86145,19
87691,12
198831,87
7835,228
26354,15
60020,156
72878,13
117358,20
205056,7
128684,31
202711,221
90645,297
3585,88
2661,583
4060,102
159399,20
96985,19
103449,126
121473,22
126058,15
130384,28
26803,73
72018,53
161155,6
186857,5
290031,2
26142,54
260857,2
91134,640
97234,15
6652,217
70726,59
80374,66
141361,17
224182,2
4556,60
114340,4
114635,261
151795,9
109366,17
114928,51
152171,46
167480,5
211646,12
106243,62
26096,37
88601,10
121581,3
182711,9
8890,29
71851,11
147348,31
127021,57
90632,17
571,200
52551,50
5270,22
38384,107
151971,7
155084,14
245190,9
275021,2
27571,59
197965,13
216007,48
9017,29
290133,1
8891,46
98499,35
6151,83
205809,38
52891,34
70186,36
197659,9
76873,24
152266,6
187713,60
63237,41
184859,1
66053,24
7813,31
166930,10
175699,14
142823,34
6715,21
119782,37
170973,90
224791,1
290169,3
187213,67
105952,28
125221,21
3348,33
56797,30
134298,9
170523,15
174511,15
180787,4
206680,8
207447,5
26321,32
69926,29
229463,5
79974,15
142993,71
206056,3
246734,4
177941,20
192713,18
126399,9
117133,30
175959,6
279564,8
177907,11
142268,5
137725,1
174069,5
184715,7
142939,6
234979,1
138750,11
258715,4
167034,18
115285,11
143180,6
108918,1
120520,2
238426,1
206202,1
89610,21
166790,15
134117,38
136351,60
138306,5
269582,62
131826,54
132044,3
139445,4
267928,1
140000,15
135651,4
2406,15101
5459,18809
2792,4871
65682,2967
72395,1643
173145,2873
2883,1797
3225,996
6297,4995
7162,4609
8833,708
34536,417
47423,1620
106030,319
3733,1622
4628,734
6250,2573
5584,573
49263,142
59143,434
3299,902
27434,308
73023,1634
2557,414
157567,14
168420,219
26222,143
99145,1553
81180,182
92391,520
130582,68
2818,465
162396,149
157326,232
3960,166
7636,308
114601,538
55116,258
3110,203
3768,389
200866,121
6614,437
30712,177
2461,480
4095,692
26464,291
167516,12
32735,83
108010,12
179053,123
4955,74
4988,117
44115,99
87392,35
116841,100
53498,39
73099,6
117539,16
179679,9
120282,7
161163,9
26059,67
72931,40
175879,17
181967,13
278386,1
1879,247
144540,48
148369,239
94130,111
159017,12
168750,20
206399,99
283729,2
95742,19
129078,38
27006,109
177871,239
62010,46
182735,5
145992,17
145994,107
6704,57
101158,19
255699,34
164973,2
282379,4
86137,30
272893,1
108447,33
127726,8
94663,122
135430,17
257591,10
126983,33
206268,38
3520,140
70706,147
205146,30
45691,34
90413,42
230039,104
88889,71
26400,249
172007,12
3295,111
184085,10
192999,33
146346,5
34643,52
31869,36
84972,36
73245,16
187025,23
150910,17
85570,12
193231,7
193245,5
278490,1
73049,61
32120,17
169268,3
179437,29
124562,10
126775,38
222374,2
203417,8
159401,15
108136,7
3315,19
147240,38
195091,15
140355,8
188221,9
142841,19
146230,6
154350,16
117105,1
283791,7
114838,44
122232,9
86635,10
142460,13
188877,9
33914,28
93397,4
104388,23
130668,6
194218,16
196957,5
200798,12
217721,16
31297,27
156575,9
45038,5
96054,43
187875,12
213638,6
166749,3
271335,48
107370,18
121273,10
141820,40
192411,26
218065,3
87966,6
245016,13
289077,1
101646,8
128725,14
151637,7
69729,14
174495,8
171799,14
286443,3
213577,1
134126,12
136459,81
7415,116
269034,2
133714,22
136493,2
137996,5
135041,19
264017,3
131294,3
30,1300
2243,6182
3578,57449
5294,3194
2011,28236
48877,3549
68358,21229
111659,5202
1702,5404
3005,7973
280236,124
1805,8513
3515,1141
4141,627
4636,760
5646,586
8908,1056
8981,5600
27555,153
34332,1969
48161,464
192379,1648
280868,501
176419,2597
942,3235
74152,372
7018,1434
4218,1015
7983,918
181111,20
184399,1614
128975,482
122104,83
65667,20
126769,6
213355,141
229135,7
165947,210
26925,216
47124,723
26512,118
70846,129
3372,361
7082,348
48177,14
6148,178
91829,17
3048,347
26861,82
50892,37
54493,22
69552,54
76823,43
109971,94
114945,95
127455,9
171333,10
194206,103
211906,16
6123,439
159917,355
3989,620
5906,34
159435,7
8380,62
138380,9
193605,139
203954,10
217831,4
271230,3
137262,7
101097,99
99,732
140349,46
115746,8
166371,5
197909,126
209061,7
224709,43
230703,9
140135,5
94011,24
172217,23
6130,44
37653,27
199746,5
31086,97
5268,184
114426,54
204834,45
120625,351
143517,21
162596,193
255491,4
97046,38
114085,29
121135,62
144934,34
163464,56
164407,11
281014,1
213369,96
2869,54
56945,81
127084,92
6111,49
235577,34
122908,66
161022,9
187751,38
231099,26
288353,7
87197,85
283761,28
80789,24
165349,57
7015,223
275139,4
104013,26
188159,9
106443,50
152194,5
191521,2
172587,166
4860,58
81574,19
178469,18
26021,76
96002,55
240070,1
251514,6
160352,6
116535,2
180259,2
26593,76
88270,38
113459,16
172433,43
216089,3
31247,50
101322,18
151467,3
91201,9
172745,33
200604,16
222310,11
201991,6
204420,2
179447,2
5973,24
158035,18
230715,2
191293,14
33342,22
48715,8
213535,1
235511,1
211199,1
290523,5
186219,6
148462,16
201366,4
152962,6
160197,4
177269,7
101947,12
112283,32
174427,20
145487,23
195749,5
138208,1062
132660,580
265460,570
131451,81
134881,546
135408,3
133357,65
985,55
270910,8
131570,30
137315,13
134583,28
5233,121
158597,7
136724,15
289927,2
134152,5
302,1645
1090,19876
3033,15168
3248,3152
47610,15298
56156,2318
149830,461
1371,10727
60937,2191
1445,1333
1836,1673
2766,272
4978,1527
5364,2459
45210,2372
55094,1130
56908,185
177765,9638
1202,2077
161634,2471
2696,1595
65188,1312
2361,1467
2446,654
3895,859
4996,311
30846,636
90522,1738
148172,847
55098,353
186687,3
198669,2
155358,6
204708,133
281660,2
170907,110
3961,568
128089,90
127298,276
815,29
204694,335
74580,573
85179,1024
116855,369
313,1494
901,1830
218997,131
8905,515
58578,16
5859,290
3214,425
147847,270
119218,129
49035,47
33321,51
90933,128
2566,319
104583,68
129820,87
184,348
72161,29
91707,44
92944,202
198867,18
8739,258
43444,115
48193,53
282621,3
32442,103
88911,99
99087,132
111614,3
162380,13
4850,280
4289,157
39516,40
192383,495
143408,15
157387,41
129849,7
171187,31
83558,16
178421,16
121279,32
160664,2
80701,15
26038,85
31156,130
127184,46
170117,42
119770,15
121021,18
85190,42
160982,51
2543,53
181075,111
37287,79
79461,10
191763,8
205759,7
172813,157
42856,20
70678,14
4335,108
8812,30
217127,4
70968,33
78717,6
81700,6
93916,22
203649,19
74967,18
126034,9
268226,10
214376,4
194094,4
114263,13
195443,6
103474,69
183633,26
117907,11
31260,162
129233,20
201356,26
222913,65
48833,42
284715,2
201430,10
93610,98
27875,60
86173,13
188149,10
156968,23
101352,21
108289,68
72872,11
80049,19
205421,31
51800,19
282583,6
70806,34
173321,24
217583,4
240300,7
73879,53
149614,23
200828,8
278562,3
48239,30
155135,17
172913,18
122351,14
170000,15
217035,5
124277,8
39425,9
176225,14
199273,6
199940,13
201240,13
215577,17
224096,1
203056,3
206949,12
196933,5
166767,47
228797,6
104673,7
109205,7
125481,7
163987,6
216811,6
179793,8
99400,19
117572,13
148964,24
49115,7
151761,3
279342,4
84114,22
246116,2
155927,10
6627,18
176257,2
199412,6
160924,2
8224,20
154329,15
174169,3
278126,17
189067,4
130780,2
145482,2
129337,26
189243,1
214042,9
165559,4
4064,242
135442,169
652,83
136455,22
265494,3
5163,125
133309,10
135775,7
137010,2
5326,18
915,5858
4085,13714
6888,4428
108190,5867
66,2415
93510,10851
187541,6303
700,1273
1012,3591
4029,3075
5256,111
7137,1828
59141,716
82461,7458
3176,16075
118880,708
180297,2055
55167,592
3371,253
4555,469
405,3708
64231,557
105844,8469
27152,105
65813,372
6611,648
4079,922
105213,2500
4748,1161
6727,237
196175,136
7579,610
177101,122
187531,478
196425,4
210455,183
279186,16
3758,451
118862,28
164141,122
97936,868
5041,238
74727,682
3491,217
44937,385
8765,283
55705,105
141698,39
100401,34
7410,196
8585,96
78116,202
192963,26
208715,132
104423,35
31998,61
57038,12
198061,4
171823,17
25965,51
126412,8
99669,37
108200,89
193533,66
161590,11
195895,9
272905,16
134553,2
138356,3
138474,4
161760,1
118284,7
2465,283
106690,3
6074,21
48567,18
123602,5
191283,3
205259,25
2591,35
27094,38
682,67
77266,71
91211,11
162680,2
220232,4
26643,34
148468,48
219820,3
45000,134
94280,22
210779,23
163102,9
182383,5
5164,211
151965,9
173445,19
180537,24
58520,59
174819,54
222157,2
163965,85
144698,80
46869,14
78759,101
192395,5
158579,8
198931,8
222232,15
154158,19
176585,13
50379,12
204102,22
64658,8
121196,20
127626,3
127857,9
129518,4
151515,55
157468,5
176787,14
242504,1
166285,43
280964,2
162808,13
196071,8
286979,4
5537,37
162776,16
165443,7
140196,21
74287,15
149808,8
190941,11
199263,2
173571,19
109943,13
159729,19
160335,64
81451,14
172059,8
30991,77
43813,19
47484,26
164356,3
191341,3
256995,1
73226,2
101592,9
246930,2
142362,8
180303,5
60353,59
200578,6
126803,16
140743,9
144442,15
189111,4
167388,25
120779,7
187859,5
224214,2
151473,1
172125,9
190655,4
233515,1
51265,8
147859,6
155281,1
165265,9
251954,1
274271,1
258859,35
189687,2
109155,23
133778,16
7922,54
133439,7
135747,7
262529,9
1568,7
5865,27
137755,10
267940,1
186,11491
282,11523
1101,24068
2949,8898
4776,14680
4974,3726
31696,11347
41569,10934
36519,3619
97225,3645
176101,3771
1976,1685
1376,14369
46,3179
605,3685
802,14093
2325,1954
6169,118
103688,5031
4719,1742
5882,3633
99117,1178
133151,71
53024,406
2995,3192
2504,1629
8859,257
2341,296
7448,738
27833,136
275,1611
92509,1351
272525,1393
130044,81
27716,287
204342,35
71573,318
8542,1040
177497,645
128093,101
243394,4
26344,164
185975,93
67,179
173315,21
288269,191
27724,140
132563,4
5456,225
60198,100
77296,18
149702,4
152583,18
174141,136
177431,30
208983,1
8733,81
40010,110
147008,26
203403,15
224711,22
222757,58
125287,4
159075,3
26265,98
144248,12
25792,101
82834,21
86896,19
178053,5
259525,4
222659,1
98443,13
106019,9
182803,8
107702,260
174249,10
226254,6
43538,5
132584,71
4711,255
48600,92
200154,8
2813,127
229443,81
275083,49
104097,68
3021,319
59893,41
213904,8
77981,25
67792,82
166179,17
141938,4
149532,48
184481,17
167470,85
143158,5
190137,4
277978,82
32935,10
128255,13
272051,86
180205,29
70587,48
107061,30
232925,1
247570,6
96608,44
179849,3
197815,34
201666,24
89347,32
89162,13
184993,19
174901,30
160460,11
255177,1
26941,48
204632,9
189559,2
33251,49
154973,1
182699,2
129786,22
5242,46
175827,3
258691,26
87994,6
116419,22
118490,4
130860,4
178527,2
191567,2
68593,13
7946,85
278408,26
105357,22
197117,25
142837,11
146170,11
208247,22
156418,9
177705,5
186463,4
191165,5
62514,13
127628,3
127715,14
152051,8
156569,8
170509,39
197467,1
206068,4
61031,10
69521,20
226176,1
229817,10
162670,13
221636,2
111872,7
142829,22
160420,13
221388,4
26274,12
46409,23
91268,3
124392,2
212289,4
158157,32
212771,9
181275,10
85358,23
144278,12
101534,4
231625,5
158561,5
165097,3
112081,9
179143,8
115937,17
170657,2
26214,27
249598,3
272953,1
148793,3
131237,211
265798,6
133157,41
136794,8
132575,14
5318,46
289691,11
5514,27
136726,6
267956,1
133751,3
2997,36151
5009,2434
27706,6979
51540,12549
52722,11399
63853,1594
2248,10045
3159,4675
535,5818
1870,388
4039,2641
5139,1522
34326,373
212361,1234
261705,564
72405,1102
99917,1151
8167,560
7834,656
49817,147
4341,448
5707,734
60946,27
209965,3624
4810,99
157417,15
134393,1969
192489,47
32017,1782
98279,171
162882,173
237856,14
286107,250
210575,43
114342,689
1940,763
3194,1276
72039,90
7756,335
5198,607
140737,430
27095,75
7991,784
252360,93
140581,59
3939,192
32078,158
1534,188
74573,149
7893,58
38881,103
149704,11
197283,22
76860,61
173359,26
87000,24
4659,199
55159,109
104392,59
82119,17
142052,28
217817,10
286569,58
155814,28
180833,60
2586,173
61768,22
115040,24
53138,285
101969,37
84770,79
176909,4
195041,64
220638,12
246880,1
89028,299
125654,12
199033,8
311,82
2008,103
894,37
6423,157
152818,4
253692,48
166013,18
172879,157
51053,5
228415,1
271224,15
280802,13
289169,20
106881,35
216871,3
27268,32
153080,1
184249,14
144614,26
124145,12
109441,9
122098,4
125063,1
188021,4
183567,22
124759,2
147466,1
119621,4
200812,9
8377,87
196405,17
125527,2
128922,24
150262,91
153028,2
247464,8
27343,18
107102,15
203673,3
215009,12
80137,17
148434,14
144784,53
3887,28
87913,18
114773,2
196647,3
201859,7
206071,20
210259,2
166449,4
82047,7
151461,19
149392,17
162638,12
182401,3
125770,10
174417,9
157993,5
239444,1
222997,3
121017,9
151591,10
169298,8
174451,2
126418,26
196271,4
198139,11
873,42
133545,116
131556,16
271134,112
5413,89
135589,16
131130,19
135294,4
137006,3
135541,10
131578,9
138526,9
267984,1
1392,1773
616,9559
3581,1027
4701,9895
5419,4124
7573,1533
37727,3270
55232,3694
92422,1523
64030,2386
628,12797
2423,7472
2456,1982
4265,1402
4677,3066
117176,8124
3134,1963
3554,1189
2448,1545
7934,1633
65939,125
7155,1544
2382,2512
4207,1114
6410,242
2017,1043
113103,255
5002,568
58315,925
89983,76
185481,173
212847,41
101076,1342
632,424
26082,1270
1526,832
112733,32
58439,70
151711,8
108571,58
2621,422
681,381
114074,570
186339,79
113674,46
126134,24
27689,295
1535,757
61434,21
102876,23
6546,35
964,362
63393,459
42938,54
116024,33
153070,145
155078,112
236533,1
197039,25
205681,7
6673,46
2063,81
58418,146
105011,27
101281,205
7297,353
56616,21
214556,4
255015,4
82022,101
149574,20
108566,116
128566,15
157006,4
170777,428
182075,11
195275,5
95570,28
138336,2
164564,3
37335,80
184623,159
8719,25
201038,13
71575,80
156785,41
48649,18
81087,32
5681,52
77951,5
191661,6
176349,147
77917,6
272849,1
182563,31
137723,5
141984,12
164147,70
114329,198
148634,36
253960,115
201162,5
257595,182
136538,110
276685,9
196945,15
171335,8
41226,140
212058,7
55298,31
179153,17
27911,25
119454,45
189431,14
174963,17
59938,52
149560,11
153690,2
253630,1
285911,1
78536,18
98473,14
142897,21
147164,1
167842,58
195037,4
53919,98
7537,18
101857,19
154967,16
192461,7
291519,1
98501,15
146180,3
154678,35
140295,19
64976,15
177073,15
149727,3
204548,26
277794,46
99549,25
196733,10
199277,13
229035,12
213341,2
162664,18
123467,13
194540,7
4596,41
87979,8
244834,10
83527,16
185159,3
168438,11
191259,3
55713,37
115917,17
161400,1
288029,4
170749,5
79912,29
144290,11
210159,36
62304,24
122108,22
179151,5
199710,12
234975,1
239438,1
229563,4
86033,16
167078,5
119216,18
121965,1
145132,31
110431,12
26559,37
131098,16
5371,31
136746,7
8013,93
136339,65
267670,10
1178,5490
1584,25896
410,20166
6373,20141
44759,589
69122,23372
1674,12332
88405,4766
215,8476
174,2186
996,3480
3363,8424
3524,3160
3809,6424
5134,475
5170,266
5296,1802
58154,1449
58839,444
85774,2190
183461,166
272417,494
54962,643
89118,2175
2186,6568
8709,79
3156,5278
8879,1596
193243,161
42718,1766
54121,76
7790,206
2362,418
2287,1678
7456,134
6871,107
148095,47
161966,618
178621,1
2514,1120
99640,41
108760,125
174407,68
26208,293
8265,109
37477,327
2799,1256
55245,1172
92904,67
25959,77
96283,177
94969,332
25805,468
89305,547
206451,335
287633,366
5517,85
89945,87
5684,281
196343,70
48242,26
106508,134
184239,280
8485,265
8955,235
6427,162
32724,10
38198,113
69421,46
84485,20
96762,40
154913,9
164659,21
236047,1
188339,20
26299,161
271447,21
60103,67
104712,191
109157,216
198239,6
69140,304
51111,19
196885,1
250090,3
282939,2
5919,99
77357,20
146004,21
167500,8
259673,3
151311,128
138366,11
138456,6
154686,2
185315,11
4674,93
5019,26
128320,77
26834,64
93885,2
119667,13
45100,58
71688,232
54262,44
167674,15
201486,20
33168,59
194797,58
202601,3
182727,22
191143,8
186459,7
272909,1
152876,7
145078,3
151629,11
204556,53
172527,23
176773,23
195537,3
153640,12
142519,17
149670,56
3605,233
169828,66
187683,9
44187,108
213353,48
26813,23
30854,33
110769,35
241346,53
184927,7
176345,22
288669,58
211666,2
277194,12
54426,90
195437,4
265170,2
120136,19
120897,14
121265,20
135981,10
155854,4
159809,8
181531,7
183973,6
171641,6
238052,22
173307,29
73370,75
173981,22
174941,13
251508,4
146066,4
237686,6
157298,8
211888,11
149888,13
165155,17
187055,29
165853,39
166409,5
26641,5
111257,10
223896,7
225778,3
211472,3
166070,10
189223,6
219354,11
261551,2
6069,19
146481,3
163002,7
272385,1
169328,9
122321,26
229425,1
177629,13
109489,24
137910,16
144300,13
171965,8
123337,7
187769,5
111592,31
276161,1
166283,16
167790,21
216795,4
26266,30
158996,2
107217,19
180543,8
154262,11
167118,20
134704,68
131552,2
135555,20
135565,3
8382,100
1309,34
134230,80
135627,33
136944,2
562,6559
102445,10480
122924,4733
172,13788
2282,2352
3555,7900
5073,489
5665,597
6699,93
7364,465
6104,2793
74791,235
100745,311
116823,9665
4179,224
1999,1285
77328,240
55955,480
83777,26
284937,30
2900,992
2381,3011
5250,772
5863,70
4732,1200
58334,205
63222,512
70344,206
1429,3605
3837,521
40723,881
88954,672
129673,5
148689,45
221246,258
224032,130
235041,1
255655,319
95307,474
94813,320
139655,599
1948,1379
2969,699
112582,430
60201,235
60291,481
716,319
1054,793
70015,194
194398,57
206397,5
3055,627
864,88
62265,349
169028,153
189129,4
1891,118
25869,38
46581,17
184491,4
208567,2
89650,235
90662,45
26109,77
187127,47
33081,76
54621,82
231305,2
120392,240
25766,150
185725,3
189991,42
215761,2
219081,4
229671,25
115777,26
86244,117
86491,23
110673,5
183767,19
199346,7
200174,9
114042,125
99841,58
39740,18
201234,8
176083,8
195617,6
58610,24
38701,127
43906,90
2215,100
179297,35
44058,187
118300,72
8920,129
160710,81
3057,58
149723,94
121302,40
149766,10
5616,8
5837,24
116407,8
135939,14
139915,76
141452,26
211225,55
174647,10
151789,38
162172,21
98193,117
153788,59
201638,35
144360,16
213682,3
236141,8
6828,94
42761,67
154069,19
174025,9
7822,84
214686,2
290091,11
54284,33
217973,18
6930,27
270466,21
182785,12
125055,2
67900,13
185287,21
212437,14
88065,19
91589,12
176563,8
81679,12
152443,7
126969,4
199898,12
207742,4
214622,6
218671,2
224088,3
115607,4
231273,1
234301,3
6972,87
88341,18
119143,1
220366,2
239306,1
252186,1
82315,30
126799,13
78666,12
103288,19
126283,2
26738,14
73813,18
97242,27
165717,9
176263,2
260017,2
191363,17
181325,5
138014,2
94965,26
195335,6
214666,2
79127,7
289729,10
173519,6
147897,38
147901,29
261669,3
121358,2
186037,11
194688,1
273653,7
110314,14
220042,1
278946,1
196833,4
155685,16
263403,80
133399,10
264097,20
7224,74
136347,61
288291,7
265186,1
133272,7
263757,2
551,26081
2745,2703
4744,3229
1676,21043
252,10334
2289,8255
2340,7193
2500,1234
2676,2131
2815,1827
3701,2419
5685,791
7104,825
8362,779
55290,5987
111364,3647
5690,6817
1411,6151
3929,741
1862,2301
166461,8278
2976,4004
6995,280
7141,89
114795,1814
2639,1300
2913,242
69604,1316
102716,3197
186677,3
199578,2
95756,69
102854,52
202705,9
204620,12
227666,13
260669,249
275091,77
281746,6
286777,129
4749,668
109483,762
260895,56
74438,55
202103,1216
53574,113
33592,155
3221,519
36799,37
277908,26
101003,30
103871,12
65577,646
77293,108
6233,237
171489,25
183437,167
8057,92
4303,73
71129,412
27416,515
8275,155
2175,111
175001,7
5753,73
162094,12
162418,106
170871,24
176395,16
250874,6
221558,2
1067,156
211952,148
193119,68
3838,287
6964,67
228789,26
118876,41
256431,3
65558,6
66813,29
260185,18
135528,49
90061,59
99968,97
6649,84
94815,81
193641,5
194712,9
95595,11
116030,32
121271,16
170933,28
175787,36
123567,8
279956,54
92348,11
148974,10
279910,7
94301,23
153796,8
208193,6
1063,159
175479,15
283451,6
215559,22
282727,14
206176,7
33119,78
176579,18
184107,10
218615,1
6061,22
118528,3
152230,5
163410,2
168414,3
184189,57
196973,15
153394,15
167376,16
188613,6
52865,33
125429,5
160586,18
169582,9
189063,5
123935,11
227396,1
68175,19
87006,16
119151,5
136828,10
218583,2
154178,14
8294,41
43039,18
153350,10
165869,50
121463,13
170589,12
173349,15
81204,9
7627,21
218183,2
271182,4
36436,40
156023,7
172349,4
240234,3
144316,9
144586,11
121792,17
128717,2
99673,7
129851,18
174159,10
219374,7
206919,5
189763,2
143458,39
170447,19
103681,12
280186,3
194590,2
220138,4
107716,9
263005,435
138426,1
264946,15
134180,62
135031,15
4108,108
264245,4
137815,13
136341,41
135595,16
139455,8
132040,12
263415,27
139817,5
153,35288
3980,4657
4019,7299
420,15601
6058,3486
83134,5032
3949,29235
1278,18311
144,4517
1013,4772
2528,5936
4602,542
6315,435
95654,1385
78209,3152
1962,9567
8974,1745
79134,2608
785,11611
6615,2408
80219,3430
1640,516
191483,630
2295,534
4337,501
142975,29
4222,374
705,433
186743,3
70361,325
103984,1296
190837,16
59014,855
105037,401
168650,94
189809,111
194947,361
260841,17
155384,31
275243,660
119655,557
152591,706
45208,1028
110826,187
157841,3
8710,151
190949,248
851,1730
6424,511
7135,674
89678,264
2963,129
52717,388
240726,6
242062,54
111251,205
229037,280
43497,157
110675,418
4430,107
4982,113
46640,38
142683,17
144530,16
236059,1
60990,66
6680,94
196827,6
177581,8
26107,45
33363,26
49464,26
72273,27
92335,132
141191,2
8618,346
77298,16
107281,5
175139,47
219171,3
174017,96
176207,8
77729,49
147942,62
210023,6
212198,21
283521,2
5622,54
5721,255
205335,2
4986,110
73708,8
50970,38
5275,125
44628,18
63187,5
78980,4
83616,11
91793,9
142875,24
147766,2
69981,8
85106,19
138994,6
89021,33
113474,18
207828,6
34057,70
169256,50
183727,94
122262,8
131470,87
157079,16
173223,30
280774,1
94672,8
1109,14
130880,5
243208,102
204246,56
175355,20
38538,233
52548,21
92393,120
148288,10
279752,4
3236,29
195441,1
259077,38
126591,8
38583,135
200632,3
213401,3
138680,9
187175,1
203036,1
84532,42
8597,47
127244,12
149612,12
193809,11
5441,36
152680,21
187259,27
201911,4
251630,11
275987,38
288765,41
80206,17
146126,3
165145,13
141154,6
191361,14
275985,31
197837,9
202417,7
204838,4
146660,8
222803,5
236315,5
208058,2
171737,30
147932,10
231265,4
43631,6
46311,3
147028,11
212285,14
73780,9
143339,5
199179,8
189863,27
131466,10
248008,2
72647,18
89341,10
250166,5
160173,7
204168,4
144226,5
183875,7
124993,7
272645,1
273737,2
133001,125
268918,2
137785,2
138310,4
138442,3
135974,11
4598,159
7384,77
131258,28
132362,94
137441,4
25994,42
136712,20
8843,36
138086,3
157557,17
139895,1
271024,2
927,979
8871,90
745,13944
2002,10567
2301,4948
3271,3866
3308,1175
3705,2320
4600,351
5994,513
7255,978
670,879
4621,4251
3901,796
4331,236
286905,293
949,2436
1734,1918
6885,575
56719,107
67695,836
71878,242
182503,4
6526,134
143387,649
183227,232
77682,41
93320,91
138202,78
148671,1634
1174,112
130087,440
156706,169
69842,96
8259,120
5169,388
39408,84
121109,62
2830,144
241522,4
109072,285
46331,43
159696,102
8420,36
25765,68
26199,153
91353,106
169178,4
172937,8
212305,9
26871,107
100326,303
154963,17
98126,48
26686,292
103982,62
3853,55
125507,4
7399,52
1867,266
4398,263
32741,46
71327,397
5436,119
39941,57
84232,39
156755,130
214284,1
95796,52
142226,35
186617,13
217027,3
48123,33
157190,5
52561,39
171629,4
209923,20
89985,85
91012,3
39779,54
166267,3
34026,31
73513,254
189957,33
25829,17
145364,8
197195,47
186127,9
274993,15
108506,36
123459,6
139723,67
274695,7
8900,75
193595,61
98695,16
68495,19
191709,15
6998,165
179055,88
194532,27
179371,26
210035,54
183803,16
190823,34
200038,13
119224,52
157673,29
189947,6
80717,31
6133,48
8897,24
194819,21
172495,3
113933,5
125061,7
138846,3
159081,8
159431,4
179121,12
190601,2
184795,14
101979,6
188745,4
8518,56
210537,10
138798,58
67098,37
176021,3
47047,29
125329,1
143456,6
190027,23
194983,23
211660,3
162452,10
84671,9
201246,27
214314,2
153420,6
88562,13
158258,12
190413,25
213119,14
56485,21
86148,8
200076,2
185369,16
199718,10
211518,6
54198,14
176749,1
183945,6
152547,11
141930,8
139355,2
192793,2
259315,1
161342,6
199245,4
195987,12
248964,1
2658,44
267648,20
136710,1
133720,10
135805,14
134771,5
269780,14
267954,1
1719,3942
5380,2238
4310,13699
32587,28015
475,9723
18,6191
66371,1338
1246,31035
2501,8433
2117,4000
2425,611
3148,7474
3394,1273
3831,1684
4941,2002
6628,167
7390,49
8919,236
51931,1417
58162,1249
86882,10003
52929,152
1292,7154
2066,1486
2859,2622
1762,1603
7459,398
81847,11492
188797,1263
947,2097
1361,1863
3769,799
83086,840
2507,476
1900,1046
8918,297
8796,481
113240,394
44929,513
183197,268
86347,1702
197605,43
233171,266
279262,1
286357,233
185997,200
6118,205
92660,12
100810,572
157385,24
174703,101
1044,516
34238,42
44815,113
4795,687
8235,643
6735,271
96467,260
33358,178
83332,102
198151,625
115748,18
76119,69
1929,835
6247,219
6527,125
1768,62
62801,160
76808,24
106234,72
151027,14
156571,2
157683,13
172737,21
180263,89
199476,185
3395,276
136373,47
166615,68
88950,256
25782,99
43987,120
61967,190
164204,124
182779,12
174463,2
238286,5
162800,7
145491,42
172577,247
205126,4
210025,5
120923,2
160668,1
4330,190
154398,9
5908,48
215529,45
118466,143
217597,7
54171,53
58933,41
70670,72
3874,114
219268,21
2626,320
212851,67
127194,45
195969,8
229207,27
195739,23
49085,59
140797,19
144444,25
200806,33
282905,26
4549,40
226628,5
6352,120
171715,16
127260,26
179341,8
111373,69
4707,57
152011,25
152870,26
204648,7
57845,162
183349,25
243750,28
26189,57
189217,9
79769,62
122333,6
280572,18
48381,15
183171,9
186253,48
80816,49
143980,7
183935,3
278580,7
170835,34
80358,7
204200,7
122799,17
129205,4
138874,1
165893,15
147460,3
179107,11
188641,25
168904,9
225958,2
229593,11
231927,4
151465,2
166651,3
142538,62
200986,25
201815,21
206457,9
222366,1
117588,18
171401,9
7196,53
195625,3
77141,14
25991,42
237009,1
283161,8
155129,33
158747,3
227624,1
284995,1
177189,11
90245,27
144546,13
250502,9
155966,51
247306,3
248354,3
204896,2
278302,3
168648,2
214636,15
81613,4
123219,7
129492,6
238164,3
274039,1
215597,18
230179,1
270358,3
135133,6401
135202,28
138842,2
135583,6
264233,4
158595,4
134817,9
5706,66
134871,20
1204,15772
1097,40585
1258,38640
8644,23382
69644,4183
71520,2499
8948,1474
2095,823
2570,792
3729,1332
4121,3529
4985,205
5673,8268
6033,78
31101,204
59037,1163
90439,2676
934,3977
74,3565
5034,983
1713,2726
55555,497
130520,1571
61262,989
32139,197
133367,21
158850,22
5582,803
213347,1229
270526,462
138,142
80615,1356
109578,2155
2509,179
184755,3
4171,32
143237,78
169506,7
2377,1291
4373,615
27482,1308
52644,982
105585,659
166613,16
175655,250
215711,217
139086,39
165123,29
216338,61
185031,369
4574,456
107673,19
755,155
8183,748
2982,217
90929,80
8882,150
147144,31
32655,32
4196,81
41824,29
129044,12
133747,60
165631,20
73183,203
83177,250
1117,267
174879,30
68919,43
189359,10
277001,1
112277,59
130956,280
99675,28
130822,5
145763,10
158362,4
77818,50
210933,19
276885,26
115963,35
207890,141
27550,57
68838,78
196381,30
125906,26
191515,19
128736,83
192969,17
106611,8
224787,3
1928,184
214955,64
225263,72
243954,3
103259,52
95032,21
117115,15
242942,70
210543,10
153414,8
78019,33
108430,3
168660,30
171601,27
287853,2
146880,1
81276,40
182797,2
211179,4
217793,1
91821,121
119450,2
123089,3
129855,9
130566,1
169862,4
176085,26
192705,4
163955,84
143335,10
7443,19
151226,18
283259,15
179761,44
149408,9
172969,2
247386,12
282725,4
66801,62
130934,4
152701,2
199912,12
218661,2
228859,4
254266,2
183519,5
113585,5
104506,11
153905,24
136988,3
222007,4
214850,2
188503,4
210383,3
160221,9
195863,12
149174,12
273423,4
46915,39
250326,21
209455,5
93322,8
170995,12
182529,16
182533,7
140653,8
198489,5
149172,5
216408,33
179869,4
278320,1
179203,5
180089,1
143307,4
202171,9
42638,19
175631,5
172679,21
257999,10
157230,16
6083,65
136868,3
136870,1
135933,26
288257,3
131674,2
134759,5
1424,26
266264,2
267748,1
2700,20870
468,7444
180,9714
1416,5304
2118,4282
31427,1503
40815,26211
104,22963
90717,1596
52975,2906
2140,9130
2979,324
4467,3912
5477,1147
5636,312
5809,998
6039,501
6790,744
31658,16009
37382,1402
47894,915
92439,524
31867,357
167746,2296
932,2380
59126,1727
99706,8
6413,344
159193,776
166788,727
7062,679
2265,792
5544,947
8831,448
182825,563
188553,11
3470,1294
103483,470
144294,32
145070,174
199748,25
227688,48
5802,181
917,1146
5435,294
80880,299
128169,39
51705,518
210869,192
221754,9
176521,99
6092,174
46337,599
26495,149
77780,54
6485,364
3368,434
33585,444
60408,560
67620,335
5754,160
116461,7
112019,8
483,618
3870,225
79927,71
3596,379
165969,302
656,1246
46098,45
80646,49
163599,6
168112,9
194793,4
158842,263
5455,90
31032,78
172009,301
32280,52
40586,153
48660,111
125862,4
115244,35
138740,4
175335,6
93693,176
147330,207
8190,167
8502,143
31742,11
82715,3
26793,19
108508,12
172465,18
78774,222
166796,7
47384,276
181415,27
7245,30
63483,28
147368,6
150850,10
175421,3
224467,16
156763,12
65770,19
49766,69
277042,44
286097,111
6544,89
2838,28
2673,196
158390,18
8422,67
118266,6
281528,11
129490,44
233937,11
118686,25
52227,188
33019,147
193481,21
119065,137
278514,7
195433,4
176697,18
200030,9
7917,55
226720,47
98636,19
157158,17
157819,4
118390,12
241910,10
87188,7
152631,1
217057,5
190599,8
79838,11
113205,13
129432,10
164228,58
173529,2
111745,16
265168,5
123423,14
153564,15
60227,17
63446,118
45648,29
8394,6
202137,9
146076,1
152996,1
157332,7
129009,27
148789,29
42413,16
95732,10
117308,75
3227,12
58870,60
92354,9
193884,30
199648,16
207592,11
224725,22
89367,30
290493,2
112942,1
80020,7
86906,7
203338,14
223350,1
159540,14
80346,10
289121,1
177413,12
151559,16
51004,34
224795,8
49746,14
126957,4
233427,2
116783,4
166463,3
166800,18
190525,14
151649,5
163206,6
224048,2
49593,18
160026,5
284743,2
182653,18
199844,6
133867,161
138898,48
268716,4
266862,10
2973,4760
3088,4082
4367,11388
55282,2771
80969,2066
991,2647
2110,2687
2182,953
4214,3745
4234,1736
5083,83
5107,1371
6696,146
42015,870
48412,1090
187595,3687
85438,1078
27592,1901
6428,808
6131,47
841,872
1857,236
2417,577
2546,1068
55063,243
91126,1187
102760,41
161918,81
224324,308
255657,162
258575,160
93939,117
208469,644
157847,52
184069,85
185025,33
158830,827
48596,309
213585,242
213602,56
27695,61
167976,6
6025,312
82767,519
52005,111
241872,45
155846,127
82186,17
117547,21
25954,380
151777,367
7770,115
1933,237
7565,33
97730,8
137527,5
151731,146
214240,67
181545,47
103554,156
107848,22
113902,11
153668,18
246054,3
96590,143
132524,41
142194,3
172881,138
182299,12
119567,26
130474,120
204220,2
6205,43
42677,42
58379,89
5901,210
87642,15
161916,22
121145,15
147230,25
160470,10
59065,102
201314,191
93324,98
56835,30
124975,4
205711,3
118792,16
129017,5
142596,17
152376,5
135147,21
73569,109
123785,14
251950,1
204120,7
32602,36
123985,2
118330,18
270378,19
26731,127
878,28
189179,7
279554,51
218373,3
102429,8
191435,6
238188,2
210519,11
195855,22
273827,1
128914,78
273531,2
80344,5
107912,7
114667,18
116062,11
130512,23
118282,1
208002,27
170305,19
32090,10
249030,11
3291,27
174093,15
283581,2
146398,2
192233,24
283991,1
135931,8
88110,15
214949,5
227000,34
254480,4
91026,6
148186,9
151384,6
148857,18
216279,16
218905,1
114335,22
173873,26
203966,20
46716,25
88823,3
158617,6
99989,14
176489,2
146297,1
174363,15
232845,2
70423,36
121148,25
175493,9
131820,20
134,39
86436,30
27458,23
223692,2
103424,6
33318,21
45578,22
90419,13
176569,9
110860,10
280550,11
112320,24
175267,17
76692,11
112247,9
172233,5
242576,1
208539,7
135518,1204
4797,60
132208,9
265010,18
5301,95
157282,13
137040,7
132969,12
268214,4
133565,2
137587,13
2643,3654
788,22021
61323,10946
79139,2876
59725,2502
69306,2052
521,2212
2730,3870
7482,3677
8836,794
77455,3785
42632,1983
56339,2904
26131,1883
122892,12099
69524,1312
106540,539
116977,1570
198185,1140
7164,1936
5389,1671
4811,482
5530,1817
210577,935
3345,117
6484,899
124631,12
7888,321
26320,68
407,2516
5833,1361
43971,43
88267,430
142503,101
184687,21
210573,612
268744,111
155812,183
4178,1015
7043,751
4106,159
170297,52
176943,136
96471,55
205048,299
2184,1649
240224,58
78003,89
78218,877
205545,421
7885,98
47131,8
63481,83
115763,5
26691,118
108041,64
195209,317
5848,51
126949,7
45521,49
2733,330
6599,165
6604,75
6524,161
8771,64
33110,50
89797,18
147775,8
289695,1
183493,5
31201,34
33998,51
186345,19
279594,74
84228,17
151775,6
167624,1
94649,51
111696,20
62000,85
45074,404
129913,55
140820,109
44685,20
209311,180
126575,115
183419,66
177563,3
189481,32
36541,31
44241,99
87205,156
180139,25
190355,36
273411,2
276799,18
278850,20
116730,3
190103,18
152593,28
6799,21
79543,17
275875,2
37683,13
69358,33
167494,41
173857,18
226500,11
73668,7
203228,16
276029,2
171073,9
211013,5
27436,18
184637,60
189031,11
110008,9
124833,1
130560,7
170199,10
74630,21
204872,14
225844,1
141704,18
27469,76
94957,13
57426,17
60707,29
128269,10
117696,15
155842,2
185337,15
205096,3
92204,42
98991,5
34378,31
60743,13
84799,31
128113,2
130702,6
142022,3
152473,5
160430,5
200588,3
205365,5
207656,26
220544,22
94155,19
179277,12
161794,16
195177,1
199027,2
33134,50
216340,3
5403,16
7232,51
112591,14
159759,1
164441,8
197315,8
161624,14
130862,25
148622,3
107563,55
271875,2
173459,6
207029,6
175805,6
148084,1
130338,5
121491,12
232387,4
192157,38
173469,23
119832,13
219007,2
158248,6
107359,29
160764,5
170259,2
171873,3
208683,10
206305,20
272665,8
172723,18
190611,40
26000,13
100229,10
112854,13
141365,4
177985,9
272639,1
169666,33
136451,65
133699,43
262169,4
138774,6
139773,4
7129,21
2599,15290
2690,2987
2713,4279
1387,29265
210271,881
1009,2725
2021,10675
3688,2624
3993,3040
4232,6811
6542,524
7310,452
54503,19565
65130,2287
91077,3579
101106,243
7505,504
148888,811
6794,1149
617,573
8527,226
190183,204
112897,1601
170733,22
142366,79
143969,522
188305,238
191991,34
144716,119
156607,731
26587,654
113532,209
121129,81
68901,77
7000,1418
88589,57
3696,601
7040,872
8261,586
127323,116
134684,11
701,116
7385,88
78278,52
150028,5
93819,221
963,562
6117,25
80939,288
100044,489
103665,106
104085,53
174489,229
7943,629
27351,170
66592,15
89000,83
114856,37
140799,32
208505,2
128987,13
6135,86
6407,89
115699,13
84137,92
188217,88
188681,12
237308,7
254388,4
60546,35
149320,15
189911,27
200176,8
27616,37
1107,83
27192,55
25789,125
71976,17
278964,149
168798,37
64167,125
142098,8
166906,13
4421,41
280992,121
72866,10
191695,14
65357,46
116179,20
137490,7
226046,77
292033,1
34517,11
239670,3
127128,213
281364,9
39416,32
132594,65
206210,2
175149,16
5979,71
191177,2
6804,113
140367,41
211003,2
109177,8
151513,23
115240,41
82102,32
165865,16
200384,12
160456,13
155575,12
220530,29
279018,1
72927,19
212194,4
64418,20
197775,8
106295,8
141042,1
156021,2
186567,15
116801,98
291695,16
183477,3
111105,12
119601,5
119677,18
152185,12
162620,12
173195,11
194136,3
114725,38
6278,22
75940,16
165929,17
4607,91
195757,59
72263,24
77966,21
118105,23
85293,8
148048,36
108282,19
97994,6
102064,9
121161,14
88237,69
83222,29
156680,9
160486,5
197103,17
228889,1
122088,16
183537,7
211824,2
214018,2
105084,18
153364,10
76714,20
206749,9
215067,1
259837,1
165191,8
192655,2
213155,5
190019,4
149394,30
32444,46
113707,15
186981,4
197959,4
174529,7
122403,4
125039,2
130436,4
252380,3
189569,1
3782,160
5289,149
135440,20
136483,53
135821,3
134532,14
266418,19
36,21759
1217,6350
208,31329
1882,9403
7475,70
108945,2557
1993,1196
278420,240
138036,5490
6942,18272
315,11413
1277,4196
1656,124
2558,2195
2746,9699
3444,2408
3712,1545
4380,1140
36535,1993
81564,8179
82169,2885
954,6583
47640,1593
2057,802
4618,764
2454,3784
2208,2760
166940,140
1359,4473
5990,264
187,975
5883,313
8838,705
65514,4227
186693,3
202155,489
205383,2152
208006,40
204268,404
393,2611
91681,258
92665,140
174483,47
161920,47
176731,6
179451,57
8754,419
3046,640
25777,518
162594,342
26360,96
7624,706
2370,1003
4484,264
74156,861
2511,1438
3402,124
3846,455
205287,335
32239,218
176551,145
6459,162
87444,54
164282,19
91888,104
44568,62
58994,13
143896,21
158049,18
203805,17
58554,224
3568,102
4513,70
5745,274
4319,72
170935,6
56060,146
128981,47
182267,11
190471,8
126743,32
200162,3
283513,2
101685,20
180137,74
195175,25
197443,15
3778,26
36086,237
8543,73
199992,75
182905,6
236069,8
2086,221
90937,4
205593,1
272883,1
292051,1
109168,5
136626,33
143071,7
145010,10
68222,5
94556,14
172517,19
129921,8
5133,29
26465,79
149694,8
275587,19
237966,3
26714,25
201320,85
183237,5
231011,1
248762,32
159970,45
129382,2
227010,3
86559,38
290383,29
147917,20
173489,12
202037,14
26980,13
187475,1
188513,16
213345,3
215943,2
147909,18
193775,9
210959,2
92437,90
100444,26
186541,35
150964,7
257539,1
151743,6
115467,67
122525,12
141450,4
141986,11
185663,19
186027,3
212901,4
74641,61
136886,1
154170,1
155139,12
222457,22
89230,21
142947,20
168062,6
216085,5
276925,9
74141,17
168916,3
196335,12
130332,18
136638,6
145442,1
155269,2
82302,32
189595,13
200002,3
205403,7
218659,3
195963,5
210227,34
211137,33
195067,28
168500,4
6905,44
187311,39
183893,15
225910,2
205815,1
55373,25
91797,10
61100,80
74431,41
90526,7
66015,56
144358,14
183811,8
179443,14
216999,6
147550,1
148952,19
143027,21
126554,7
171933,4
235117,39
195169,6
78420,37
161364,8
173405,12
170743,6
183121,7
115526,14
115961,7
254776,1
233573,44
116861,30
181367,2
288059,1
132352,20
131562,18
139134,23
132384,13
137650,1
134073,34
3053,2919
2376,4210
2706,29519
48304,5818
48385,19566
56367,24094
67923,3807
3836,2430
84374,3010
517,3738
89,3451
1476,6064
2457,1402
3825,6158
3910,5070
4585,536
5391,1117
6078,753
6153,321
6303,2249
6306,307
6638,541
27788,2385
40339,2604
46530,6075
47518,2564
66785,677
26694,268
3668,3017
422,1446
5125,468
2310,1002
2555,1535
5431,171
5581,241
26527,191
46772,256
59339,155
68941,713
213565,227
145839,700
139575,226
162058,8
76060,146
217947,11
236989,55
257751,394
3406,444
162424,8
69849,546
64285,1004
107083,67
189869,16
195307,45
270366,27
6721,1050
3050,138
2965,436
26431,177
32371,184
5836,328
102905,247
44613,373
146688,302
194959,185
5806,55
220920,34
226680,138
207796,214
5911,64
72131,380
44657,236
45412,81
55782,24
74139,95
85777,190
153118,13
153999,7
6477,215
182965,11
6438,51
74089,175
112425,16
82976,69
83962,29
107052,63
173465,4
217875,2
203256,15
110975,26
123163,10
142907,6
208897,1
182287,9
214368,6
255391,2
268714,3
229391,24
401,18
104135,26
3245,259
6047,153
173203,126
81665,109
7166,30
73501,18
150379,11
104595,8
168586,65
1413,378
60322,58
117334,57
168006,7
2487,108
4173,51
86572,40
195961,4
249062,2
89110,8
100948,21
117650,16
132565,7
217565,2
229737,1
136054,16
193295,14
166627,21
69438,62
148988,11
6819,36
255277,20
1138,52
144378,21
176963,3
151892,3
193395,41
277142,11
286791,12
172667,101
87499,46
223500,9
131848,39
212615,14
196035,31
185187,5
123308,11
203026,3
132366,9
196219,1
219822,1
156682,9
155595,54
6634,16
116267,20
143486,6
171005,2
277488,14
146164,15
70490,9
26638,33
229681,3
3376,7
62474,19
159536,5
3523,50
144644,15
186335,9
200104,3
215565,11
227256,40
102675,3
179705,13
227142,6
237244,27
168406,21
174673,2
195265,1
158697,17
110537,10
174173,9
25806,18
63332,24
72267,2
164019,47
211826,10
142961,23
85209,22
156613,8
147732,12
81429,6
182249,6
254482,2
125229,6
126943,19
161406,7
131252,80
135218,4
137475,37
135350,2
131243,17
136850,9
133826,16
135266,56
137154,24
6490,20
139082,7
132792,7
138174,2
7568,3
163691,18
249574,1
274643,3
159974,2
267638,4
51686,13
270904,9
273773,5
125565,30
150572,2
194188,12
201893,4
239446,2
202585,3
104099,33
121139,17
168826,3
240348,13
70839,8
121157,37
251484,2
142667,10
32777,15
219204,1
140655,9
194835,8
125473,5
187721,5
144684,7
277164,3
173971,7
148642,11
256559,2
198465,3
165195,3
252712,4
199097,4
125441,9
142202,3
182985,4
89025,10
121344,3
150954,13
101991,6
240728,1
175515,22
187193,4
161678,8
218115,4
221198,10
221570,5
206721,4
274259,3
137900,34
135159,3
262395,5
288743,2
89308,12
187969,2
197367,4
238966,1
116451,2
209871,9
82531,10
140932,18
175987,17
190405,4
205413,7
172011,23
209235,4
157965,1
191301,9
201951,3
162500,4
27313,12
178787,3
215497,4
259543,1
236119,41
194847,7
215345,5
193737,3
114567,2
70976,19
82106,5
149875,6
133547,6
265572,3
139845,7
135699,4
204384,4
142576,7
199660,2
195751,5
274613,1
182397,3
102093,5
225818,1
120234,2
129520,5
89398,4
181071,5
102521,20
174993,3
91112,17
174561,16
79617,22
136908,10
173159,9
276335,3
251790,14
75831,13
164897,3
162996,3
210101,2
150778,14
180099,23
143882,10
219872,3
140870,6
168972,5
211580,5
219816,3
26127,9
161340,3
197085,3
264714,3
127222,5
235673,2
181695,28
109476,3
60421,11
97468,8
113337,14
119679,7
166667,4
152848,18
169056,3
290199,3
123419,7
200234,4
214934,2
178429,2
196147,1
197043,2
210997,1
143418,6
209867,2
143876,3
80376,5
84498,14
105616,9
148430,19
204214,5
256563,3
149790,9
196571,1
260167,7
147531,3
117140,5
220440,1
116991,13
171605,41
200760,4
106483,3
125485,4
210969,2
153320,4
167942,6
151048,3
126432,29
177307,3
128734,3
110605,3
182059,10
227222,2
156307,5
282967,3
185565,3
143247,5
136544,3
157464,3
138690,4
131431,3
142238,11
162840,1
278078,9
142156,5
282901,6
242286,14
232987,1
216145,2
93289,9
199029,12
96805,10
117154,11
125269,3
136210,7
140222,1
185769,14
204196,3
232837,1
214708,5
84686,10
175853,13
171061,1
227684,3
292371,4
176699,35
219474,2
174721,3
271755,6
196947,15
201378,6
213746,5
165199,3
177111,9
171001,10
260277,10
141769,2
73531,15
222300,1
185973,2
280416,1
167416,1
283255,3
153838,12
8457,7
135571,2
267616,6
262737,1
27840,24
243936,3
187945,17
278114,9
197567,3
187899,12
189407,13
197385,2
200720,2
167962,7
125249,2
164029,6
165923,11
180957,13
216179,11
149332,6
239824,3
99249,10
216392,5
25989,31
140537,7
199155,3
173427,3
201274,2
179233,14
287115,7
168868,3
277716,12
216322,2
193093,4
208233,1
125417,3
101703,9
188365,12
131718,3
119898,2
215221,5
279528,3
244400,3
135182,34
138108,2
265484,4
131948,2
138070,9
260077,3
120384,5
261145,3
152605,7
184765,3
197037,6
181597,1
181685,6
197153,3
198191,2
118448,7
119663,5
123653,5
158326,15
188755,3
207914,6
223560,2
75397,10
41762,8
87558,10
290795,1
214102,1
115251,7
119208,9
156305,6
217455,2
31413,29
68337,5
64283,20
206481,3
126797,7
158017,2
214704,5
180073,7
118806,4
99050,12
27474,14
1740,14
112650,13
164859,18
199696,13
277326,3
152609,2
186637,3
178779,4
217715,7
143233,7
254198,3
112846,4
235019,2
185843,6
128665,1
275599,1
172027,4
190177,9
270752,2
132448,3
164244,1
213177,1
217481,5
231179,7
276361,17
77181,15
187587,2
153286,12
168918,5
273277,16
189647,8
193563,7
198503,15
213592,1
242748,5
184813,12
186273,4
45952,14
198853,14
233963,2
32620,27
98253,5
181893,6
119683,8
124394,1
211930,1
231283,5
26291,20
202357,7
220328,5
285097,2
289773,1
165193,1
160360,7
168808,10
88697,13
177371,8
286739,1
245410,5
191675,3
232359,2
167428,3
270778,7
135611,1
81351,20
224959,30
288555,1
235591,3
282047,2
191391,1
190097,5
112731,10
185267,17
185785,8
84387,27
220180,4
92874,9
150006,6
118097,17
5757,4
224523,2
158396,4
212202,7
222352,8
149672,4
102965,2
148844,13
143645,11
81744,19
150298,8
170070,10
191089,20
128574,3
87884,8
176559,5
149398,9
199762,2
275341,1
137114,10
185575,13
192257,3
68662,20
201482,1
171409,11
154442,3
230707,2
69919,16
173973,13
33555,24
156317,5
250552,1
263329,2
136505,4
135486,1
135123,4
7358,48
181681,2
278008,5
61041,8
108425,7
124825,5
124977,3
203066,9
275689,3
99615,11
121097,21
116343,20
222021,6
189453,7
206477,4
163306,4
287597,3
222119,2
155036,11
67009,11
172037,12
171091,3
84734,3
201382,12
71840,25
194328,7
206723,2
232453,3
240210,2
218749,2
218623,2
194362,1
281250,1
179503,5
169202,4
141656,11
212132,6
88975,5
188249,3
194196,3
199197,1
148797,7
281978,2
94806,9
206359,1
79636,5
185691,3
137451,2
134619,13
162102,6
164272,6
163553,13
226722,5
260615,4
288823,1
124607,9
260569,2
94475,5
53885,23
143633,2
173421,4
224258,1
149154,11
75443,5
164017,15
211175,4
172831,12
174571,5
182127,5
203134,16
158172,3
193679,3
279224,1
195813,1
162264,5
90478,10
3233,14
147497,1
98511,23
147680,5
175773,9
8668,9
57484,24
88473,4
200848,4
253532,2
233251,1
188737,7
191757,7
138066,8
137092,1
133816,5
183615,4
194502,15
173917,8
94299,23
105073,19
122797,2
252318,3
190261,3
213137,9
272341,1
213219,7
208433,24
86648,10
176019,8
119830,16
164588,10
97544,4
62014,13
186999,6
216386,1
174051,5
236177,2
233073,1
117318,11
188243,3
196513,2
174225,7
175241,7
167670,2
165577,10
190365,4
51577,5
183399,7
197897,4
139711,2
268520,4
185583,7
287107,3
95504,6
205439,5
287657,1
93909,15
169324,3
149138,1
195843,1
196423,2
100180,8
113751,25
169722,2
178413,6
197389,64
222236,6
253088,3
187681,10
218849,3
239622,9
47701,12
181843,5
182155,11
217795,4
211992,1
86858,9
172931,10
130688,3
160549,4
196523,8
152571,13
176061,14
242238,13
205397,2
209199,4
163787,2
214406,6
149546,18
261847,22
118944,10
196543,5
116732,11
101287,17
91741,8
180019,6
275045,1
216438,1
217963,3
164971,16
185619,4
139918,6
133135,38
6633,13
135706,6
275225,1
153392,6
207351,5
89371,31
168782,3
213966,4
212086,5
102403,6
124243,1
160086,10
189953,8
187699,1
83089,4
141149,2
201186,5
167162,8
184473,30
87449,9
142891,6
246946,3
140707,16
154331,14
78698,4
169208,5
284057,3
80264,8
219495,2
153582,10
196205,3
145178,13
153270,12
188355,8
147647,1
159700,2
136540,14
131150,21
214794,10
228361,3
142260,4
183563,9
101249,8
181249,5
186475,2
212445,3
25935,1
43822,12
185021,1
131058,6
74538,14
98224,3
182123,12
183391,3
231901,1
245334,1
194172,7
192791,6
145927,5
213806,6
121277,15
158161,5
153921,16
189213,14
191315,8
100574,8
276431,14
185679,5
212979,8
186595,4
188595,2
168084,4
280522,2
145406,2
200426,1
136776,3
205393,2
168694,3
121382,19
161426,9
188557,4
162876,5
134362,6
174617,20
126251,16
167496,2
218741,1
281204,1
172143,3
265920,1
134242,4
124655,4
143663,7
145998,9
166972,4
185005,8
91894,8
122205,1
176685,13
197133,5
282757,2
71488,25
95529,9
271118,8
271507,12
169062,2
177479,4
197765,18
281022,6
27360,5
139313,9
250216,1
286385,1
236339,1
142654,4
118113,4
181639,1
85143,7
138726,5
158536,10
199752,2
152599,8
279310,5
186997,1
202389,11
173381,7
160974,3
164915,7
208239,3
130996,4
82121,25
122210,6
94204,8
224485,2
182165,6
285905,2
185717,4
132788,5
255289,6
136012,15
108893,20
6698,15
172413,15
184989,30
122302,11
188539,3
27322,16
31881,24
124267,2
210163,6
260245,1
158165,2
158184,4
248038,8
164875,5
185677,5
177369,9
91862,5
258579,7
183017,7
188117,5
195081,7
202035,1
187811,1
167664,3
224557,2
285543,1
185627,2
210561,2
186929,2
100395,4
143017,3
165889,7
215211,3
171251,36
164169,12
167198,6
38839,27
241478,5
249696,2
253078,5
115460,8
186885,7
289705,2
162188,4
158031,4
169278,2
173327,2
219736,1
108789,12
220360,3
170785,7
195023,6
190973,4
184769,2
174439,10
90359,12
243564,1
125347,4
231431,3
84680,5
101197,17
196313,3
79901,10
73328,22
147702,9
149554,9
226272,2
151565,19
175439,4
166257,3
266472,2
262329,2
138892,9
6834,52
216475,1
165545,20
181591,6
194570,4
101388,2
125381,4
139665,1
215695,1
219438,1
260999,2
164405,13
185279,11
91073,14
248184,9
170649,13
142532,7
164647,13
98460,10
194104,5
185285,22
260845,2
220342,7
220912,4
223688,5
256549,1
176539,2
207616,3
165201,1
153398,22
98069,10
108255,18
146470,2
154604,4
215569,8
137060,3
164288,3
159371,2
283037,1
286173,2
235039,2
225745,7
123063,4
110515,5
149072,3
190707,5
194420,9
279496,1
122741,9
157971,5
194510,7
123510,1
64385,9
286967,1
133673,5
96131,8
161826,5
254140,2
215725,2
177099,7
191043,4
186719,2
178799,3
120883,10
278616,6
173671,9
202695,2
26475,19
143217,2
122191,5
86500,8
132270,5
139687,6
105873,12
76185,1
188519,24
179479,7
203070,3
218189,1
116871,5
173927,2
79923,12
193671,4
201478,9
214618,1
118958,10
245326,1
245328,2
209057,3
202163,6
53841,13
80980,15
115341,5
176421,6
80288,14
166932,17
277316,3
279768,13
256533,2
130824,3
182675,3
179535,5
102807,7
140034,9
184981,3
125223,4
193307,10
125539,3
87990,23
171411,4
179279,3
201919,15
143773,1
187803,5
112064,8
172953,7
88925,11
180385,20
113476,7
154180,9
193868,4
263411,4
263053,3
64784,7
169134,3
260645,8
109239,7
124539,1
159109,2
196129,1
176171,14
121771,2
152928,4
181917,5
192741,20
171911,6
277048,11
82043,12
114719,4
201344,12
57439,6
175209,6
225067,1
261835,6
70821,9
209883,12
125854,3
51689,2
133804,7
4309,10
135955,19
132232,6
291767,1
250938,1
243322,3
200402,12
192105,57
118093,3
179129,8
189503,4
96195,26
61451,21
165749,16
162912,5
51617,19
222388,3
103671,15
139243,6
169176,8
157889,1
158047,3
194795,7
74161,11
80428,14
187519,4
224673,11
142262,2
181581,3
220350,3
88857,4
180279,6
113995,1
186055,3
180577,2
116915,4
104406,46
205196,2
153192,2
172169,7
196493,2
191265,3
229567,1
284297,4
185631,3
266226,1
132902,11
156900,18
27525,8
92006,13
188237,5
125279,4
86985,19
150046,3
200808,6
197783,10
225125,3
166068,4
115836,8
121342,12
150872,7
162204,7
1149,61
201264,3
233143,2
112807,19
176903,8
157577,11
220618,3
210361,1
232941,7
162420,13
255443,1
237970,1
185703,2
137531,8
136461,6
84111,35
84226,11
185845,5
119571,18
150844,2
7273,19
167840,9
167236,11
171433,6
227280,3
254184,1
92389,9
144696,25
282025,4
190197,5
25819,41
197125,8
236847,3
182683,9
157999,3
165683,4
178837,11
180147,9
156810,4
169182,8
176405,14
56693,28
65063,15
194000,16
279452,14
216209,2
88761,6
81676,6
60490,3
177709,14
142126,10
30776,11
251612,22
226616,2
272531,1
223346,1
149548,3
283357,1
137070,4
267472,18
3748,30
265596,2
102327,7
138100,4
218093,4
82393,4
4657,86
259791,2
103611,4
26514,29
79244,3
103729,5
164507,8
196285,4
74263,16
165825,11
132701,2
290793,2
256005,4
201823,6
118226,2
193039,6
124220,2
249078,3
154516,7
197307,7
165197,2
185457,1
87218,18
98847,23
149096,21
82108,9
174911,4
171853,5
100315,3
278698,3
215399,3
88818,5
181219,11
196507,4
281662,5
106092,4
164342,4
201745,5
138921,7
147649,1
169402,6
127150,9
135617,2
156857,2
209279,2
203495,23
290697,1
150748,2
233503,3
184401,18
190451,4
264806,2
271741,31
59954,8
138540,1
70795,9
185047,3
147609,5
185307,5
188293,6
278164,3
218201,1
180065,10
173785,3
256539,3
200434,1
79494,45
142949,12
173549,17
257739,2
188847,2
272061,3
102248,6
109017,9
183269,4
183999,7
178093,5
195903,6
176613,1
286115,2
213950,7
141517,12
139327,16
133593,23
191385,1
282647,3
122938,9
188565,13
274027,7
76731,4
26180,18
116068,3
121779,11
137192,1
227500,4
7412,15
100490,4
229533,2
261643,2
211520,18
270308,3
107147,2
210453,7
188039,3
194770,3
190327,2
276679,13
71133,13
210587,1
159117,3
177427,2
165571,2
81085,13
66655,16
200450,8
185383,6
177799,9
244308,1
99960,7
91333,8
197265,3
150669,2
90371,13
291839,1
185625,2
185699,1
134389,8
139793,7
131626,4
266914,1
161129,1
188857,8
88454,6
136650,10
136664,15
187225,7
211950,2
269948,10
277434,3
149324,20
215807,3
217877,3
250030,10
173727,9
206471,3
208857,3
125704,11
195605,5
70712,13
98485,50
140569,5
148316,4
235767,1
171899,9
128950,17
145054,2
185877,14
190499,7
163484,1
230669,7
230693,7
140593,6
224747,1
192749,41
125119,2
266214,22
134571,11
162838,6
224629,4
157629,7
171241,4
276027,1
56030,15
169124,2
124442,15
143916,3
175663,7
221192,2
181609,4
230659,6
196475,4
176693,3
128738,6
182157,9
217955,1
254815,3
109779,3
25976,27
191167,2
277068,4
145242,6
219442,4
128035,3
194164,4
239844,2
84176,8
49691,8
117178,15
137210,6
118762,14
217965,1
147938,15
142588,4
207850,8
84158,11
176329,12
197621,5
156978,8
193823,4
163963,4
266274,2
264880,10
189929,23
196333,7
227140,1
273019,1
274029,1
138242,2
3380,36
150250,5
56631,28
71187,36
181625,3
244706,1
122615,3
198321,2
192067,2
207033,8
207039,7
42189,4
180837,5
158137,10
101016,10
256551,1
97401,27
187073,8
200440,5
170625,18
151343,13
186167,4
196845,8
101123,8
128001,9
118794,3
130796,7
209521,3
275081,1
94218,6
120214,12
227558,4
198685,5
68572,6
193015,4
192923,1
153296,4
141010,3
96022,8
272993,2
134863,3
131932,10
267422,5
264025,3
115166,4
133879,11
248024,2
287423,1
248496,8
220570,1
123284,2
137670,6
177319,3
180439,10
199812,3
200288,5
209735,1
218871,2
163639,8
148284,16
253224,1
119583,10
159155,12
186837,9
91908,15
105157,12
167394,2
184159,14
9007,24
52690,7
167374,1
216442,7
26368,30
127656,5
218067,8
114569,8
232459,6
283417,1
175867,8
188077,13
193653,9
196389,4
181361,3
206240,3
179611,5
123979,2
289707,3
27212,14
138962,16
289881,1
178963,26
253728,2
186659,2
84178,13
175763,7
115611,16
177467,1
266552,1
164815,4
99809,20
81991,5
119693,4
124271,4
125583,7
181113,4
198073,2
213197,1
221154,1
150078,3
173895,24
132874,23
221824,1
175167,9
119687,17
204198,16
208515,1
287693,1
208323,12
114146,7
177209,2
228323,2
166289,8
199103,1
161832,1
153756,13
198523,7
252310,2
236049,1
167028,6
127062,9
217142,2
194214,13
179011,12
188049,14
141672,6
166701,1
122629,4
277312,3
190815,2
197557,15
191407,2
221166,5
90666,9
186975,2
258463,1
272339,2
39305,11
149994,2
109066,9
181719,5
151911,34
182137,35
195913,5
211846,2
41602,6
157879,1
177803,6
90547,16
207618,4
127228,6
142552,2
277740,10
94264,17
215713,13
215251,5
171405,9
124669,4
73818,26
124101,4
142162,3
165555,17
138828,3
233355,8
266304,1
170901,34
34229,32
171143,17
232133,1
266870,2
59366,7
247690,4
102373,5
141741,2
197687,10
215421,5
150060,5
181385,3
181069,2
182023,7
197785,14
202823,12
186053,9
196143,3
80566,4
183203,6
212277,2
165227,5
171863,3
116291,4
101827,12
117113,4
147108,20
281636,16
220100,5
226306,8
143078,1
142440,8
280700,2
192333,1
187903,11
224120,6
230651,3
188001,6
202779,4
145931,3
193217,6
122709,8
156311,9
167438,3
202635,2
259623,6
185715,12
131202,3
227254,12
275657,2
283797,1
27849,10
269686,4
92683,7
106897,11
141219,8
169754,8
199382,1
201871,1
163424,8
125275,12
101381,9
83821,7
177173,2
189207,3
116399,16
657,42
170979,3
86687,5
221804,3
256161,6
222819,2
147687,4
154438,3
146030,33
145186,16
117845,7
167646,1
211229,1
135230,5
204372,4
142927,23
277768,2
287539,1
233507,2
48084,12
139022,3
276307,3
191377,6
154380,4
280386,3
156696,21
287057,1
83531,27
217717,11
209451,6
204426,1
33767,25
151808,5
101233,10
121029,10
285777,2
156045,2
143872,3
202535,4
277792,4
209523,1
178927,8
160984,18
124787,5
127011,8
148904,8
182141,5
258621,17
186805,7
179097,6
136235,9
287097,2
85994,6
167818,2
212227,27
274031,1
114489,6
197311,14
221550,1
225105,4
252316,1
215169,10
169058,3
242506,2
182279,4
276101,8
148805,2
118842,6
170999,7
203399,9
70837,5
154594,7
258051,4
178727,10
213429,1
202475,1
200424,3
287559,3
189471,7
195717,6
230609,6
174233,4
188079,6
98861,14
111345,9
123949,4
146690,7
173481,13
181875,6
113105,6
269154,19
138136,5
4057,14
160295,3
76729,20
5634,33
90426,23
94537,14
125521,8
163092,43
176553,11
195259,6
210651,13
219547,5
122224,3
152920,7
112635,2
209487,6
251722,18
113778,7
156601,11
157991,2
89620,13
115343,5
145126,4
279726,7
281344,2
227414,1
250320,3
121211,9
50271,30
143115,6
179507,5
77550,17
121141,11
221124,7
217729,1
208235,3
243716,1
176133,4
196539,3
159103,10
199552,3
140269,26
237622,1
30863,24
167066,3
210937,15
134635,3
270878,5
139901,1
272395,3
191305,6
176675,4
264810,1
83244,27
203867,5
139717,8
143563,2
144920,8
185281,5
281472,2
96993,5
99855,11
149990,2
111874,5
176051,12
123155,6
203663,3
254799,10
232871,5
244170,1
280316,1
186079,6
130036,12
190043,7
190079,12
280112,7
182733,1
194985,18
96179,11
194943,3
152589,3
255571,23
164651,5
116949,5
52427,21
163314,6
150092,15
109235,13
230655,8
184559,3
153170,7
103343,8
177683,3
143164,3
210233,2
66622,4
148402,4
265272,2
130022,2
192491,29
64942,24
183445,28
124170,5
201775,7
210061,7
229101,1
167776,22
187689,7
163611,1
73170,34
33001,13
79855,9
232593,2
178955,23
120388,8
120803,10
194152,4
84863,18
169244,16
152601,5
116469,8
161318,8
215591,4
88329,8
82045,6
287513,23
124182,6
220868,4
196935,17
188579,9
198163,4
164747,13
166247,9
85966,6
190669,1
178801,3
170295,17
168472,7
221862,3
87566,5
90106,9
210913,3
172005,9
123359,12
194630,3
214266,3
170755,11
131940,2
136960,12
139598,8
281988,1
131950,4
264055,1
287751,1
277400,41
171337,11
162974,3
166334,6
88682,9
153524,13
177857,5
26962,9
206109,3
187711,1
94403,6
118198,33
41767,11
101337,11
139301,9
189271,2
218783,5
251482,1
54725,14
101689,11
211470,8
175163,4
148072,2
171185,2
103162,3
244114,5
250196,19
138542,2
200192,1
281100,2
174797,3
83560,24
213537,3
77156,16
177273,7
129243,14
208032,1
223444,2
177283,4
107603,7
188033,8
250472,6
65027,11
112871,3
224937,3
262521,7
135641,5
172047,2
178671,3
214999,4
221086,1
232561,2
283385,3
288109,1
146437,6
187077,8
26826,22
206706,12
121801,3
206807,2
265436,2
168204,3
179027,7
204336,6
217439,3
58409,10
210477,3
26362,19
73754,5
96148,5
141958,10
121380,3
281260,1
285617,8
285341,1
155151,6
167652,16
188853,4
130554,2
214560,10
169978,7
175459,6
196555,5
250482,8
126158,5
72936,6
177127,3
234438,5
139028,14
130217,5
274193,23
184087,20
213946,4
183303,8
135514,5
110459,12
7356,22
178107,2
8942,10
98140,13
143430,6
215447,2
197781,8
207419,2
70924,1
108311,6
196479,7
277432,3
172665,15
169100,13
198957,16
186329,13
207067,4
202936,3
157985,1
174581,8
188389,7
115671,3
175473,13
122787,8
170439,3
150700,11
200432,1
154374,3
141832,18
115562,3
255633,17
204450,1
147611,7
175449,14
292531,1
256991,13
134957,7
135609,1
136265,5
134765,5
220754,5
166804,1
123439,2
207157,1
193689,2
100143,20
143015,3
155741,5
211744,12
226384,3
226558,20
237390,1
200336,8
82188,9
90364,25
182073,13
223101,1
100251,10
123304,11
221472,1
175777,14
27249,13
173339,4
210871,1
152459,5
190967,6
173575,2
195881,8
281258,2
148350,1
214258,2
168850,3
177055,4
173749,17
81281,11
84291,6
199261,5
287161,1
193711,2
280914,3
182889,12
113709,7
198795,12
257249,15
137992,2
137284,3
270868,2
204378,4
261287,1
277246,1
79977,13
189079,2
197155,2
86474,12
262903,1
33507,19
99497,2
138170,2
138616,11
241000,2
256297,5
73256,11
179187,3
208859,2
168302,7
255421,5
215941,6
80444,8
154790,5
271276,10
140801,2
284519,4
148404,18
170227,6
72632,6
181803,14
124527,4
279326,7
79236,9
168936,7
145978,13
166954,8
187081,5
185547,3
256147,1
187527,4
208259,14
87954,14
145951,11
232663,4
161362,11
132790,2
147783,1
151509,1
122248,1
228963,2
283225,2
210529,5
211177,3
182313,6
184289,21
66859,12
190861,6
190061,7
200660,4
158127,2
88899,15
186907,11
283339,1
88177,4
269944,6
282423,1
256555,2
149698,15
211043,1
229887,2
41691,30
32156,18
198657,11
202571,1
106620,16
286741,1
205080,4
282095,4
91223,7
196203,2
77613,7
200210,2
100308,16
214860,3
289957,3
180055,4
151197,3
263457,2
133759,18
135856,3
265922,1
261005,2
191405,2
290139,1
181675,2
262135,10
159207,6
194252,2
213982,6
99525,28
123111,3
163234,2
78073,6
176901,4
229959,2
189177,20
228053,2
265516,2
224527,6
72571,5
240972,1
174365,4
228107,1
250428,1
84148,10
26818,27
156377,11
219334,1
162658,9
149749,2
163460,14
286487,2
214718,4
146712,14
150395,16
200942,9
146698,4
280902,4
186701,1
86334,7
220776,2
59867,7
120765,16
189533,3
80899,14
108510,8
172751,11
115761,13
105805,7
193777,8
168728,1
227144,4
189189,4
262503,2
139567,3
289855,1
264033,8
214920,5
217803,1
137570,7
142358,10
233189,3
284999,2
192053,9
210523,1
216151,3
101294,6
116066,4
122727,5
142887,3
202511,16
91799,5
168690,5
111762,34
151947,3
200232,5
210585,3
161278,2
234995,3
4346,30
200486,8
175739,4
211848,6
210085,3
230643,1
140733,12
149460,3
256543,2
214694,4
208489,1
117630,15
194368,1
112725,9
273853,2
291477,1
182323,13
188279,4
213249,5
113749,6
146335,2
185641,1
185713,2
134210,4
255779,2
252088,1
191237,6
228957,6
193163,2
73060,15
120639,22
128447,17
186547,2
217731,1
51246,27
78224,10
126245,22
87860,17
182847,5
128480,6
59031,11
183517,6
206461,2
81411,27
193525,3
186057,9
112481,20
228869,9
254378,3
220334,4
280604,2
216613,3
148909,5
166884,2
253660,3
143327,2
187209,4
271737,2
171663,6
172639,2
225679,3
174709,11
148030,17
147210,14
181911,8
78410,19
248054,1
204584,27
247806,2
195347,3
33970,8
125209,1
125255,2
142174,1
208062,6
132694,2
164222,17
79651,19
138942,7
114267,29
122815,18
196679,12
182373,2
208160,3
176945,15
173539,10
140158,4
158131,2
218945,5
248838,2
33847,35
148078,5
159305,5
235589,17
208034,5
174849,14
211740,5
115283,7
172473,21
196261,3
129305,6
286271,1
68216,8
167156,1
208285,3
156321,4
168732,2
219834,1
288727,1
142142,9
134160,3
287421,1
240558,3
288485,1
115929,33
173399,3
77990,18
158080,5
61467,14
141902,14
144170,6
152288,5
178675,1
195153,3
201454,1
237796,1
248680,2
74613,16
218919,8
65762,4
189175,14
188511,12
170613,12
176735,3
156587,8
149144,26
207628,1
120146,3
127232,11
157849,19
88274,5
186161,2
138908,15
278044,7
237428,2
281248,1
152741,2
286843,5
177547,6
210365,3
168742,12
168896,2
226454,12
164256,10
275007,1
259219,5
126164,7
165547,3
194402,36
8148,26
201432,10
100904,5
171365,3
150030,4
173317,8
218561,5
169944,2
125353,6
106970,12
95746,12
6594,12
279858,1
101450,10
223884,6
31598,12
101606,9
190139,6
222495,7
121124,19
195145,6
199754,1
90811,13
154630,7
280936,1
233925,2
215491,1
96574,9
99452,10
226038,2
281080,25
175893,5
157363,7
172409,37
149028,1
221842,4
275823,3
172747,20
165941,21
274679,3
208535,21
239872,4
287025,1
221262,4
185693,1
262145,1
265690,2
138968,2
139602,6
262715,12
232411,1
104540,7
196093,10
27703,8
30808,17
118904,3
122567,2
123453,3
124805,2
184935,9
185223,4
274689,8
97285,18
119039,2
119063,2
209425,4
231741,1
275895,1
179903,7
207660,2
212166,3
215533,6
183301,4
8625,27
157987,3
191317,9
284797,2
123868,1
79848,15
190859,6
180531,5
172275,5
194500,7
277784,8
166723,2
125125,4
163076,19
171041,18
163050,2
88957,24
174459,12
129777,3
184915,1
152145,4
152322,4
174625,3
210193,1
166018,2
109064,17
115004,4
26263,7
174865,2
133585,7
141373,21
161161,2
226006,4
176499,14
258137,1
1776,14
269966,11
179589,6
151327,3
101241,17
155796,5
198761,21
165159,9
118926,3
170553,16
175753,22
191911,19
91110,5
219693,6
191303,9
147986,7
96479,7
185711,11
158364,8
122163,8
168000,7
184479,11
178789,3
214344,1
243358,1
103478,4
86943,7
196457,1
163689,6
167660,6
124687,3
137122,5
137463,14
132622,13
188561,11
158508,4
235319,21
197147,3
244302,2
99591,12
125505,6
186207,9
201536,4
27679,16
166455,13
290675,18
169020,15
277328,7
130040,21
175327,8
281474,3
120258,5
156535,1
186957,3
171461,25
96275,3
147913,11
113497,11
146012,17
208018,4
182893,10
211644,4
216324,1
232177,1
81681,25
224793,2
189537,3
208030,1
87948,9
169986,4
247084,4
84978,7
205531,2
278870,1
32797,22
259573,3
204536,1
84473,4
212233,4
80269,7
124771,7
207023,22
125596,22
93674,7
149556,4
161888,1
163154,9
230719,3
231789,1
248504,2
278564,4
186749,26
102910,3
209839,7
193880,2
153927,6
171531,15
191297,7
205485,3
170111,5
145160,5
160896,17
270780,2
168170,2
127238,2
174317,1
6916,34
174499,16
128165,33
156041,13
154694,2
124172,14
193259,8
222314,6
7246,18
165575,6
249624,10
196495,1
189457,3
116323,17
151021,3
199063,2
213385,1
113783,3
199440,3
186961,9
265530,3
198731,19
135512,59
161145,3
98065,36
118498,15
266010,3
113068,11
27321,6
44892,9
122657,11
129015,2
194648,5
226086,3
182793,7
195727,9
170565,1
80990,21
103823,5
170873,13
183029,22
83056,12
188743,8
243242,6
112953,7
220358,5
110108,4
96451,18
218595,2
210515,7
166938,25
213465,2
194366,3
112882,9
110588,8
165593,4
108993,6
123645,4
177739,2
86316,7
118057,7
284957,1
91566,8
105792,4
220482,3
187059,2
269270,6
131902,1
269222,3
132818,3
163194,19
105495,18
122349,9
141658,4
151627,4
178877,12
274897,1
108951,2
196505,3
5831,11
244752,1
225575,4
171441,3
136608,7
211884,5
175775,17
142991,13
212903,4
203813,15
162156,7
223640,3
183667,4
239588,1
50533,54
183631,14
6209,6
97494,3
202677,3
184657,3
231909,1
215231,8
166136,5
237820,10
124927,10
288725,1
147903,2
209693,3
122406,5
125307,3
139669,2
166757,3
187733,3
192659,1
204330,4
230149,1
46199,3
281796,2
180561,3
182295,11
170391,3
199089,1
208639,5
276239,9
171385,10
130960,7
228935,3
279172,1
199025,8
129826,23
183797,6
234765,2
280836,3
174399,6
159801,2
193403,12
211680,1
97029,13
254062,8
253072,3
129775,4
172783,3
238526,1
86550,2
176183,8
273829,1
283677,1
134304,3
266540,1
643,23
223071,2
163733,3
164987,1
238684,17
123256,3
172325,5
94817,3
6590,17
191713,9
115207,27
187339,4
187415,18
275889,5
207287,3
145596,11
174803,2
184389,10
181101,2
285761,21
147041,15
202723,2
187547,5
113911,6
88106,25
277798,1
237734,2
157575,5
94808,11
144592,2
82584,6
154440,2
65468,5
155784,2
284289,1
80611,7
98394,10
185163,3
132275,1
131682,6
133610,9
255947,7
292619,1
161394,5
125273,8
81447,11
273657,5
260235,3
198803,8
6908,43
5566,8
124839,5
145042,4
149326,3
197211,3
203126,2
189491,4
26243,8
232601,1
182871,26
128478,38
178815,2
179057,2
149892,1
238590,1
185815,3
192251,2
214296,3
230275,2
165067,9
187797,2
162066,5
194546,2
225902,3
169836,5
190607,3
194945,7
160408,6
584,27
139239,5
132350,5
131558,14
175761,6
189651,1
207960,3
106747,14
249258,1
266492,1
93729,11
60930,10
66773,6
217671,5
218707,6
150708,2
117515,16
280222,3
240206,2
166763,18
166169,6
196395,19
91421,6
100361,5
180735,5
160155,13
211127,2
274969,6
127126,12
182969,6
74302,6
120833,6
227899,2
223133,2
161960,4
184093,11
216507,2
83652,19
226982,4
268888,3
131636,3
135561,2
273931,8
100387,6
172593,29
193255,3
92633,11
117756,3
161030,2
205267,3
214596,2
226850,1
229105,1
250444,2
86862,7
3542,19
167706,5
230315,2
200840,14
149530,12
110006,5
233389,5
130290,18
148863,8
165099,4
143807,5
105314,9
90327,6
121338,10
196141,9
152242,25
193469,4
239456,3
204188,36
195685,2
172175,5
214026,4
146906,11
215493,2
153887,3
209815,5
169380,1
282119,2
171683,7
170653,16
123609,6
128656,8
266146,2
133159,52
132586,7
167448,23
155113,4
206383,7
181673,9
288595,4
3381,8
214268,1
143363,15
191157,2
200528,14
225607,1
216825,1
166747,5
80667,6
82182,17
123773,3
181781,7
236707,5
226738,2
113430,14
217176,3
212022,2
145500,5
112495,36
140864,7
153596,4
280696,2
160022,2
83809,14
99815,6
252410,3
88852,5
280408,12
281646,14
171397,11
171415,4
165803,6
191289,2
187605,3
234442,1
72901,1
188637,3
268572,6
159361,8
254136,4
215331,4
168680,3
89375,8
200204,3
209761,9
247424,1
116289,32
108934,10
242100,4
174379,1
196753,4
202767,1
213061,1
218781,8
101204,5
117127,16
152041,12
152286,8
182983,2
122437,9
184609,8
250290,1
111757,36
216609,3
165185,10
241114,2
84183,7
194340,3
94902,6
162060,4
191743,7
69302,15
77509,17
78713,2
222821,8
199524,5
114234,6
198617,2
143162,1
57430,13
284935,1
124005,1
284755,5
262233,1
269500,2
213527,3
151382,1
74675,5
100719,5
115754,6
150367,8
207501,7
256765,7
192861,7
115379,4
80449,11
141189,5
153066,3
159727,8
173497,3
248282,1
207153,5
127713,1
141347,1
220102,2
171105,3
181811,8
171845,3
150922,4
154786,4
123731,4
273885,1
179587,13
135925,12
133701,3
132034,2
268276,7
192927,4
165153,15
171719,5
183181,7
250012,1
59836,10
199880,4
166912,4
104061,4
118798,3
119946,4
173675,6
287219,1
245948,2
235565,3
103567,4
112700,1
119053,3
223624,4
201821,11
207778,1
127176,4
206757,4
136748,3
135653,12
136413,5
115412,2
213501,2
181745,9
154059,1
81387,5
143103,3
278872,1
257161,2
148272,7
166265,2
177103,3
203467,3
215017,3
220364,3
282001,6
274247,1
146291,3
100521,4
203198,4
122296,6
176669,3
160728,2
34224,12
118560,4
173095,4
145176,18
287577,1
285669,1
218211,10
141739,3
280818,3
269036,3
89613,7
94352,18
136614,6
189757,8
181157,12
160141,6
192487,5
216454,1
80661,9
152615,4
199123,5
227891,2
72840,7
151815,2
174927,5
181965,3
210971,5
97134,2
208529,1
219866,1
144926,5
230141,2
214124,1
196593,3
161143,10
195345,1
139853,5
266228,1
6494,16
238098,1
153010,9
108758,2
150556,5
199784,1
146208,3
193703,3
170233,5
182045,4
189355,13
254624,2
153434,4
131930,2
148192,5
179609,6
130042,11
235801,3
94421,4
236001,3
254634,1
268268,2
136890,25
180961,3
212409,4
168300,9
273571,1
204678,1
287807,3
230041,3
170539,4
246894,4
209439,3
234839,1
255943,1
234845,6
159407,5
199712,4
118542,5
154520,3
173761,1
285891,1
167632,7
217855,4
198821,1
210795,1
259517,3
210031,10
124971,5
200552,4
196599,2
286267,1
143468,3
26202,4
172839,5
98958,3
85894,4
209151,1
210117,1
139175,6
240772,6
158076,5
118552,2
209329,2
87063,6
89244,14
97732,7
144800,1
175325,8
255835,3
244462,1
164717,3
123902,1
143805,3
72332,5
73154,9
73198,4
238302,1
274035,1
153272,4
280320,2
132926,6
169796,6
98248,11
179715,3
224659,4
173235,18
229553,2
64243,18
142995,6
182877,1
278478,2
176661,2
78827,34
164677,3
199716,13
201386,3
97035,14
217643,12
213932,2
117537,8
147130,12
131986,3
228245,2
150898,6
168310,6
218505,6
231183,3
103790,5
147342,7
241444,1
180795,2
176823,3
181203,3
218177,4
188911,2
182355,2
86229,16
122655,1
127839,6
156266,1
247568,3
206947,2
183771,6
73188,11
281380,1
129417,3
211692,1
220884,1
81243,5
171673,3
161044,6
196883,3
190761,4
168930,9
220548,3
89908,9
105266,12
190101,4
269934,1
276397,5
193075,4
270754,2
199339,2
158101,9
207818,1
176979,4
161778,7
246838,1
178547,2
7322,12
229417,1
74382,22
85783,6
240336,6
290485,2
244788,9
88071,3
193501,4
147062,7
140619,12
127690,9
89635,4
211422,4
213774,2
136570,1
157234,4
131892,3
138006,2
190603,6
187873,5
215605,1
176663,6
279318,4
288903,1
162924,6
166367,1
220104,3
262049,1
186809,10
175521,1
173937,9
149004,5
277638,1
117519,7
173567,2
130326,5
273397,3
206401,1
159698,7
216217,12
95234,8
285361,1
32277,11
117190,1
198017,1
199562,3
140040,7
134372,8
118708,1
121612,3
221987,1
208203,25
178965,4
192737,4
124739,1
221272,1
185959,9
189799,3
107865,10
191181,3
225760,2
160203,7
91229,4
165415,3
218057,5
130678,1
131771,2
141026,1
144234,2
148562,1
150684,10
230123,1
6507,13
160600,5
213233,1
185847,2
204350,2
149360,5
214712,7
198039,2
180165,3
136982,2
268808,1
134395,3
237746,1
121298,2
86455,6
130558,2
244646,1
212407,5
84252,8
212683,2
201817,6
284441,1
217599,6
84766,8
207852,17
249622,11
112273,10
229157,8
147256,2
248056,1
119426,17
278480,2
164721,4
153284,8
212997,3
154073,6
121368,3
153210,3
158198,2
159425,3
207159,6
148140,3
126985,4
141371,7
81130,10
206459,2
136692,7
213499,2
203371,13
227594,2
210013,11
155910,8
191643,10
223510,3
101470,4
168894,3
225239,2
116835,3
126971,17
124448,2
181665,2
145538,1
147220,2
226770,1
197317,3
161846,4
157609,1
210363,5
53847,8
151416,7
151813,2
162846,9
86988,1
237215,3
172033,3
226486,1
158916,5
177527,5
132662,3
135364,3
262653,3
267096,2
155923,2
160620,2
165317,5
214352,1
282013,5
153048,10
172463,9
146694,8
190791,2
210465,1
165173,4
122244,15
161640,4
147248,3
201680,1
245918,4
279886,4
160426,12
185859,3
121515,2
221032,1
208615,1
232011,2
197819,13
105928,11
228413,4
208098,1
198009,2
198037,2
282667,5
99289,1
288875,7
133387,7
205188,3
155978,2
163440,3
184217,5
165987,2
109193,2
111332,9
240414,1
230485,6
207337,2
207788,1
213105,1
183299,1
194018,2
266002,1
263141,2
133447,2
136068,1
238818,11
277954,5
285857,3
174357,4
251056,1
183037,8
106336,9
130596,7
181767,7
144770,15
176067,1
129644,17
173415,15
220876,2
124939,2
150040,2
222879,3
72204,16
64424,7
86418,12
167178,6
190005,2
111854,7
132642,2
143914,4
129360,8
225754,2
168312,11
157428,6
162310,6
238594,1
71970,19
224775,2
184951,2
268542,1
240378,4
154850,6
276043,1
211011,8
290235,1
90239,10
77184,21
121350,11
171515,4
172035,2
281780,3
70126,5
111603,9
159632,11
141509,18
134091,4
195093,8
213517,1
196715,3
115421,2
167430,2
202401,2
122777,2
159640,10
171851,10
230701,3
73145,4
146311,5
149318,10
130103,4
168682,5
147454,3
201416,3
102878,2
132852,3
146764,1
187871,3
239810,2
181321,3
92872,3
107202,6
131630,3
184461,12
178031,4
168118,3
183951,4
250846,2
192989,5
147408,6
146856,2
140723,4
282043,3
164711,7
127498,4
242292,8
173791,6
286353,1
181125,3
92715,12
143631,2
161330,3
123371,3
272177,2
101916,2
171451,2
97137,2
143797,2
226282,7
235563,6
166564,4
216121,2
216336,4
219613,7
157471,1
132870,3
269972,8
162002,4
164566,2
214340,2
162918,1
129889,10
190821,1
197519,1
225860,1
171483,6
229953,8
241092,4
126337,1
92951,4
195157,4
155894,1
200078,6
146608,1
147192,3
195403,2
125183,8
128283,13
198475,3
117853,5
122135,3
146692,2
173599,12
240168,3
174409,3
192361,8
206278,4
210333,2
249354,1
215275,2
184005,3
162512,3
156039,1
93544,7
224635,4
184869,4
147176,2
135414,2
131916,1
267398,5
148154,7
92136,26
175455,14
135067,2
162906,1
123407,1
217413,1
218095,1
172975,10
104294,6
32959,7
61553,11
147258,1
147274,2
103317,11
122161,4
130219,7
188343,7
247876,1
184825,11
220534,2
240510,2
169428,8
77217,15
121015,7
125355,3
106098,1
226608,12
159097,3
213151,3
213487,4
217815,3
89802,6
202045,13
149700,3
181271,1
126233,2
132000,1
191311,7
222993,6
188695,17
169236,6
199850,1
124863,7
150473,5
146016,5
287217,1
142050,7
199708,12
289687,1
201412,3
207766,1
217791,1
77238,19
227622,5
135250,9
131574,5
134469,3
134755,4
265502,2
134156,4
187559,7
158051,6
58945,21
202944,2
47237,8
177503,9
73475,2
250616,4
26766,11
198161,13
281494,1
215969,3
182939,4
79692,11
171173,22
113904,3
269314,12
227817,1
204998,2
71702,3
105444,5
213996,4
269958,9
184505,8
106682,3
113860,4
112995,8
241508,2
217813,1
200778,1
216255,2
181555,2
125547,2
145600,2
199229,5
128624,6
164238,10
82061,10
269946,1
271519,1
25970,10
174639,4
192465,15
148526,2
151571,3
245440,2
197017,3
111573,1
214172,13
171669,4
89482,9
176845,8
249058,2
179015,4
165241,11
26507,10
262115,1
198047,2
123981,4
263369,1
268270,6
163434,1
191307,8
230595,10
147332,13
116253,4
201751,7
96771,5
174447,16
45072,14
198133,6
275011,1
173215,8
163875,1
218081,5
213201,1
220916,2
120793,3
128039,1
151044,5
184259,2
234619,1
148673,14
225307,2
260673,5
61695,7
107855,3
121101,3
211928,2
285619,2
262025,2
132930,2
139010,3
268618,1
161694,2
8953,10
86770,7
237107,5
203084,4
283063,5
126424,4
192743,2
138600,1
181033,1
241034,4
166441,6
141444,8
220904,3
118516,1
182695,5
158741,5
197357,3
169260,4
210265,6
201959,2
166306,15
215153,3
137150,12
222230,6
233377,2
165627,4
137286,1
89598,11
193693,3
176307,2
110138,8
199454,2
105713,1
225838,2
147308,6
203236,8
160794,2
176007,3
160358,2
104213,4
127703,2
155010,1
148382,7
165741,4
222053,5
166759,4
213007,10
162824,5
150443,10
163300,1
170715,4
150240,12
131708,3
134463,2
137630,2
259031,1
186295,2
163943,6
241438,1
237362,3
287079,13
181733,4
192235,5
214384,2
142252,2
156740,3
153851,4
162334,5
276721,1
93351,10
107970,2
88480,5
124123,1
188807,2
174361,1
123451,2
220862,4
129651,6
208094,2
208763,1
257707,1
141522,7
196589,5
282651,1
112021,4
171943,10
172711,3
226674,2
131908,5
222545,1
183553,3
130292,10
162886,3
180269,6
168314,13
78618,32
191771,5
107573,2
171087,6
291074,2
100467,2
86719,4
159038,8
161642,3
147314,4
132602,3
103112,7
196003,3
88429,9
96255,5
120220,1
145570,4
139122,5
233205,3
146816,2
169882,12
263851,5
93725,11
113972,1
238824,1
27718,9
196655,6
99941,4
88511,6
204452,4
46525,27
52365,10
123598,3
167492,5
72302,11
200566,4
228799,3
217298,1
199291,10
249488,2
287611,1
204850,5
210881,1
160800,2
198727,3
101466,10
220852,3
170909,3
165301,11
131866,1
279480,8
259029,1
175653,2
180107,1
110519,2
276083,3
188231,3
150148,1
106245,6
212158,4
86002,7
197407,3
112780,5
220510,1
115279,1
168688,2
175207,4
34226,19
89658,4
127677,1
180749,4
235459,11
87952,9
221250,10
207345,1
211085,1
235997,1
139373,4
163919,3
145769,6
148677,11
172381,4
253108,3
131021,7
153873,6
190113,6
289085,1
195047,8
272463,1
97940,5
162910,1
225309,1
287705,3
176041,3
163476,10
63327,12
198079,6
147320,3
232275,2
210817,7
278428,5
248286,1
281412,1
127999,7
104493,3
119603,1
157438,5
176891,8
194937,2
207730,1
93888,12
183479,2
149486,4
111128,10
142308,4
215393,1
220576,4
81906,4
78723,13
124546,5
137817,1
232889,1
283733,5
216111,10
43803,12
175749,5
235693,2
146858,2
89406,5
176623,14
122419,1
162442,11
203803,3
223103,10
287415,1
213485,8
269684,3
208209,1
98063,3
64990,13
201396,2
112353,2
118742,8
169700,3
180357,9
287385,2
108407,4
212357,4
98286,5
137559,4
268336,2
261001,1
215355,6
103842,7
92787,3
272199,4
234597,1
88652,10
220208,3
177433,2
124965,5
137347,9
176813,20
147208,10
139036,6
108667,1
176011,4
218273,1
226614,1
128804,1
160744,9
161040,3
290773,4
150619,5
207225,1
226582,5
162190,3
113717,9
204186,6
162820,5
186469,4
253076,1
3455,25
140054,10
134196,1
139992,10
233563,3
227628,1
158964,3
200784,3
199840,1
140391,10
205174,3
73504,16
170887,4
234504,1
184117,2
101022,4
107879,10
251998,2
204346,3
222607,2
91444,4
112959,6
257977,1
261299,3
188597,4
227941,2
3191,6
162748,1
163452,2
6697,7
149306,13
112538,7
169042,1
220698,4
193817,1
191039,2
235275,2
152212,3
243842,1
286091,1
163531,7
122421,9
153146,4
173855,4
235631,2
249404,1
205513,3
116754,5
145333,4
101967,11
244454,3
208102,3
138576,2
124166,5
236157,5
132416,3
139869,17
158946,11
161286,7
86139,18
221612,2
288649,2
116104,2
82154,6
159105,2
194070,3
275877,1
123792,8
204720,3
268686,1
122234,9
147316,3
255971,1
121378,8
129925,6
247210,1
184649,4
126765,3
131761,3
173695,5
284517,2
213199,1
279434,6
142885,17
79568,2
160577,4
255397,2
246034,1
272457,1
267374,19
267880,1
137660,7
259027,1
151479,6
138636,8
243860,1
256899,3
193335,5
244364,3
112540,2
162720,2
204528,3
192805,1
197309,11
239466,4
165695,3
100232,2
130946,1
145562,1
229761,3
237225,2
235879,1
205387,1
154512,4
218161,1
237193,3
132224,3
134973,3
136241,5
133733,5
138098,3
231545,6
143753,4
243334,5
235811,1
175807,5
116088,5
162550,4
116710,11
268286,3
191785,6
208609,4
69518,10
251498,2
149114,3
51249,12
70370,13
290507,3
232273,3
223105,1
130424,9
175991,12
175993,1
140876,7
118234,4
118492,2
119840,2
151469,1
227793,1
84103,8
184639,4
223306,2
130298,3
116549,6
138002,1
204326,6
167828,3
143849,3
260847,4
56548,3
199422,3
214936,2
122766,5
166241,7
177841,4
26389,10
180085,1
128928,2
172073,1
270164,2
117436,6
84500,3
181489,11
171571,9
141028,1
160042,2
167266,10
172171,6
168508,7
174527,20
177133,2
207762,1
182831,4
212453,3
284419,1
119163,7
163975,3
69652,8
173655,7
163296,3
104726,7
166830,7
224340,2
136750,2
262669,3
262859,2
244846,1
278124,4
27132,5
219599,9
102821,7
236353,3
182441,9
170859,7
201222,4
174997,8
25872,10
126300,4
201971,2
219623,1
51203,12
144114,1
214360,4
147292,2
190901,2
205813,2
211021,16
125181,8
147338,5
26723,7
159833,1
160894,9
187557,3
177121,1
194837,2
159873,5
161768,6
237802,2
126577,10
136092,9
160616,1
231071,2
281288,10
89007,12
292117,3
117712,5
147698,4
199810,4
204622,1
214782,2
210457,1
87890,7
192161,7
147202,6
194516,20
223586,1
93672,3
198205,3
220888,4
151030,8
194512,7
229419,4
7752,11
130748,7
179543,4
231281,1
210155,4
153534,2
259959,4
120414,3
134991,2
140004,3
165221,5
252988,3
182973,8
234687,1
139960,8
179963,6
199788,1
234599,20
280896,5
215631,1
284695,2
192165,4
211432,2
153871,2
190569,7
130694,4
173561,3
161328,19
231169,2
173115,12
225373,2
226164,2
158280,5
125982,15
244042,1
95036,5
149992,8
219978,2
120090,4
267290,1
131779,2
52942,15
235587,7
239492,1
177619,4
219302,1
148246,1
275203,1
229133,1
258771,2
165787,3
172219,4
247872,1
149472,7
183677,10
242398,1
279520,12
3321,11
113790,3
239006,2
195859,4
88315,13
276719,1
280816,2
165773,4
256351,2
182851,2
207325,1
215669,1
209811,4
276513,3
170467,4
133559,9
103635,3
179281,3
134985,3
143783,2
26287,8
260657,1
178819,4
199730,3
275643,2
193401,3
155106,11
119768,3
145212,3
270226,1
274305,6
272603,3
116042,6
272209,2
277188,3
176949,14
171249,3
141694,4
211622,1
213606,3
206743,6
170427,4
131542,6
132184,4
159712,3
194110,4
73529,10
117148,19
172487,6
208829,1
104028,15
138978,5
279892,6
190297,7
220898,2
117480,14
149388,8
284563,2
102908,3
125059,5
140042,6
138960,8
134728,3
263361,3
267844,3
132420,12
104314,20
88398,7
164622,11
179051,6
281696,1
205114,8
169458,4
274239,3
193505,3
45527,16
173125,7
194296,10
167132,9
206276,2
228199,2
274287,1
231419,13
124923,2
140699,13
141880,7
126560,14
223452,5
266030,1
131938,5
233629,3
90700,11
260523,5
290751,1
177595,7
92245,9
182031,4
203984,3
252028,6
240214,2
236203,1
220794,4
220490,5
206829,2
33533,20
95565,5
242664,2
101405,4
262037,1
270988,1
268976,1
196681,3
280076,14
197335,2
260957,8
154578,6
165217,7
119858,2
124257,5
147218,7
225968,1
71402,6
84829,17
96084,18
198007,5
248288,1
123433,1
86440,4
214588,4
210885,2
176509,7
145362,4
159562,1
173097,5
91533,7
286253,1
209539,1
150976,4
259325,14
287127,2
135238,4
138612,9
158912,6
228033,3
116576,1
289315,2
188779,7
163444,6
213958,3
208845,3
212104,6
186559,4
164348,10
168530,8
184991,13
191525,1
204984,1
199704,9
199714,12
119834,5
126331,1
173589,3
152565,3
197573,6
274665,1
172167,4
180715,5
132062,9
263367,1
131584,11
150260,14
249932,1
257541,7
225808,1
106521,7
178905,7
168338,5
205323,4
72153,11
179897,6
247684,4
174469,7
149118,2
174943,3
177999,4
202998,4
88417,8
123117,3
171877,8
221468,2
137994,3
97808,6
261285,4
257003,2
198149,11
156917,3
195591,1
132898,5
157210,7
98241,13
129307,6
223960,2
48458,12
206759,5
179559,6
106523,4
115692,4
144160,1
147318,1
188089,6
260535,1
216781,4
195547,3
125591,1
143799,2
158167,4
159522,1
173055,5
89098,7
203563,3
148301,3
171951,9
151953,10
131586,12
261277,2
246922,3
217411,1
199848,2
269076,7
93035,5
192901,3
212030,3
151689,3
101918,13
95016,3
209493,2
173739,5
174453,3
220908,2
100091,9
129374,1
148142,1
148886,4
193785,8
207744,1
210005,4
253904,2
156993,5
87055,8
169998,3
131990,1
132028,2
287091,1
179393,4
91492,8
276341,17
163432,5
54501,20
115335,7
189417,10
1630,18
86430,16
224242,3
234097,4
227562,1
99495,11
188417,1
219740,1
214272,2
124639,5
124671,1
163458,5
261377,5
272217,3
101799,5
216995,3
149824,1
118608,8
203705,4
207754,1
209007,2
171127,4
171847,1
209759,3
246710,2
100198,3
150232,18
79232,7
113223,11
145264,2
136086,10
399,10
48057,22
116568,7
140535,6
255697,4
118782,20
199796,3
146854,2
261685,2
90247,12
153278,7
208941,2
183579,10
272653,2
98067,24
154992,7
166255,11
231915,1
216287,2
128297,5
129470,1
155563,2
182489,10
208168,1
199508,1
278210,4
185361,4
190697,8
262031,1
264482,1
131952,1
108544,6
128727,15
141068,6
90167,6
161476,3
189239,2
220664,2
112517,4
186833,8
169310,1
187677,1
144706,6
194724,8
168022,5
180713,1
99739,17
283867,1
192517,3
89135,4
160424,4
52570,13
165569,7
56574,11
99853,9
105509,17
142354,5
123083,4
220296,8
270216,5
201957,5
262191,7
134471,5
136295,1
158719,6
222619,3
96535,4
141078,5
146948,5
165565,5
121594,9
180599,5
188493,6
117720,5
157825,3
187673,3
129532,4
85691,8
182671,20
88564,19
194999,7
217759,1
272063,1
202537,4
219406,7
264828,1
163625,4
118748,2
120452,3
106115,4
194318,11
246890,3
107968,5
183341,5
194246,2
137733,3
262029,1
135037,3
101695,7
252686,1
155539,6
108756,4
197941,1
202277,3
148781,5
158292,9
124751,4
122667,6
230319,9
194244,2
196987,6
132066,5
26551,5
181721,3
241376,3
90895,14
269754,1
172119,7
146976,3
106107,5
205068,1
227827,1
202817,2
233623,1
108536,8
190229,4
168210,14
280808,3
198049,1
148412,4
178589,1
164206,2
182685,3
8603,26
157160,5
178945,2
113845,7
203491,3
163442,1
97096,8
153814,4
205873,4
125265,5
177033,3
172115,2
119929,6
190647,10
222308,2
164775,5
202355,6
164572,2
70331,7
101476,9
122679,1
144242,1
146704,2
155008,4
183293,6
218789,5
173367,13
188777,4
187093,7
180859,1
278166,6
230761,1
205665,6
198303,1
269224,2
135316,11
162750,2
232885,3
194955,7
216001,2
124641,3
26677,14
226146,3
122793,8
162932,2
261207,3
167154,4
100562,13
190895,6
116702,14
124382,3
143627,1
149580,11
150016,5
163683,6
207303,1
207782,4
274257,3
194582,8
275155,10
186157,5
262671,2
210495,3
217218,3
153154,8
169928,10
112206,3
181513,5
229245,7
93406,14
200142,2
219497,6
257365,4
170821,6
176065,1
109002,4
202982,3
104662,10
219360,1
202691,2
161892,4
131594,7
196701,5
215793,5
222565,3
158832,8
117620,2
154975,12
199884,2
205415,4
158980,3
182037,12
162446,3
6496,9
86471,6
194358,5
279008,7
119055,2
148644,5
241782,2
211556,2
173037,3
245388,1
207928,1
219290,1
273887,1
210261,6
169866,2
175839,1
139907,6
133891,9
136383,1
267866,3
268646,8
190573,8
254114,1
165561,4
114631,7
116108,1
197925,7
214358,2
242098,6
199856,4
164003,4
196803,3
110948,3
112383,3
149616,7
281572,3
89912,8
183425,5
190571,1
87509,6
138724,5
165425,6
123119,8
205988,5
207748,1
207764,1
180411,4
224541,2
212080,1
216177,4
98030,5
208909,2
145246,8
281302,5
131690,6
137648,2
135404,2
213521,1
189287,1
275093,3
149454,3
199836,3
203553,1
139018,2
151222,5
68833,8
170431,3
163274,4
102325,12
232605,3
168674,1
119438,3
130942,1
227386,3
171379,13
192773,3
258199,6
191373,10
211107,4
189193,2
222205,4
125105,5
194961,1
180223,5
132004,1
137303,11
186215,3
195401,4
282185,1
182975,3
206688,2
221120,3
167418,1
214844,1
96264,3
190219,14
92172,10
174269,7
76255,6
151062,7
215451,3
184411,3
287465,1
99659,7
90084,10
129419,3
198939,2
208597,1
137331,1
270564,1
266190,5
193665,2
164947,5
78442,4
152001,7
192243,11
100167,8
140563,3
279888,5
65350,11
125095,6
149778,2
88031,10
128201,3
158107,5
91140,5
179597,1
249222,7
175331,5
125493,6
229257,3
3290,3
276321,6
277880,1
111789,6
151361,1
88971,7
128705,5
171281,3
119027,3
165659,1
174507,2
65696,2
198691,4
144218,4
139361,7
130206,4
183547,4
203232,10
241342,2
150635,1
196385,12
198175,1
161708,4
168374,7
67316,15
144702,2
186103,6
262673,1
31342,6
174413,6
106563,4
164765,2
221026,3
170064,2
210689,2
211736,2
247272,1
220520,4
196919,4
205909,2
140335,8
71806,5
148146,3
175953,2
258281,6
189209,2
140154,7
170495,1
199534,2
118023,3
234077,2
132690,2
285197,2
132967,4
133089,8
136499,4
168294,3
139104,8
144118,1
127638,1
146564,6
177327,10
279404,1
287007,5
214164,7
188127,6
34371,4
260685,2
229061,11
280328,7
116311,6
250952,3
130924,4
204014,2
120460,2
254857,3
68899,13
103515,4
108924,1
113895,1
172123,6
121005,5
101375,6
192819,1
229161,1
125005,4
184261,2
90960,4
123221,6
147797,1
199348,2
192931,6
206853,2
280210,4
144768,2
175495,1
225475,2
290233,1
248386,2
193615,1
180341,5
194170,4
224669,2
187569,3
202235,1
275615,4
57480,18
53561,5
88175,4
248990,1
127100,1
72589,10
90308,2
193876,1
140245,18
126989,4
144250,5
220780,3
3828,6
96722,3
270660,7
281772,2
173015,2
277786,1
173581,5
207127,2
70148,5
277166,1
159083,12
282569,2
157302,3
158655,12
144662,7
119639,2
125576,2
284081,8
130456,3
176641,6
211496,1
90673,6
124153,2
172093,17
184789,3
164783,2
192529,1
186441,6
151481,3
289745,1
290135,1
175875,3
129978,1
214458,7
223832,3
165025,2
116935,7
210891,7
134025,1
268118,5
213792,5
185595,3
172801,9
142434,2
206678,8
107903,4
59327,3
175393,20
188865,4
225449,2
140996,4
128105,4
173043,4
273151,2
280634,2
175065,2
192785,1
93333,15
166275,5
290207,2
123621,2
185179,2
159024,15
184549,4
202365,3
176879,2
168400,3
220130,1
261577,1
157599,3
171485,10
219874,2
248730,3
291479,3
213289,3
150750,1
171553,4
188587,3
89977,6
279676,1
154337,3
166273,4
167816,6
230663,5
99210,2
277862,3
191145,3
194322,6
116979,7
186611,3
223091,4
135841,11
262699,1
139016,2
191333,1
197671,1
216003,1
129909,7
207211,1
276009,4
189711,2
122559,8
176429,5
240094,2
278154,3
219386,2
202962,1
209767,2
119812,1
208423,4
108813,1
87798,2
160584,3
176379,3
7623,12
66620,2
80986,2
222163,1
150302,1
190379,5
145106,3
176971,2
136275,3
136808,3
271162,5
172453,1
145508,5
216005,2
199167,3
197461,2
142642,1
160147,14
96757,3
241160,9
72400,5
236377,2
104642,6
124689,4
125469,2
272679,1
34076,10
92120,6
157593,7
186257,6
205022,6
8545,6
282517,2
143133,1
165271,2
169496,3
62761,11
276081,2
211458,2
128999,2
138216,4
164473,1
252732,1
185915,3
205176,4
204862,1
215557,6
222685,8
225153,1
237238,10
191095,7
262415,1
262825,1
137525,1
133489,1
134526,4
269618,2
161090,4
201290,2
205561,1
234410,1
124065,14
187223,5
234669,4
248306,2
176851,2
125960,10
105502,8
208795,5
208811,1
281492,3
106495,7
193061,7
145636,2
219454,1
248032,1
81583,6
102961,5
278512,1
189565,4
207870,1
191719,9
120230,3
209251,2
265116,3
139936,2
206717,2
183307,6
180693,5
278306,2
149648,2
220930,3
188583,2
87258,7
131882,3
140401,9
155462,1
174285,3
129325,1
222312,1
114017,3
194781,3
276381,1
288497,1
190649,3
279378,2
104597,6
250360,1
122458,2
200512,1
176301,6
189849,8
205002,4
212821,2
91031,13
270770,1
198159,4
149562,4
197003,2
282109,1
140182,2
230661,1
228057,5
229543,2
73240,12
90671,6
148326,3
191131,2
200524,3
207059,6
97667,6
124763,2
289319,1
140753,6
270740,6
133955,1
235727,4
203713,2
273559,2
90488,6
145897,2
143154,5
199570,3
206373,1
262015,1
184787,8
188115,6
205026,2
289809,4
179579,2
69460,17
193926,5
282613,1
249504,2
142342,5
144852,1
244666,1
222296,6
179687,4
98807,3
111848,2
183539,3
276519,4
234263,6
133073,2
182937,2
188147,7
280232,3
275305,1
274101,1
166417,1
212933,1
270440,1
168012,3
203258,2
206629,3
218353,1
231227,1
150196,6
184841,4
275263,1
191915,3
182729,11
181661,1
198773,2
289517,2
82593,4
175103,4
36405,4
80950,3
87256,4
194418,3
210951,4
223562,2
234556,3
226302,5
154923,5
112921,1
174005,6
137339,5
135418,2
137940,1
197705,3
110739,3
157502,4
257261,1
204244,1
278598,2
224455,1
195995,7
286677,5
234460,1
173065,4
174115,2
125563,4
125650,1
129867,2
183113,1
202928,2
205943,1
142793,1
39876,3
98348,2
98788,2
111638,1
141980,2
194430,1
284863,1
261069,1
199043,2
179223,1
262149,1
282207,1
58598,10
107919,3
75994,8
125567,2
199388,1
206206,3
206855,2
220064,2
287847,2
287023,4
158779,5
165745,1
168050,3
179639,4
222999,1
214798,3
145899,1
160096,2
219145,5
196083,5
203783,4
226230,5
184955,6
214212,3
193859,6
84691,6
114807,4
274835,7
129268,5
229249,1
194114,2
194124,6
246834,2
242418,4
206983,2
262421,11
132374,4
133661,5
193667,3
197185,1
273031,1
277017,6
64552,6
141583,3
26486,15
216677,1
236975,3
261581,1
271617,1
151495,1
165289,10
176155,3
205008,1
179531,2
179643,4
114766,7
238726,1
290291,3
279524,4
120819,7
203914,6
287497,1
202201,1
86653,7
190267,1
162536,7
194414,4
164871,4
215945,1
171387,10
283045,2
208319,4
223534,3
276907,3
91770,11
121390,5
175781,2
205523,5
217156,1
279712,1
149636,3
280038,6
87322,7
186753,5
219294,5
210097,2
271278,6
118860,10
201967,2
128498,1
142332,2
222577,1
286549,1
153412,4
71386,8
105659,6
99347,2
202091,3
116303,1
142505,7
225091,2
269512,1
265948,4
279238,2
83920,7
90108,7
116519,8
96598,4
194036,6
216063,2
232401,4
168980,3
165299,2
168032,2
202531,2
159980,6
141814,6
279738,1
282669,2
256949,1
220936,4
123689,3
281640,1
215385,1
173245,5
140972,2
204154,2
175081,3
109704,2
211558,1
175843,3
192685,2
168212,7
193353,6
110155,3
221014,1
236379,1
285899,2
266428,1
268802,6
268940,3
268346,2
138904,2
270368,1
154364,5
196785,2
216015,1
186897,1
223013,1
282195,1
65614,10
61414,14
236349,2
128247,1
169684,6
151319,7
198835,1
270732,12
164865,4
166215,2
200348,11
278286,1
26880,1
140717,5
172277,8
171353,3
171677,4
150661,1
165275,2
168324,1
202193,4
68474,5
80313,4
92023,7
98609,1
103044,12
146194,1
127632,4
271226,3
156823,3
134411,3
134477,1
265174,4
151669,2
226630,1
122603,3
204112,1
166205,2
168044,3
152864,5
178697,2
141491,3
178331,4
173041,8
120823,7
161882,2
192407,6
285839,4
237972,3
230173,5
206121,2
257621,1
137054,2
131634,4
139559,8
139277,3
172385,7
220174,1
153610,10
140353,4
85983,8
160024,3
199023,1
200018,8
234769,1
166195,4
278152,2
158669,5
125658,5
141404,4
139126,9
125774,1
148871,2
152270,12
129879,2
230991,1
106722,7
189749,1
189765,3
265322,3
6838,4
209849,1
129917,3
167576,8
282211,1
142414,2
270816,4
261915,1
273081,1
282623,1
248314,2
73204,4
197745,3
246718,1
251006,1
142318,2
236901,1
149798,4
146718,6
119059,1
129052,2
147600,2
65698,3
106026,3
230447,2
290083,4
120200,4
198941,2
138837,5
138800,4
139471,1
146584,3
126773,5
228533,1
276711,1
79872,13
125585,5
145060,4
219695,6
195765,2
89747,9
212413,1
195025,1
103303,6
113545,2
118486,4
123441,3
162328,2
222224,3
278572,1
206075,2
189459,4
223079,1
244284,3
202842,5
175203,9
113795,6
131914,2
120126,7
222601,2
129919,2
155802,2
88042,14
161984,3
157665,3
221951,1
25816,8
124657,2
181019,2
206252,1
270386,4
185259,7
179513,1
179731,3
143502,2
256197,1
271891,4
129466,1
145532,1
173505,3
186489,1
235407,1
235555,2
275385,2
198981,3
194893,3
209253,1
131777,4
162426,2
130806,1
227923,1
143147,1
110253,2
98288,6
141170,2
206489,3
276533,1
79471,5
245590,2
166201,4
168020,4
125613,6
142865,15
256185,1
128135,1
147789,6
157138,10
189937,3
222887,1
114140,2
220156,2
241130,1
288603,2
127606,8
161772,2
198977,2
113126,7
193223,11
133517,3
262741,1
192795,3
163819,3
84092,15
123411,4
252670,4
225213,4
261815,1
278404,2
101062,7
79521,10
5805,2
231317,1
256093,2
212601,3
130336,5
157731,3
128129,3
143194,2
153504,1
215397,3
200190,3
173765,4
183903,5
277290,1
148824,2
123955,1
185211,2
262251,1
265614,1
288675,4
105938,5
144952,2
191245,2
111285,9
197735,6
270500,1
271933,2
168054,2
261939,2
177077,3
146477,3
236803,1
230561,1
211624,10
173127,1
129056,3
144096,2
208783,1
249372,1
48030,5
85010,4
105320,1
235973,2
171083,7
280708,2
175851,3
289865,1
8863,2
165477,3
201216,2
168954,5
58373,13
141710,5
185799,6
198921,3
64548,9
203316,5
92126,7
243248,1
206773,1
166199,2
202631,2
193593,2
233333,6
280980,15
284601,1
172995,1
179681,3
118522,1
145694,1
165827,4
270348,1
237352,3
173501,14
177263,6
289111,2
52922,15
261593,1
279032,1
242328,1
198961,5
131498,2
197239,2
216009,1
169018,3
70722,11
56602,19
158418,7
177747,14
218875,10
123030,1
149706,2
278590,1
188229,13
282683,1
145901,2
268804,10
203771,5
175571,5
173075,4
135719,4
272535,1
158888,11
210481,1
223442,15
160106,10
236251,1
252394,1
203521,4
262379,2
269490,2
146882,3
261869,1
148753,3
87334,4
6674,10
182981,11
176045,4
181027,2
208116,9
153979,2
173073,3
128385,1
183153,1
222895,1
287179,5
232425,1
219533,1
177275,3
181739,2
25936,10
104119,6
287623,1
104309,1
221406,1
168790,3
206123,1
212263,1
269336,2
210343,1
279206,3
245530,6
86789,5
177349,3
92178,4
250798,4
282521,2
6915,11
202825,2
291845,1
125778,1
129765,1
194436,3
49063,4
254500,5
116766,3
171651,7
125852,6
216045,1
222471,1
222633,1
261783,1
270448,1
283715,1
235027,3
75820,10
88642,8
220004,5
139032,8
165393,3
179575,3
228587,1
171513,1
124190,3
126146,7
127252,2
129060,4
140950,1
140978,2
197053,1
214086,1
164550,5
202203,2
97670,2
275369,3
198985,3
194260,7
159837,2
283211,3
205000,2
136812,2
133900,4
129303,4
216027,2
224248,3
181199,1
207922,1
241698,2
60145,18
164761,4
213039,2
214977,2
216579,6
218107,1
177719,2
132834,1
276933,2
67878,2
82235,5
110403,1
202543,5
239636,1
256863,1
261543,2
192789,4
199530,1
218435,1
149731,8
127997,3
198969,3
199037,3
216571,2
225802,2
78984,1
124007,7
147768,4
132259,5
139988,6
205569,2
161103,5
260079,3
282175,1
107150,3
292175,10
182545,3
219786,1
236517,1
185527,6
167998,7
112328,5
82330,11
282515,1
159564,2
262119,1
142012,4
153832,9
154448,2
129486,1
239344,1
111868,2
194054,1
194750,3
184979,5
222669,2
217320,1
255265,2
262711,1
263861,2
288443,2
203647,4
165465,2
129923,3
104495,5
122499,6
203042,2
141618,2
147066,2
246822,2
174603,13
204912,6
96250,5
138592,1
155766,3
118426,2
282657,2
221590,1
217284,4
107153,6
172229,8
117644,1
91331,4
153955,1
155884,1
163545,4
167810,7
206607,1
222919,1
280576,2
271359,1
193149,5
259605,2
225884,1
253314,1
194120,3
251218,1
150156,4
240566,1
126108,5
121825,7
225894,1
185243,1
132402,11
132537,5
267478,1
175609,2
201690,1
184331,2
90116,3
175375,5
189955,3
262139,1
61475,6
116752,18
162972,2
181339,7
286013,9
283389,2
252922,2
129183,10
129877,1
286533,1
190527,5
141434,3
201771,1
232015,3
170841,3
160185,11
210219,1
243326,2
290229,1
168866,5
189311,1
132394,2
131910,5
267918,1
282205,1
84948,5
127017,8
154280,7
182921,4
280688,2
53600,11
198769,4
168820,3
128395,2
128470,2
276357,8
1141,6
205178,2
289275,1
198943,6
198963,2
186299,3
268234,1
267998,5
134081,8
136261,1
202327,1
218135,4
130322,1
161848,3
189833,3
232597,2
87227,11
191335,9
158896,5
167446,4
207546,5
178873,4
230687,4
192057,4
184311,8
208987,23
250674,2
188141,7
202333,6
288389,1
198543,4
261365,12
105406,9
124061,3
258719,1
258723,1
207135,1
222473,1
283183,1
81029,11
179623,2
187345,6
215931,7
281774,4
156364,2
153202,5
127598,1
139389,2
287471,1
280606,2
249538,2
80472,2
112548,1
242938,2
194174,1
196187,3
274683,2
144914,4
213646,1
243562,2
199045,3
113698,2
117496,7
209507,2
134473,1
135386,1
158445,2
139705,3
154848,2
226018,4
124071,3
193479,10
206775,1
207109,1
179607,2
278136,2
278594,1
187159,8
186757,2
202918,2
204782,2
116750,10
175307,1
98191,4
283567,1
171123,4
277898,1
261119,11
201797,2
204288,3
135334,4
262679,1
132313,2
129931,5
211676,1
224336,1
237572,2
243246,1
82840,4
195039,1
148344,4
196867,3
235137,1
158426,4
80267,7
157286,7
174203,2
162128,1
186291,2
258289,1
202397,6
280616,2
183063,6
151371,6
60616,3
84689,2
289273,1
177893,4
168788,4
116309,5
192303,3
195117,5
132567,6
182897,2
251500,2
246366,1
281422,1
250174,4
248308,5
164797,8
179541,5
184857,3
161876,2
282691,1
186189,2
103296,3
172069,14
284435,4
68329,4
73261,9
112307,3
194216,3
142314,3
289597,1
217567,8
137288,1
136768,4
158103,4
132340,8
214732,1
71384,5
133323,9
148446,10
89674,9
212347,4
85527,13
260565,1
166223,3
260471,2
195851,6
169660,4
139980,3
250268,2
280612,2
122942,18
141850,9
143651,6
262821,1
172519,17
286369,4
77783,7
142933,4
225830,2
89408,12
213836,3
212937,4
189093,5
200584,5
160808,3
215637,4
122855,2
276753,1
208575,7
292475,1
226484,5
83927,1
175523,4
248398,1
198687,3
241152,1
165535,1
280658,2
198979,6
217501,1
226518,3
262253,1
269118,1
132946,1
216129,1
282023,2
71278,4
193739,3
147819,2
197865,3
206377,1
228541,2
246966,1
185483,3
85981,6
91419,8
167458,1
188581,3
258321,1
92064,11
282555,2
106468,2
171693,2
193719,6
162130,2
196989,5
124091,4
202205,1
205166,1
269764,1
184273,1
201068,1
179837,4
160293,7
204178,2
206823,2
227284,1
291318,1
166227,4
175373,9
183503,3
201544,6
287595,1
56009,11
152549,13
139187,3
153724,1
247590,1
192601,2
211047,3
239436,1
167862,1
185241,1
272137,5
132983,3
268720,2
264774,1
184971,12
216013,2
141598,2
103759,4
121233,3
163272,3
236641,2
248304,2
208219,1
188909,2
212941,2
218745,1
226676,3
187435,4
239546,1
128848,2
202916,4
290051,1
121352,7
128405,1
130404,3
104249,5
215487,4
223320,3
228497,1
185195,2
185203,2
185237,2
137984,2
270404,1
137789,2
137375,1
139659,3
148801,2
193657,2
131802,1
203058,1
129907,3
210889,2
126781,11
184467,2
96739,4
124749,5
197427,4
173583,5
123872,3
160153,6
279546,2
153618,5
105416,5
126124,3
179021,6
120319,2
210199,3
260713,1
176377,1
197535,1
84669,5
103881,1
189657,1
169696,2
159087,5
218439,2
3312,5
137887,2
123818,2
92477,2
207920,2
129947,14
207217,2
82747,16
109989,16
236617,2
164857,6
282679,2
235127,3
271022,2
216681,8
173011,4
32779,6
165273,1
185247,1
246626,3
4904,12
1851,15
87662,3
177637,5
182449,5
198603,3
235815,2
278852,2
185209,1
268128,1
239332,1
239676,1
45707,9
249904,1
200854,5
270814,1
104654,7
205493,1
208647,12
166948,8
193709,2
159558,2
185059,2
222117,17
180475,3
113553,3
141610,4
245984,1
192645,7
108395,6
91729,4
261511,1
249298,1
290197,1
207966,1
139030,3
254730,3
193391,2
115883,3
164785,3
188523,3
156599,6
181765,2
241904,2
247312,1
199233,4
247038,8
198771,4
100015,3
214714,4
264375,1
138022,4
288085,1
142416,5
139235,3
185835,5
118036,3
144942,2
151655,6
202856,1
172873,2
247308,2
283135,1
167010,2
172939,1
128522,3
130698,2
245298,2
164586,5
68676,7
287599,1
209573,2
168428,2
131614,2
137601,1
134597,4
132032,1
134415,4
137662,2
192961,10
207209,2
145164,2
113008,2
190181,28
256833,1
179613,3
197861,2
123270,4
139397,3
62851,10
187219,5
173297,6
124281,2
191119,6
194458,2
282665,3
164409,3
175161,5
191839,3
220470,1
274135,1
170062,5
223183,1
133075,3
262239,1
267120,2
269136,5
182855,1
202267,2
205182,2
241362,1
173155,13
236365,4
124775,5
129225,4
198787,2
204028,3
148948,2
117156,4
167390,6
99562,3
194486,7
188371,6
155780,2
235427,2
117648,9
169980,4
119752,1
142004,1
256987,1
287469,1
248034,3
190411,2
223400,2
279006,1
178581,6
180571,6
139275,5
190299,2
178139,1
207041,1
224483,2
205120,4
147424,2
248656,2
278106,3
288851,1
107863,2
149140,2
276931,1
174509,1
60223,8
81857,2
82469,6
90545,5
248068,1
144848,3
150623,1
182585,3
88278,13
266208,5
262507,4
131526,2
137739,2
137932,1
186887,2
228529,1
282199,1
160858,13
164817,13
271753,1
223448,2
235147,6
221050,4
289863,1
174277,4
188631,6
117843,6
43248,9
179181,1
245986,1
183187,6
278828,2
202199,2
63468,8
282859,1
116596,1
219179,3
157344,5
131730,2
134457,1
121403,5
125047,11
160575,14
152767,9
105601,8
146558,2
157589,4
3583,5
193807,1
258887,3
177205,6
122849,4
144098,1
229039,1
229001,2
103637,3
211554,8
287157,4
230329,1
288057,1
198805,4
123951,3
165365,9
186239,2
206825,4
179917,4
173721,7
186449,8
247294,1
275711,1
8764,8
106466,4
171643,3
153506,2
156907,1
282749,1
5565,3
92416,15
149086,3
201452,3
81200,8
81216,7
88427,1
93181,2
194118,1
194186,2
282697,3
198891,4
230335,1
128900,2
280426,2
266432,1
134461,2
181299,3
223634,3
37113,8
242112,1
149768,2
154690,3
87387,3
54056,5
228357,1
177695,4
277720,1
179569,7
181391,3
173907,5
192965,11
89979,8
195923,5
125305,4
188451,2
174587,7
198897,3
131386,4
131918,1
192573,16
281304,6
146640,2
144916,3
292351,2
239764,1
130438,1
147881,3
208935,1
279652,2
283887,1
177043,4
194921,3
6943,4
165381,2
162434,4
167464,1
87471,8
124430,2
244136,1
206861,5
127335,4
140685,1
141022,1
44752,15
84963,6
92321,3
284799,3
289285,2
176643,4
243542,3
155174,4
203972,2
133531,1
134188,1
156921,9
200444,9
90270,10
101902,7
155160,8
151487,4
200498,3
164805,7
171905,5
152435,1
181059,1
126221,1
130656,1
288559,1
99273,5
113757,1
274671,3
79642,6
226262,5
198955,2
146700,5
183871,2
131365,2
133501,1
164883,1
249806,3
244524,1
149772,3
93719,18
215697,2
126050,14
164703,8
129873,2
185049,3
202197,3
240802,7
202836,2
196999,2
63141,1
73158,6
204176,4
222123,3
289841,3
185221,2
134941,4
265264,3
233879,10
166482,13
141327,8
191681,7
280490,3
219968,5
276893,1
198973,5
179555,3
193619,3
150858,4
230163,3
90068,9
121405,3
128219,4
225267,1
248438,4
128703,5
87598,4
99564,4
173491,3
175619,6
248766,1
206125,2
124905,1
164685,6
157240,1
267212,8
180311,6
154830,3
112249,3
122625,6
85772,4
85738,6
190337,5
207942,2
198989,3
121065,1
289327,1
272479,1
242828,3
288099,2
204396,3
246854,1
213359,1
195933,3
229441,3
122371,2
177357,2
107690,3
271280,1
229869,2
167008,3
242744,1
184821,2
176193,3
158775,4
268198,1
154210,1
154566,1
175321,2
139503,4
4891,11
223344,2
205315,7
87751,4
288041,1
122201,4
287901,1
290109,1
128253,2
204162,2
210695,2
179987,5
173543,1
172481,7
187419,10
274523,2
115598,1
241122,2
237682,3
196277,2
125303,5
211321,1
123071,4
241556,1
102980,5
122361,5
128371,4
150612,2
176251,2
182417,3
279940,7
132920,1
217979,1
152003,3
283155,7
158982,7
184891,7
159510,8
160321,3
202591,1
173643,5
176087,7
194262,7
200836,3
166998,2
192289,5
196155,1
222501,4
222234,5
241602,1
192127,5
151829,3
181263,3
169740,3
183761,1
198299,2
139871,11
153128,2
189777,5
169824,6
226966,1
219603,3
96294,2
146968,1
84665,5
176399,4
83310,4
142523,4
247648,1
287237,1
128229,2
72653,2
257515,1
287153,1
107867,4
210679,2
167722,2
179945,2
196057,2
262243,1
153696,3
154588,4
154874,3
193181,10
103101,5
155898,13
256047,1
192417,4
245796,1
202926,1
216501,1
95581,2
177383,1
192553,4
91914,3
270252,1
144936,2
173253,5
238032,2
285611,2
283571,3
209947,3
261689,1
198515,3
201757,1
183067,2
242804,1
160133,4
190159,4
228785,3
111568,2
148490,2
169858,1
174807,2
175085,1
178759,2
183039,2
183041,1
190785,1
192623,3
195337,2
201440,1
264710,4
154556,1
242266,3
114009,4
282057,1
166151,6
171323,4
120572,1
219617,1
142036,1
223348,4
242198,4
280108,3
186223,3
173397,4
278752,3
208769,2
150210,3
228693,1
116499,11
161766,1
183749,1
184279,2
189683,1
191107,1
132392,2
137521,1
153102,2
153400,1
153692,2
154664,3
252888,2
257695,1
278228,1
206955,8
215205,1
214230,2
239882,1
248444,1
140493,4
178203,1
179911,4
195815,2
103328,2
133213,2
133353,8
137401,1
153881,1
154886,4
158074,3
166731,4
84019,16
122197,3
159892,1
163096,5
273453,2
194849,4
221626,3
203613,5
207808,4
159143,9
260165,1
140371,3
174809,1
141359,5
261065,2
111706,6
184871,2
185813,3
262675,2
263217,1
268202,1
266910,3
136848,5
137250,3
153428,1
154246,2
154412,1
154508,1
154784,1
174235,3
174237,2
181351,6
235635,2
146970,4
176503,4
35008,3
122725,4
289331,1
214786,1
66701,6
280326,1
276167,1
229497,3
291729,1
286169,1
197587,2
280190,2
225713,2
97548,2
172907,3
122768,1
175865,3
187049,3
268984,1
153370,3
154570,1
154824,6
160766,1
198779,1
68943,7
125033,3
272233,1
120763,7
163991,4
197391,1
158354,7
281788,2
285099,1
165079,2
124247,5
184437,1
185965,2
267516,1
288745,4
138719,8
263331,1
81985,5
140137,7
153198,4
153240,4
153720,2
154870,1
152804,4
276227,4
195109,5
234749,2
54326,3
275929,1
276965,1
288589,1
164511,1
173637,5
98144,9
99970,5
174557,7
175881,5
198055,2
239320,2
223932,1
178073,6
176679,3
196685,1
111562,3
126544,2
141470,3
165225,4
169006,2
180557,3
267368,2
269232,1
133994,3
134955,2
135214,4
137972,1
139295,1
103683,8
170567,6
269672,6
280430,1
180237,2
275497,1
225567,3
257463,1
145275,1
160440,5
212931,3
232853,1
174795,7
134997,1
137467,1
139311,6
181333,4
264359,1
177825,4
115307,1
124404,8
150318,3
175287,4
148355,2
247116,2
160527,6
165649,1
159129,5
287221,1
197289,3
119874,6
151651,2
161902,1
173473,2
184463,3
191865,3
253744,1
273235,2
187591,6
154634,2
103787,9
227446,1
198223,9
125135,5
288663,1
237620,4
200622,3
161294,10
280706,2
227122,1
203515,2
148126,1
150381,5
178279,2
178281,1
186113,3
176381,5
133671,15
268494,2
84131,17
154602,1
108218,2
129321,2
178549,1
198381,1
239282,2
160341,2
119428,8
182225,9
212108,3
252982,1
72281,12
143699,1
144924,2
182589,1
134220,3
154454,1
154808,2
88205,3
169440,2
122298,5
200816,1
111700,2
124031,1
288975,1
240818,3
290203,5
222258,1
259545,3
165881,2
214866,4
187111,5
192345,4
160380,6
277970,2
151861,2
159642,5
160996,2
175119,1
97227,3
168454,4
171311,2
194306,2
133021,1
153306,9
117997,5
159323,3
101431,6
113246,6
205527,5
200904,8
225187,6
290403,2
174083,2
241546,1
173557,1
183919,8
209681,2
171993,1
275095,1
210137,2
96799,2
176023,3
219728,1
267110,1
205419,1
211316,6
154788,3
193265,4
240248,3
239944,1
210045,3
182261,4
211387,2
249428,1
199129,3
227831,2
249884,2
73137,9
260209,2
236973,3
130902,2
162484,4
192801,2
201156,3
262793,1
137478,3
136782,3
202215,3
153588,3
154013,4
154650,5
156069,2
192079,3
85175,6
123514,2
213069,4
276815,1
160736,4
261715,1
224971,1
256219,1
248010,2
189633,3
171051,3
173271,2
197275,3
167062,3
202131,1
168526,1
183313,5
186989,2
196131,1
133835,3
137166,2
144648,5
122754,3
209041,1
70591,5
217131,1
271859,1
282457,3
271274,1
254292,1
287439,3
224853,1
279666,1
233361,3
121923,1
159763,2
175077,1
177323,3
191923,1
195785,3
201869,1
203715,6
135129,2
153130,2
116048,2
274819,3
279070,1
230029,1
125892,2
135703,3
221698,5
185303,4
181711,2
188835,3
198813,8
203697,6
200716,4
282627,1
195653,1
208074,1
256379,1
119764,2
155593,2
159059,4
190977,4
133307,4
267714,2
288467,1
267406,2
181995,8
154240,2
290347,1
226968,1
102233,7
166393,2
133301,1
132808,3
198403,2
259209,1
168628,2
198087,8
233787,4
159026,5
250828,2
253968,1
214500,2
116879,6
227913,1
291761,1
175127,1
255789,1
194995,3
287775,1
264526,1
154424,3
154832,4
192091,6
200526,6
123613,7
245008,1
222789,3
129050,2
196963,2
286769,1
257703,2
187143,5
202593,2
214154,2
227861,3
274655,1
276391,4
196207,1
143082,3
141771,3
220644,5
139491,1
143450,3
195603,4
115935,3
202317,6
153094,2
153580,2
154208,1
171909,6
238066,2
245794,1
144084,4
84836,3
198387,3
246052,2
274399,2
291731,1
90007,4
109392,8
200100,4
72870,6
221188,4
274573,1
241610,1
240646,1
179241,3
187765,1
222695,1
227799,1
122427,3
139813,5
149662,8
155082,2
165925,4
254124,1
87002,3
237312,2
186255,1
241968,2
190805,6
175349,2
151365,3
148767,6
232651,1
224947,1
151673,2
158781,1
280558,4
192485,1
116335,5
169940,1
195279,4
200754,3
136802,1
153308,1
154538,1
204156,5
181409,2
189665,1
235969,2
198775,2
135222,1
141708,1
278364,1
191859,2
190215,5
151347,3
174065,10
155559,2
283457,1
285199,1
187089,4
102947,2
78090,2
155364,2
168876,1
265832,1
204756,5
190445,3
80311,1
172079,6
193990,2
174111,7
126012,7
156631,2
222212,1
234089,4
214202,4
217627,1
259757,2
282407,3
86442,5
190981,2
121859,4
274817,2
279490,2
282645,2
242628,1
214752,2
269142,1
270630,1
138984,1
119165,3
153168,8
153632,5
153650,2
154009,1
96218,9
287245,1
217039,3
272621,1
149116,8
124573,3
234649,1
275881,1
218751,1
210979,1
186453,2
281268,2
172113,2
229529,2
210409,2
185459,2
177303,1
151873,3
221963,2
259917,1
182447,4
187101,3
139653,7
153108,2
139905,2
223700,3
274883,1
245222,2
249970,1
166476,3
96651,6
276127,1
240750,2
176457,9
155334,1
241614,1
115775,4
189087,2
136214,2
131922,1
139363,1
205357,5
276417,2
232851,2
209291,3
159528,1
173565,1
174197,4
180719,4
281480,1
159157,11
150162,1
252792,2
86977,4
120476,4
124797,3
127717,1
139367,1
178445,1
279536,7
133612,1
134306,4
197257,2
226432,3
167194,5
217519,2
188937,6
211910,2
214208,3
179361,5
148484,9
197363,3
212465,2
99893,3
169868,6
200856,3
121853,2
145036,2
175047,1
188927,1
133657,4
153406,5
223280,2
178647,2
148729,2
253608,4
223702,4
191025,1
200662,3
213944,1
141630,17
272671,1
198373,3
287515,1
145534,1
227024,1
7950,10
145128,1
275177,5
285847,1
113141,3
275013,1
212921,1
148026,2
176273,4
183035,1
106972,2
270408,1
134310,1
254126,2
181327,1
86170,9
172371,2
228111,1
213848,1
226740,2
278060,1
225527,3
99337,7
197489,3
282169,1
217447,1
181437,1
196157,1
159141,2
192335,2
178853,5
279290,1
206030,1
212755,2
171205,2
112814,2
177895,5
281226,1
131088,11
132124,2
153845,2
181309,2
181345,4
230161,2
174641,4
117744,1
212625,3
156832,4
233785,1
280678,1
199153,3
98493,6
229819,3
164943,3
180545,3
223206,2
154584,4
148681,2
239870,1
198873,4
95597,2
120735,1
165583,4
178635,4
179871,3
196337,2
196899,3
197035,2
269912,1
133329,2
154660,3
213373,2
284299,1
220020,3
238956,1
79424,3
282461,2
123699,1
286435,3
278584,1
246302,2
169462,6
182099,7
211502,3
44703,4
283027,2
194624,2
260331,3
110114,2
115981,3
182657,3
183079,3
187967,2
276403,6
133101,1
153002,2
153172,3
154888,4
194432,1
196913,4
181449,5
127029,5
276859,1
281196,1
255163,2
258387,1
217935,1
164522,2
173573,1
179025,7
201975,2
248220,1
253192,5
283121,1
160958,1
104741,5
140517,6
153324,1
154496,1
117180,5
181371,1
46065,4
245788,2
161572,2
121051,2
123671,1
281824,1
288591,1
241446,3
225569,2
196419,2
126030,10
235901,1
197167,4
269230,1
224797,1
156079,6
104414,6
266654,3
110744,2
243924,1
244720,2
180183,1
264452,1
147102,1
149683,4
204164,3
285191,1
151931,2
245782,2
268508,1
225906,5
92410,7
189499,5
212697,4
250042,4
274519,2
180663,6
203348,3
196637,2
244150,2
132534,3
154776,2
124155,4
252532,9
229079,1
245798,3
140573,2
280830,1
279882,2
173701,2
99596,5
276405,1
197245,2
118820,1
123105,5
105542,3
139369,3
268980,1
199335,1
153122,5
154652,2
220018,4
166038,1
150728,4
149894,1
115994,6
133555,4
272255,3
246352,6
163034,7
100145,4
113816,1
255435,2
225209,2
157941,1
280068,2
90086,8
186867,1
134128,1
137964,2
137256,2
138554,1
110417,8
202135,3
228787,13
117742,4
124701,2
247000,4
71888,3
222991,2
274635,1
128546,5
166040,6
173663,2
160866,5
194468,1
196173,5
125419,2
161280,2
199484,1
202111,3
267848,2
268480,3
153194,2
154880,4
162778,2
216055,3
207710,4
221106,1
120212,3
288141,1
235289,2
274503,1
144176,3
246102,1
173453,2
276021,1
173569,2
150566,4
230981,1
206905,4
285155,1
244504,3
164365,6
190243,2
286051,2
125367,3
150653,4
160792,5
163130,3
198733,2
201907,2
224156,3
231149,2
213175,1
288953,1
237197,2
87700,8
180929,1
210377,2
279794,2
277106,1
140858,3
201977,2
253290,1
99395,11
288817,2
211480,2
141216,10
187483,2
121783,9
123771,2
141152,4
166659,3
167204,2
170857,3
263257,2
268382,2
137668,2
153054,3
153246,6
197285,3
160804,2
213097,2
125247,5
276415,1
182667,3
205319,2
182693,1
143478,3
203871,1
275165,1
213297,1
123961,4
145871,1
79741,4
86975,1
166707,3
201138,3
138142,1
153294,1
153336,2
153410,3
154410,1
130958,7
229263,3
187379,4
209409,5
214036,6
168506,2
149800,4
221562,1
197253,1
87366,4
117859,2
122005,1
126588,4
139561,2
144033,2
162796,3
170855,1
181585,2
193994,2
136772,4
215767,2
154528,1
154676,4
158064,3
259607,1
275645,1
254796,5
134961,1
142458,3
179671,3
220316,1
151428,1
185083,5
232013,4
168770,11
282641,3
180419,2
224941,3
233783,2
261449,3
201110,3
117158,5
128840,3
138784,4
260677,4
133055,5
270782,1
139970,1
268656,1
268044,4
136728,1
153396,1
154232,2
154582,3
221186,2
147777,1
207223,2
114898,10
108938,8
272475,3
289271,1
190737,6
188487,3
253762,3
169708,5
122068,4
114353,2
121503,4
180299,7
207505,2
140121,1
140842,8
164383,2
167138,2
189801,2
191721,3
198615,3
182443,3
132502,2
288143,1
265656,3
132764,3
153026,4
5533,8
209379,3
165035,3
163651,4
191767,3
280054,2
119013,1
261211,6
223992,3
273045,1
164153,3
208729,8
71357,8
216993,2
233359,1
242366,1
166411,1
191433,2
168656,5
235181,1
167936,2
150154,2
185797,1
192711,1
266312,1
133911,3
66352,12
175591,6
124953,1
144668,9
147110,4
219480,3
169106,10
189941,3
214802,3
221490,1
261513,5
185879,4
185971,4
229027,4
165911,2
124781,3
169736,3
178047,3
188983,2
196033,2
132516,3
192255,2
87358,4
117182,3
153290,3
182951,5
149442,8
1764,12
66553,3
195183,2
213299,1
125994,5
278062,1
280124,1
285113,1
233705,1
212062,1
217521,1
223834,1
187571,3
173521,1
173593,2
274581,1
279240,2
202675,3
156286,4
193978,1
90183,2
138506,1
140273,1
176335,3
139307,2
270590,1
137128,3
137254,3
138180,4
64918,11
153024,5
153040,2
154608,2
193171,1
217811,1
186289,2
140641,3
230401,1
146812,2
278232,1
145404,3
237818,2
188015,4
165259,2
183835,6
198505,4
211514,9
283705,1
116022,1
173361,2
72657,10
227971,1
86846,6
167128,3
175965,3
180225,1
211037,3
112432,4
133313,5
265664,1
213285,4
153298,3
153382,4
197533,2
201943,8
207331,1
108696,9
119788,2
122611,1
229265,5
286095,1
169996,5
158334,3
234354,1
169378,1
159131,7
207986,6
212701,2
276935,1
286415,3
197027,1
200664,1
133596,5
267710,1
137178,1
153098,2
153250,2
153572,6
197401,3
211700,1
217779,2
270116,1
230025,1
142054,6
141245,2
177447,3
183387,4
280828,1
239918,2
255097,1
182025,8
273251,1
204568,5
249332,1
206909,3
123061,7
200650,3
142326,2
201226,2
141848,2
195215,1
198809,2
100647,4
196031,2
269468,1
267768,7
181393,3
211031,1
174595,6
184237,3
211375,2
222909,5
278798,2
229713,2
224829,2
245954,2
148164,1
180343,7
185305,2
200316,1
278840,6
201753,3
270516,1
140020,1
158936,5
136853,1
137743,1
154418,3
248832,1
240088,2
202595,2
261509,2
265480,1
286239,1
173537,2
80744,5
217216,1
195833,1
177351,1
114683,2
245694,2
71795,4
129289,2
178409,1
186427,3
189511,4
90279,3
92713,5
153628,1
153700,1
204106,3
216097,2
290171,1
216452,1
228209,2
122617,1
288429,1
148398,8
200728,1
211139,3
164661,3
256709,2
252100,4
185485,1
199642,3
155415,4
287155,1
103545,4
151505,3
160642,2
161776,2
172339,2
182437,1
267504,1
154518,3
154590,5
154872,2
230101,1
115124,1
176597,7
121737,1
291733,1
185053,2
248948,1
251490,2
177361,2
206901,4
79866,2
278804,10
128904,2
258763,1
251596,1
195781,4
147584,2
148464,2
160104,3
162300,3
195941,3
133375,5
153346,2
154212,5
268148,1
241450,2
204354,4
253142,1
273895,1
194963,3
178941,4
214166,2
210351,1
147356,3
283727,1
218739,3
239472,3
243502,1
204954,1
147615,1
148122,1
197227,2
202175,1
131148,12
265778,1
288901,1
264039,6
153983,1
204066,2
260635,2
217533,1
214640,9
291521,3
101339,8
145606,8
283569,1
119878,5
273271,1
150580,3
217517,1
277108,1
209119,3
217735,2
154286,1
182019,6
278000,4
160143,2
202345,5
87053,3
147358,2
151793,2
194270,2
199325,1
201781,1
232805,3
201927,3
133541,2
139976,8
266644,2
154654,1
247884,1
171797,4
278582,1
265364,2
195331,3
270596,3
99308,5
188227,6
249028,7
229929,1
178037,3
176803,7
177697,3
242900,7
207940,1
98072,5
124777,4
267014,3
132300,2
242306,1
190357,4
283127,6
104031,2
80725,5
279640,1
277300,1
174149,4
157102,3
217449,2
176517,10
123876,4
184143,1
184929,2
186309,4
186481,2
228559,1
138954,4
153630,6
154206,1
170261,4
181383,1
172323,2
290095,1
228007,7
152449,4
183729,5
133287,2
178553,2
276129,2
134427,9
176993,1
117352,7
151424,1
195857,1
274211,9
90704,6
170991,2
83161,1
100183,3
129070,1
164330,4
183213,1
289119,2
153891,1
117626,2
125331,3
190187,6
196971,3
157136,4
228449,1
173547,2
194542,1
190853,2
141426,4
144670,7
142881,3
206676,1
137359,2
153214,2
153708,1
214054,2
219830,2
184395,4
219043,1
277186,1
195907,5
199488,3
170437,3
286165,1
146800,2
121857,3
141195,4
84876,6
187653,2
291344,2
275457,2
179769,8
178693,4
194813,3
168706,1
175111,3
186471,2
132284,4
108866,6
153260,4
153975,2
158066,1
181117,1
268242,1
282913,2
124388,2
221927,4
141743,4
225507,2
196839,4
217395,1
176279,3
161109,8
133775,6
143625,2
166860,1
98583,6
223167,1
246978,2
150704,2
180417,2
139703,1
183905,3
186147,2
136172,1
266128,3
133875,5
153859,2
154236,4
213371,2
101682,1
256045,1
189979,1
278618,1
276283,1
216557,4
170163,1
202271,7
217663,2
138738,1
193791,3
141511,4
165905,2
192783,4
146636,9
201254,3
290019,1
137110,7
137198,1
212257,6
210549,1
256839,2
174299,1
175837,3
190627,1
217330,1
277516,2
219832,2
233829,1
291815,2
261987,2
220054,1
185561,5
243990,3
224288,1
129064,6
218929,3
156671,2
265190,1
157823,2
200634,1
213471,1
250342,2
227514,1
177523,4
202832,3
167318,3
122399,2
235291,1
161950,1
264984,2
266844,5
237942,4
276677,4
168284,6
106460,1
235999,1
265144,2
192261,3
227871,1
163036,1
186945,5
260067,1
94427,2
264392,1
158675,3
268090,1
211379,3
86493,3
278948,1
279454,1
81238,2
81314,2
287261,1
193429,2
216739,1
234745,2
236661,1
208799,1
155587,1
287113,2
264970,2
269794,5
188203,5
148091,4
123320,3
142977,2
236869,6
287141,2
101485,4
103406,3
264640,2
267910,1
171103,5
156385,8
206194,7
98619,1
195945,1
234843,10
260477,1
214975,2
216827,4
141185,1
179739,2
163665,4
219503,1
221128,4
204482,3
246074,1
206769,1
267174,3
129291,2
286275,1
71237,4
202059,2
290823,2
228021,3
136208,2
264422,1
129193,4
88040,3
215197,1
236007,1
256317,2
219458,2
227694,1
143174,1
149068,5
124615,3
238108,2
216851,3
90284,1
181795,3
123890,1
227682,3
200356,4
188075,3
203998,1
106820,3
116959,2
189571,5
270550,1
242000,1
212785,2
192967,6
172185,4
195909,2
182977,1
284631,1
181137,3
266652,1
134959,4
162872,8
180727,2
96060,2
97955,1
98929,1
125079,4
256375,1
73196,3
220466,1
177463,3
184367,3
247156,2
265770,2
268476,1
268482,1
247582,5
145062,2
251032,1
209881,3
277472,1
211590,2
154749,1
179353,1
274213,7
143942,1
286309,1
278354,2
249362,2
291246,2
109645,2
150204,1
158451,2
141168,1
226584,4
277480,2
89066,1
290807,2
183971,3
219663,2
245876,1
187047,2
106136,3
289249,1
26815,1
88607,2
89246,8
205691,2
217823,3
176959,2
199390,5
161076,1
217202,3
78379,3
209567,1
282733,4
133483,1
267612,1
286879,3
279748,1
156828,3
277532,1
273157,1
204564,2
253380,5
176713,2
269504,1
146772,7
200906,2
238092,1
139215,2
234540,1
238622,1
265374,2
235521,1
145370,2
279362,3
123727,3
161934,10
198259,4
204432,1
178741,1
223422,1
229815,1
120873,2
273141,2
212100,1
259861,1
264878,1
187241,8
186093,2
263709,1
279746,2
149536,5
197235,1
176649,2
213293,1
181133,2
259873,1
124623,1
287267,1
149170,3
149268,2
108592,10
124259,2
129187,1
285359,1
192147,1
248890,1
152073,3
233167,5
217238,4
208641,2
144660,2
162428,4
138510,2
207061,2
183273,3
161149,4
225962,1
277460,1
184417,3
101692,4
184299,5
162152,7
156256,3
172827,3
218493,2
288435,1
286313,1
258633,1
46588,4
233707,1
238312,5
120952,3
203463,1
169578,1
259377,1
287987,2
117865,2
203781,3
237752,1
178703,3
257873,1
212489,4
272213,1
126737,6
152202,2
234741,2
285201,1
264864,1
137672,2
157089,1
147517,2
150880,5
230815,1
253200,2
97755,1
117985,3
199568,3
281906,1
286763,1
204856,1
286591,1
157424,2
231005,2
247596,1
250376,1
139199,2
186049,2
188723,5
157749,5
187393,6
219962,1
192607,1
202029,1
230537,1
250206,1
210223,1
191673,2
192703,2
196805,2
286315,1
239802,1
254002,3
262057,1
205811,1
152623,6
274693,2
280336,1
267724,2
157737,1
116955,1
203785,3
192171,2
233827,1
279486,1
201963,2
239902,3
101220,5
219772,1
128697,4
286311,1
220432,2
229271,2
287527,1
267912,1
200926,2
216601,2
201612,1
215201,1
261077,1
280002,1
177157,6
273627,3
123864,1
280092,3
274837,2
89664,3
94419,3
190533,1
218999,2
247824,1
195405,4
130116,1
122621,2
190871,1
237672,2
254855,9
221122,2
242116,2
130202,3
224613,8
219191,1
123856,3
161500,4
254204,1
169492,4
146658,2
96522,4
239392,4
254863,1
211926,5
196835,1
149725,1
241330,2
172399,1
256315,1
146896,2
169860,4
151831,2
274347,1
196725,3
206234,1
126235,3
157755,1
209821,2
215389,1
274727,1
256801,1
210337,5
186939,6
216081,2
204440,2
205705,1
237476,2
245144,1
152487,2
128628,3
186185,3
203655,4
159767,1
257577,1
174187,3
223360,1
261375,4
286555,1
270296,1
199914,4
150914,1
212631,1
181759,3
196115,5
201833,2
254909,1
200972,1
116961,4
158422,4
185085,1
200600,1
144728,2
250974,2
281876,1
212835,1
142030,3
264964,2
268470,1
186129,3
110136,7
271901,2
286061,3
212811,1
274241,1
125978,8
253228,1
164627,1
183363,1
210907,2
203789,2
225321,1
291254,2
278556,1
186163,3
114995,1
206975,4
224697,1
256805,1
279368,1
172055,1
27475,6
193351,3
115772,3
93393,6
218987,4
284983,1
138634,3
267038,1
146760,3
201010,2
229311,2
156962,4
171035,2
194740,1
284429,1
182717,1
221180,4
230247,1
273253,1
140263,2
212337,4
233861,1
113304,3
140745,3
197417,4
133573,1
144042,1
289801,1
207049,3
92881,2
270600,2
285983,1
200366,2
282221,7
175897,3
245632,1
288305,2
216743,1
257409,1
291723,4
265430,1
270160,1
158807,10
200884,1
279750,2
279928,15
96221,4
206793,2
260577,1
283719,1
167332,2
292613,1
189251,1
162520,3
152541,1
176651,4
230905,2
289247,3
218601,4
240466,3
240814,1
253566,1
282595,2
211123,1
282099,1
159265,1
139058,3
258253,1
188473,3
192907,1
199764,2
277478,1
191825,1
212737,1
195379,1
214832,2
231195,2
282455,2
133409,1
265942,2
200902,2
193305,2
92639,1
199938,3
212987,1
270352,2
128598,1
100591,5
243922,1
227608,1
207858,4
212711,1
191319,4
180781,4
58534,7
175887,3
152801,3
139201,2
264087,2
6661,10
266068,2
149721,6
116421,2
231357,2
278834,3
217328,1
292593,1
241030,1
157492,2
203849,2
91208,3
141680,1
203759,5
214044,2
219639,3
264884,3
217847,2
277520,1
234969,1
179947,3
254592,4
183643,5
220152,1
140377,2
234203,1
167072,3
231517,2
99726,3
227749,1
266150,1
267860,2
288477,1
203455,1
257855,2
229339,2
137142,5
180153,2
229423,1
246076,1
124174,1
210531,1
210803,8
183737,8
260989,2
201168,2
183093,3
224731,4
120208,2
269790,1
264956,1
213610,2
200922,2
157565,3
108405,5
140988,5
261305,1
162154,3
124723,1
224857,1
123016,3
193111,2
140503,5
164189,2
83978,6
280440,2
151785,2
171775,5
96903,2
203777,3
233929,1
215161,1
195783,3
280300,1
118232,3
142733,5
178503,1
186963,2
205990,4
286265,1
145032,5
169716,6
160179,9
186141,1
90935,3
98339,2
115060,3
201036,1
208213,3
236009,1
147887,2
277494,1
187785,1
215997,1
286307,1
238110,1
139875,2
94904,3
150136,2
200970,1
237958,1
189699,1
95576,3
158262,2
209505,2
226726,1
179755,4
286839,1
190289,1
273591,2
212146,2
285927,2
266630,2
200924,2
129203,1
219689,1
188235,2
203158,3
179039,3
183801,1
284977,1
193751,2
177843,3
202605,2
264958,2
221012,2
248706,5
274083,1
276525,2
239896,2
113636,1
113723,3
266566,2
278810,2
252520,2
275311,5
271787,3
280924,1
287565,1
219734,4
154071,2
246624,1
166842,3
149938,3
156280,2
280120,2
134631,4
200974,1
272029,2
282919,2
179263,2
94186,4
162214,2
171407,7
277538,1
221430,1
260983,1
290643,4
73472,2
249452,3
249698,5
212827,1
182963,1
90566,5
246168,1
163969,3
151105,3
236295,1
176989,9
93911,2
142967,3
288419,3
162336,6
246080,1
215029,3
162786,2
86085,2
277544,1
193982,8
180277,4
134280,2
283405,1
132610,4
270624,1
131872,1
200932,3
184153,1
99566,1
187183,5
197799,9
277402,1
282049,1
277452,1
189237,3
199894,6
212613,1
212767,1
212777,1
181419,1
182987,2
168854,2
214880,2
229917,2
200886,2
81738,4
113638,2
256319,3
152147,2
203076,1
178485,1
161072,4
142474,5
201022,2
200242,1
217354,1
124444,1
190031,2
279648,1
224565,2
195539,1
214260,4
255173,1
200930,2
78649,6
213513,4
282699,1
227777,2
277536,2
187773,3
207882,4
223274,1
234201,1
211015,2
287547,1
141755,2
114172,1
221710,1
237776,1
241128,2
282155,2
139211,2
265376,1
276887,1
247660,1
179673,2
197793,12
215825,2
235049,1
279456,1
254490,2
211532,4
186313,2
199077,2
159369,4
182991,2
170373,1
222103,2
266806,2
262743,4
203855,9
231699,1
143383,6
238042,1
163799,3
104629,2
91306,9
212739,1
207363,2
249248,1
275579,3
250520,1
216563,1
275571,2
207037,1
226570,5
267646,2
134949,1
273693,2
181859,7
113541,2
258615,1
267678,1
227632,1
204226,1
206425,1
165431,3
216422,1
278072,1
149502,3
120851,6
257905,1
121709,1
214252,2
225261,1
279582,3
135921,2
244790,2
96681,8
184499,2
265078,1
192151,1
91562,6
189257,1
198193,4
212715,1
212773,1
212789,1
158914,3
279646,1
291284,2
235813,2
278456,2
277892,2
139487,1
289803,2
78946,10
106824,2
139044,2
157546,2
272949,4
189263,1
196807,1
258245,1
144456,1
246648,1
132264,3
228929,3
197993,4
259279,1
262039,2
271262,6
161310,6
173377,1
212783,1
151683,2
218911,5
287005,3
291122,2
93204,1
163595,2
283217,1
223530,2
171973,1
138824,2
210461,2
180639,2
278606,1
182709,2
140755,4
194372,5
186107,1
187863,2
178479,4
72363,4
110265,4
231715,2
180469,2
218191,6
85284,6
176639,1
269612,1
189875,1
180053,1
279744,1
180831,1
92435,3
140305,1
163635,1
276583,1
92446,3
216446,3
227692,1
204082,2
86952,3
168736,6
198333,6
258695,2
227066,1
133395,3
277019,2
163276,1
215065,3
214038,4
174783,2
236983,1
281622,4
212805,2
193059,4
283855,1
167444,1
239330,2
248348,1
238628,3
134002,1
270764,1
266080,1
92180,6
85275,3
105446,2
177457,1
229057,1
264988,1
192203,2
158372,2
218315,4
151353,1
103135,1
143172,1
216245,2
125359,3
182971,2
288093,2
214514,1
262153,2
186143,1
157496,2
282523,1
176525,6
215195,1
283185,1
205363,1
274233,2
260675,5
245568,2
73200,2
264998,1
186759,3
281298,1
276851,1
93448,2
117722,4
246684,2
226494,1
181921,5
145392,1
178595,2
284961,1
260063,1
222083,2
143504,1
270932,1
186047,2
186075,2
98931,2
219091,1
273555,1
286603,1
171717,3
157041,4
210533,1
149184,3
212779,1
182961,4
248246,1
113908,1
277390,1
212152,1
243374,1
200968,6
204058,2
95232,3
116435,2
281916,2
177915,1
191665,3
193427,2
206198,3
290990,2
248218,1
165981,4
257407,1
264496,1
269294,1
132142,2
231375,1
213147,5
169072,2
272815,1
168442,4
241462,1
225429,2
225473,2
174167,4
262847,4
265556,1
187553,4
187431,2
282701,2
123783,2
276443,1
225457,2
254794,1
182209,5
164997,3
289483,1
233619,1
230109,1
242776,2
230557,1
114963,2
290541,2
169930,3
180635,3
111100,2
274223,1
126092,4
154339,2
135061,2
265262,1
188061,3
285775,2
146782,1
214414,4
259893,3
245578,1
187285,5
195329,1
188845,3
139586,5
172513,5
250064,1
163260,1
131608,1
199956,1
224879,1
279670,1
279038,3
116756,3
199093,1
174293,5
139877,2
117698,3
197049,11
184873,1
215321,4
278116,2
249368,1
225469,2
137453,1
137942,1
192481,2
138260,2
170229,1
201562,3
214072,2
247258,1
235399,1
222657,3
177079,1
209137,1
209531,1
142748,2
225435,1
230049,1
201422,2
213736,2
218047,2
225151,1
218125,3
282801,1
291769,2
225421,1
162966,1
173779,4
87173,3
140327,4
239096,1
192563,3
271747,1
141898,3
249918,1
156375,4
228997,1
207471,1
291505,1
91852,2
207335,1
96773,10
135065,4
292229,2
187927,3
247262,4
192613,3
209141,1
217294,3
267642,1
263161,1
162026,4
201574,2
218155,4
183549,3
227901,1
277252,1
220630,2
134912,1
180875,4
217087,2
261537,1
216967,2
244796,3
285535,2
194484,1
290563,3
290565,4
279612,1
110042,1
158986,3
268742,5
272439,1
226796,2
229493,2
279464,1
163837,1
125888,2
207910,2
265444,1
259589,2
290201,1
277718,2
217091,3
275971,2
284665,1
113420,4
176093,6
241668,1
281244,2
105077,8
116647,2
228837,1
88335,1
227352,1
155338,2
199962,1
169448,2
202589,2
265562,2
139441,2
232439,1
160072,1
178299,1
290543,1
289549,1
282629,1
283407,1
151054,3
258543,1
125882,2
213786,2
121461,2
95107,2
102860,3
284127,1
213025,2
70237,8
289533,1
253444,2
139948,4
231439,1
185105,6
213660,2
278264,1
282355,1
286391,2
255847,4
204932,1
174741,4
197979,5
204160,5
172137,2
210749,2
155790,3
189055,2
263151,2
265152,1
290147,1
203601,4
174301,1
249828,2
198207,1
235001,2
121079,2
178823,3
291437,1
192955,3
182213,4
262705,2
171787,2
149100,2
189825,4
223554,2
251902,1
279164,1
119577,4
232501,1
276681,1
194700,2
234482,2
136668,3
251140,1
217683,1
274373,1
187437,3
214200,3
183257,2
286621,1
195743,1
209265,1
151145,1
236715,1
232873,1
225537,3
206761,2
156449,1
165847,2
292617,2
220410,2
89883,2
182161,3
203659,2
255211,2
277506,2
149226,1
197353,2
97068,5
126286,2
176447,1
213784,3
190359,4
211355,2
290539,1
220220,1
223962,2
175181,3
266360,1
213291,2
181735,3
240448,2
236679,1
85609,4
287349,1
211265,1
197463,4
180675,5
258027,2
227310,1
163863,1
189497,8
270074,1
154982,3
212237,5
134975,1
163150,1
249866,1
231539,2
232009,2
276259,1
260377,1
211486,1
279180,1
282581,1
174275,1
223087,2
270870,1
92749,1
274629,5
143729,3
257105,1
248120,3
199978,3
238972,1
244480,2
274311,1
224270,1
141379,6
245804,1
170829,5
129264,3
183089,3
279904,3
256069,1
276927,1
135985,1
283207,5
289419,1
197551,5
258797,1
177419,2
231177,3
271553,1
225159,2
181005,1
262921,1
132064,3
247144,1
127663,1
289561,1
258247,1
199942,2
193459,1
165851,5
169386,3
174123,2
117746,2
270798,1
170469,2
217089,2
199926,1
282577,3
182087,7
184605,2
186995,1
234225,1
248816,1
279088,2
176195,1
103600,2
230287,1
160738,2
273573,2
211446,3
235721,1
276493,2
217997,2
239830,1
269722,2
197355,1
289559,1
198493,5
214846,2
197717,3
279098,1
193555,2
276495,1
270076,2
155709,3
117668,2
140425,2
257731,1
221826,1
238564,4
126249,1
214808,8
215749,2
203443,2
87190,1
138666,3
289073,2
233139,2
133455,2
264037,1
270232,1
287861,1
223300,1
253598,1
212178,3
196465,3
214002,4
291687,1
228993,1
279682,1
273757,1
150962,1
210429,2
225439,1
277854,1
282171,2
112948,3
187443,2
114186,1
159786,5
108257,5
116511,2
150058,2
255005,2
226604,1
182245,4
137353,5
280170,1
194002,1
218569,2
177137,2
198799,4
150904,1
246384,1
184533,1
202319,2
276387,4
218393,2
239260,1
214408,2
96279,2
186409,5
176089,6
201682,7
215877,2
143835,8
109362,5
123747,1
242358,1
279764,1
227306,2
289715,1
225443,2
133177,1
269486,1
251368,3
117584,2
227150,2
289571,1
270072,1
281006,1
128231,6
242058,4
190051,1
259655,2
142959,3
178121,1
198437,4
132668,3
139647,2
252916,1
170747,3
249002,2
282495,2
216314,2
191509,1
131178,5
134892,1
195955,4
206000,1
244166,2
265038,5
196245,2
201582,3
251356,1
283067,1
201542,1
143609,1
281434,1
206270,2
223099,1
137974,1
136196,2
144796,1
173841,7
227220,3
277076,1
280144,1
184919,3
198539,1
193385,3
276459,1
275097,4
265872,1
123647,4
252984,2
283245,1
281738,1
207473,7
267776,1
252910,1
285585,1
128721,2
238264,7
277992,1
274963,2
224302,1
271757,1
143265,2
219593,1
231233,1
240706,1
151677,4
88400,7
187255,8
201570,3
223898,2
281216,2
213720,1
155961,2
114064,4
251576,1
265792,2
288667,1
126719,1
123882,1
229053,2
244658,1
245742,1
213183,2
234426,1
174151,1
235603,1
156394,2
241486,2
170032,8
197631,3
154266,5
196025,9
124228,1
191461,1
213760,3
255221,3
277070,1
209443,1
225437,1
83773,2
134065,1
189543,4
142276,2
203980,4
187349,4
201580,3
210299,3
146942,5
225207,1
228561,1
228457,1
136273,1
270338,2
187087,2
270230,1
180873,7
245736,1
198519,6
197933,8
150888,1
223278,1
257523,1
282607,2
167360,1
231117,1
221400,1
225461,1
182219,4
274815,1
247114,3
276019,2
128245,1
254318,2
187363,2
213509,3
213794,2
285041,2
241484,1
259931,2
253222,1
180661,1
175319,1
203445,3
151175,1
176077,5
288083,1
272669,1
261963,1
164077,5
288869,1
137922,2
117415,4
203639,5
229985,1
103118,1
289655,1
232039,1
206781,1
145624,5
267386,1
285135,1
283661,1
228577,2
176453,1
213772,1
214078,1
181187,1
281598,1
205677,2
262695,6
79010,3
282451,2
142322,1
198289,2
286043,1
208084,3
223938,2
247774,3
169922,4
108122,2
229149,2
246984,1
156529,2
161562,4
133551,1
233089,1
283423,1
121703,2
287973,3
127371,2
172363,3
8737,4
209775,4
174201,3
198335,3
224897,2
135155,5
145076,2
227084,1
253606,2
154709,1
198199,1
152942,1
203853,2
264692,3
134402,2
199139,2
248602,1
110582,4
103631,3
232507,3
218777,1
225423,1
255423,4
285295,1
174267,2
198423,4
211586,4
276045,1
196133,1
223502,4
270106,1
261127,1
121489,5
226772,1
116187,1
126325,2
163228,1
258047,4
81125,2
237630,1
188381,5
241972,1
264532,1
262863,1
249890,1
150800,4
158757,1
290567,3
282979,1
220032,2
83140,2
269424,1
187881,3
283181,1
230885,2
289499,1
283335,1
283361,2
101754,5
94531,1
80498,5
232187,1
204498,2
263081,2
267746,2
270068,2
265420,1
249826,3
198443,3
219125,1
221028,1
198641,4
124605,2
79339,3
229015,1
278366,1
274821,2
157915,7
207998,3
181895,11
276331,1
178103,2
258053,3
234753,1
157641,2
262857,2
163543,3
155507,8
273577,1
182257,4
195355,2
285129,1
212993,1
281214,2
271743,3
81880,9
171699,1
286105,1
149292,5
291971,1
174295,1
240170,1
205957,1
177421,6
273123,3
162038,3
152633,5
130830,1
162558,3
129711,6
270806,1
264902,1
172367,3
210121,5
205791,1
150902,5
181709,4
181421,2
149430,4
250274,1
216749,3
133968,2
269584,1
193141,1
146026,1
216061,3
230313,2
222725,2
238070,1
187445,5
283153,1
110671,2
122167,1
156623,2
230507,1
290335,1
200494,3
261741,1
182259,6
255621,1
163947,2
208953,1
112493,3
247264,1
101634,1
219169,4
143434,3
249330,1
213724,1
221182,3
192617,1
171449,3
230763,1
260237,1
249110,2
198425,3
135097,2
268566,4
138990,2
105404,12
151551,4
286289,2
260145,1
282441,2
282091,1
159753,3
91664,4
253080,1
214370,2
210125,1
191487,4
204248,2
190269,3
215717,3
166504,2
167672,1
198281,1
241994,2
194498,3
277810,1
289099,1
118692,2
200490,1
216899,1
273047,1
267028,1
165111,2
249846,1
122745,3
177019,3
181997,4
146610,1
216969,2
270388,1
287967,1
169664,1
193443,1
177971,1
269976,1
232513,2
232609,1
178681,2
124945,2
267488,1
209245,1
291513,1
203304,1
181207,1
216711,5
224022,2
237015,4
182371,2
160090,3
284501,2
284399,2
171529,2
178417,1
178493,1
137873,2
167088,3
274427,1
279176,1
251270,1
160529,2
230591,1
150184,1
181617,2
290743,1
283433,1
178021,3
244962,2
261857,1
223352,1
284691,1
232373,2
192991,8
264382,1
267520,1
134015,4
228203,2
200314,1
240648,1
236779,5
244476,1
181963,5
188521,1
281318,1
175317,5
289187,1
291747,1
252010,3
155786,1
172089,1
172775,1
209535,2
177685,3
178325,2
131078,1
269982,1
244472,1
192897,2
210789,2
152678,5
234496,1
290653,2
251534,1
241870,3
261673,1
127242,2
175911,2
175935,2
192523,2
234593,1
290711,1
240386,1
178831,3
144918,2
174239,2
134254,1
182181,5
172129,3
217358,1
287391,1
290319,2
211474,2
186359,2
177665,2
184059,3
139054,2
247586,1
207371,4
170449,3
247546,1
197051,1
77734,1
276355,1
168580,1
179343,2
199141,1
199159,1
208080,1
217645,1
145260,1
228389,1
237346,1
147506,1
190637,2
156935,1
192439,2
178015,4
178913,1
289307,1
215395,2
222723,1
292611,1
278806,2
274177,1
202717,4
112508,2
204206,2
221068,1
143691,1
177911,1
183057,2
105959,4
196403,2
249990,1
283003,1
273417,2
275675,2
230599,2
212735,1
228247,1
170331,1
210605,1
250706,1
262371,1
289057,1
289191,1
129080,4
243598,1
257255,1
128858,2
171507,1
224479,2
179095,1
142761,3
292541,2
265036,2
130099,2
198247,1
278838,4
249032,1
280098,2
139050,3
145829,2
200648,4
290755,1
157435,1
178039,1
137379,1
230265,2
108538,6
284445,1
183559,2
271451,1
147758,1
218711,3
221066,2
199115,3
142278,2
250686,1
266376,1
265602,1
136415,2
256789,2
287457,1
145929,1
170843,3
261563,1
210787,2
276293,1
207862,2
124052,4
196331,1
287363,2
242082,1
284503,1
210835,1
185291,2
275505,1
254048,5
143725,2
188407,1
265890,2
234007,1
219350,1
292605,1
195699,1
160525,2
104546,5
159251,2
281088,2
186347,8
122970,2
170325,2
244676,1
174081,4
255859,1
196575,2
290731,1
165973,4
178971,4
186323,3
131239,1
251110,1
289055,1
228205,2
233323,2
178603,2
176479,2
276291,1
127262,2
281170,4
182641,1
186775,3
278962,1
215081,2
124603,1
261891,1
203505,3
220472,1
249176,1
269066,1
177365,6
288097,1
161418,1
123729,2
117160,3
177097,1
199147,2
262451,1
264602,1
145714,1
146876,1
292367,1
254708,3
284499,1
197639,1
273009,2
287047,1
243298,3
270290,2
110609,4
6253,3
237005,1
177681,2
265202,1
176893,3
218995,2
287557,1
279064,2
248436,2
281168,3
128646,2
80154,3
200492,1
176393,4
240970,2
183775,1
239048,1
148418,2
117164,1
177861,2
265438,1
172861,3
276273,1
286191,1
220992,1
247560,2
259717,1
288357,1
275345,1
123725,1
177919,2
263557,1
268314,1
161536,2
262933,5
285033,1
261571,1
170971,1
151667,1
264502,2
269394,1
287985,2
93522,4
285019,1
290615,1
208315,2
128041,3
196119,1
195457,2
207968,1
151783,3
213243,4
176079,1
176209,1
279056,2
141275,2
170347,2
176359,2
215091,3
162612,3
171447,2
101006,1
260555,1
265424,1
289089,2
235479,4
186301,1
285021,1
201334,4
255821,1
283585,1
202759,1
230787,1
244226,1
145098,1
280684,2
160968,1
178501,2
131540,2
262731,1
217859,3
287653,1
159373,1
198113,1
285157,1
224116,1
226208,1
236231,1
249824,1
97240,2
182647,1
224605,2
181619,2
178973,4
184387,3
187665,1
136902,2
180585,1
190465,3
242350,1
243548,1
217236,1
224935,1
108287,1
192443,1
194504,3
291507,1
154742,7
175873,1
196669,1
188233,2
270900,1
253778,1
196959,1
241566,4
193691,2
286177,2
152495,2
195505,1
149976,1
228589,1
156106,4
199137,1
273033,1
253382,2
163557,4
194526,4
246726,3
215107,2
162652,5
128033,1
177863,2
186855,2
268908,1
289769,1
237694,1
181807,6
261523,2
183989,5
286475,2
172691,1
123081,1
268892,1
122869,2
168562,1
198461,3
170353,2
118033,1
196583,2
178101,2
269152,4
264654,1
244130,3
201420,3
279636,1
275303,1
282163,6
161644,1
212425,1
255677,1
226524,1
181621,2
207279,1
132612,3
285039,1
176303,2
272075,1
176501,6
232495,3
157104,1
230213,2
212090,1
292615,1
159353,1
225121,1
172451,1
230197,1
222721,1
174913,1
219300,1
188457,3
286121,1
292627,1
277860,1
281354,2
274921,1
170339,1
160832,3
204272,1
257557,3
216099,3
162404,1
282103,2
264261,1
124283,2
211616,2
212889,1
187013,1
287051,1
290239,1
287389,1
211780,3
142957,1
290747,1
269284,2
240798,1
243384,3
149336,2
182091,3
161398,4
116513,2
209121,1
290341,1
291809,2
182781,3
228405,2
171837,2
275289,1
177931,4
178893,3
178937,2
197135,1
210149,1
220626,6
181089,2
181947,6
170975,1
243600,2
244090,1
251530,1
279602,2
291743,1
235067,1
172693,2
274153,1
229801,1
186379,2
292533,1
222567,3
212503,2
255727,1
186531,6
182107,8
275149,2
128504,3
116132,1
200066,1
208024,1
205140,1
254188,3
226010,1
274301,3
275807,1
222807,1
191919,5
273187,1
109381,1
181641,1
162340,1
137674,2
285005,1
187009,2
210783,2
234579,1
203320,2
179957,1
172103,1
290753,1
177975,1
269980,1
253580,2
252678,1
151375,1
178163,2
172797,2
182337,5
188867,1
175205,2
239610,1
247750,1
149806,1
159686,1
172739,1
187487,2
181515,6
123365,2
170327,2
215213,1
283523,3
186795,1
188997,2
209627,1
289993,3
121537,2
210785,1
200560,1
166607,5
239222,1
152619,1
159648,1
209931,1
235855,3
225247,1
199133,1
178055,3
175395,3
288119,1
180611,3
119868,4
140960,4
164799,1
209045,3
175727,2
166457,1
191079,2
172781,2
288959,2
160970,1
196259,1
290713,1
290739,1
148488,3
189391,1
178989,2
190279,2
196163,1
263499,1
117926,7
275393,1
140531,1
181905,7
163929,3
197643,1
277690,1
181417,2
185329,4
192447,1
154739,2
149969,1
250286,1
280292,1
185933,1
130994,2
209953,4
162282,3
284513,1
172353,3
286117,1
228897,1
200282,1
229949,2
130818,2
183629,2
177925,3
195973,1
260531,1
190039,7
207950,1
274585,1
230597,1
204208,2
243236,1
117061,6
216659,2
197023,3
209189,1
233673,1
172443,1
263787,1
234005,1
161618,1
182345,2
277672,2
110293,3
127264,2
248702,1
186767,3
172689,2
210357,3
205401,1
165511,5
232733,1
286523,1
244490,1
278788,1
164681,1
188655,1
177921,3
212441,1
182681,3
272413,1
215735,1
288255,1
165439,1
291517,1
230601,1
166155,3
155858,1
90775,2
275839,1
179657,3
286975,3
131114,1
288985,1
150647,1
253832,1
183885,1
251054,1
251130,1
284569,1
275677,1
201278,1
264323,2
226924,3
127877,3
169338,1
290787,4
171547,1
146862,1
152966,2
179009,2
139557,4
263169,1
165679,1
265806,1
179145,3
246810,1
188357,4
244992,1
88833,2
202549,3
190057,3
164105,5
289059,1
247712,2
253140,1
284161,3
288977,3
289547,1
164653,2
240208,2
216761,2
189383,2
178977,2
183311,2
279592,1
288051,2
276703,1
242436,2
174475,2
125281,3
203409,4
196397,2
147043,4
261801,1
204570,3
162406,2
199145,2
266516,1
193355,1
184663,2
251044,1
281798,1
196449,1
178627,1
155856,2
182527,3
172721,1
189047,2
263299,1
135196,4
176589,9
215519,3
187007,3
174583,1
286003,1
226028,1
271889,3
281306,2
109006,1
199720,2
184547,2
150617,6
192231,2
188531,2
200774,2
261425,1
159688,2
172733,1
123796,2
165341,3
192433,2
222845,1
143779,3
265388,1
213049,2
221730,3
213802,2
220770,1
190037,2
224965,2
248878,2
280790,1
177855,1
244318,4
147670,3
280960,1
123629,2
258173,1
114961,1
116229,2
164701,3
173259,1
174331,1
189735,1
190825,2
208461,2
211756,2
216691,2
211618,2
236953,1
280224,2
163374,1
114252,1
87370,1
278274,1
113808,2
98507,1
122837,1
141283,2
145136,1
146595,2
151038,2
157949,1
193773,4
244116,1
240372,1
224591,1
195579,1
259977,1
150651,1
132090,1
135312,2
136164,2
138222,3
271066,1
210893,1
114900,2
145610,1
160864,2
161404,1
163855,1
164350,1
168574,1
180361,1
182117,8
189731,1
191649,1
204370,1
206337,1
208877,1
121567,1
273125,1
230525,1
210953,1
257133,1
131767,2
132672,1
132674,1
137373,1
268854,2
289981,2
133927,1
228585,1
109237,8
130918,1
144826,1
150810,1
151060,1
158773,1
160724,1
166548,2
184885,4
208411,1
160382,1
210649,1
212247,2
134804,2
275731,1
100155,2
126156,5
128065,2
140431,2
144035,2
160902,1
172395,3
180757,2
188169,4
190145,1
191219,4
191773,3
202299,1
203739,1
206180,2
206341,1
216861,1
155806,1
217633,2
242676,1
168766,1
258875,3
163010,1
111507,1
257879,2
101650,6
145612,1
152389,1
154736,1
156282,1
166719,1
174787,1
194690,1
199297,1
213878,1
113457,1
163342,1
288917,1
283209,1
181897,5
177789,1
266052,3
130154,2
97919,2
124933,1
144238,1
147000,3
166522,3
190983,1
191097,2
196831,2
201124,1
202021,2
208357,2
216394,2
258951,2
243474,2
192643,1
234456,1
272047,1
202737,2
217242,1
279600,1
178909,3
156133,3
263519,1
132282,1
277876,1
207734,3
229827,1
115793,2
121739,1
124663,1
146848,5
151137,1
151847,1
171859,3
189053,1
192841,7
197809,7
202343,1
211135,1
211720,2
215809,3
239572,2
124717,1
161482,2
248378,1
134886,2
245580,1
258503,2
134857,3
161264,1
285637,1
94725,1
95563,2
114638,2
144652,3
147839,1
150166,1
150820,1
156050,1
156885,7
165691,1
165989,1
176495,3
180829,3
198095,2
209405,2
169194,2
164043,2
227554,1
243704,1
179975,1
224461,1
135663,2
116708,1
117482,4
124601,3
132858,1
141269,2
141652,2
143281,1
151107,5
155882,2
177749,1
187807,1
197997,1
211612,1
230433,1
265638,1
271028,1
154315,1
161896,1
113663,2
124338,2
130632,2
148333,1
181091,1
185257,1
188921,2
191671,1
192241,1
197295,2
206087,1
207664,1
208963,1
211694,2
212341,3
288417,1
183793,1
276805,2
286299,1
166066,1
266440,2
132514,1
139600,2
207193,1
218173,2
123779,1
130142,1
146940,1
162040,1
183351,1
185477,1
186843,2
188895,2
191897,2
200160,1
217063,3
222515,1
215799,1
239814,1
289577,2
180409,1
136578,3
271078,1
124452,1
259187,2
283631,2
102828,5
124819,3
128049,1
143611,1
143946,1
144928,3
147785,2
156621,1
161266,1
164552,1
168572,1
168988,1
186505,2
205651,1
175567,1
90622,1
204934,1
227887,1
193193,3
134134,1
289171,2
97821,3
117166,2
143577,3
181511,1
183033,1
189899,2
191749,2
199728,1
205745,1
211818,2
214945,2
210635,1
229469,1
240740,3
113470,1
132729,2
257501,1
208623,1
200554,1
164033,4
78049,1
126582,2
131031,2
150052,2
155302,1
161964,2
172917,1
183359,2
190141,1
191765,2
204230,1
210903,2
211898,2
184811,1
276201,2
156761,1
210729,1
286277,1
292395,1
165409,3
113539,2
140695,1
148809,2
160930,1
178289,1
182669,2
142648,1
192313,1
200112,1
169316,1
286999,1
137184,2
157542,2
277762,1
123816,1
271667,2
105104,1
106808,1
110056,3
112510,1
123547,1
145116,3
148906,3
150862,1
151070,1
157258,1
158344,3
163162,1
174763,1
174955,1
190343,1
190393,1
192131,2
194146,1
195957,1
211956,2
215363,1
216318,1
273581,3
222043,1
187451,3
283609,1
212265,2
226112,1
239570,2
125611,2
137632,1
158226,1
168948,2
180711,1
181433,1
189143,3
191061,1
203292,2
204546,2
205855,1
210483,1
215439,1
215979,3
282505,1
232019,1
283561,3
272065,1
194833,1
180011,2
263533,1
266152,1
160002,2
231139,1
93618,1
132218,2
144037,1
156469,1
160265,4
160908,1
163637,2
164953,6
165017,1
170633,1
175189,1
188295,2
190109,1
195289,2
197769,8
211722,2
217103,1
112448,1
257871,1
241938,1
214094,1
213970,1
198331,2
180857,1
238060,2
154692,2
224196,1
123133,1
140605,1
159381,3
161378,1
164091,1
165333,4
181451,4
186423,2
190417,1
198285,2
201624,1
203034,3
210019,2
274429,1
265070,2
266270,1
270078,1
229385,2
277644,1
236851,1
89726,2
143741,2
164099,1
181445,2
189119,5
192133,2
194592,1
200644,3
207489,1
163330,1
202569,1
260481,1
131398,1
222877,2
254340,1
271459,2
101794,1
125437,1
127007,2
128754,1
142300,3
143126,1
150008,2
151457,1
160900,1
162834,3
175745,3
181151,1
190277,2
192049,2
195633,3
197501,1
200302,1
204942,1
209055,1
212551,1
216733,2
216901,1
218123,1
152332,1
213263,3
196645,1
223035,2
227602,1
286295,1
163945,2
264796,1
195873,6
287753,1
92948,3
114091,1
130990,5
160412,2
163400,3
176897,2
179205,2
181055,3
201640,3
201723,2
203162,1
211872,6
216615,3
217150,1
163086,1
144958,2
214882,1
220746,1
120410,2
136158,1
137799,1
25817,1
228595,1
248658,1
193966,5
73165,3
105906,2
148000,1
155848,1
157118,2
165459,1
166782,3
175733,3
191945,2
216227,1
169806,1
242026,1
289289,1
154104,1
278046,3
286297,1
134322,1
134132,1
137889,1
138854,1
232729,1
173503,1
113128,2
113755,1
148130,1
153754,3
156531,1
172979,1
197901,2
198343,1
200558,1
203497,1
205885,1
208132,1
271473,1
224847,2
199540,1
132038,1
134637,1
276465,2
166838,1
113024,2
113380,2
123363,1
124462,2
133980,1
138792,2
150836,2
160940,1
162698,3
174773,1
191559,1
199724,2
200466,1
202453,1
204084,1
206991,1
209677,1
215455,1
208303,1
237868,2
241718,1
287519,1
180207,1
231603,1
237348,1
27726,2
102133,2
109229,3
117754,1
121679,2
123814,1
124845,2
151957,2
161558,1
165585,1
170681,2
181525,1
190989,1
196485,2
197131,2
204190,2
210911,2
277652,1
271026,1
156837,1
156950,1
287839,1
125443,1
122697,1
283629,2
97061,3
121077,1
121829,1
142136,1
144027,3
144244,2
167006,1
169484,2
178209,1
190469,2
207912,3
208451,1
216957,2
277956,2
137843,1
136922,2
280534,2
86314,1
116118,1
119896,1
124017,1
132890,1
146497,2
150667,1
160928,1
166996,1
173863,1
174979,1
189089,2
189123,1
211776,2
232717,1
205927,1
285849,1
203641,2
286283,1
164439,2
207844,2
121031,3
123042,3
124745,4
146780,1
181067,2
190375,1
191583,1
197699,2
202725,1
208571,1
210389,2
119956,1
256309,1
241914,1
203932,1
276811,1
133851,4
137170,2
271090,1
124213,4
76049,3
119005,1
122076,1
123248,1
125934,5
130241,2
132822,1
145410,1
145638,1
148602,1
150988,2
159682,2
163797,4
174837,4
180783,1
191849,1
198485,2
208211,1
192129,1
281036,1
187177,1
228207,1
264303,2
121735,1
148707,3
91106,4
124609,1
124765,2
128650,1
142484,1
146916,1
159275,1
162926,1
164927,2
178439,1
190487,1
200006,3
216713,3
290625,1
256209,2
239404,1
281272,1
210643,1
202269,1
255823,1
210173,2
230497,1
203120,1
198395,2
137622,1
139851,1
283633,2
165767,2
120094,1
146802,1
183995,1
186829,2
193423,2
194891,1
195359,2
196185,2
205525,1
211255,1
213325,2
260621,1
190867,1
189247,2
192971,1
222651,1
151341,1
133614,2
141307,1
195799,1
164453,4
127050,6
128995,1
143739,1
150371,2
162126,3
176537,2
180365,1
188151,2
188277,4
190121,1
195099,2
215965,2
216041,1
216187,2
216348,2
211211,1
233687,2
116885,2
136144,1
123824,1
116078,1
129221,1
143819,2
144834,1
147722,1
151191,3
166437,1
179985,3
182859,3
189985,1
190099,1
196961,2
203643,5
206883,2
207001,1
211073,2
215973,2
166637,1
203330,2
146272,1
218887,1
226102,1
156678,2
279106,1
205517,2
289137,1
122687,3
102765,3
141262,1
155271,1
155750,2
156954,1
158791,2
160772,1
160914,1
163408,1
180653,2
181193,1
183031,1
185925,2
187191,1
194278,2
196251,1
197465,3
199257,2
212353,1
263041,1
70372,2
183587,1
239962,1
163789,1
85476,1
103180,1
107782,4
128962,1
161660,1
161868,1
162964,2
164089,1
174327,1
185775,1
188961,1
189081,2
197915,1
204216,2
209519,1
209637,2
214452,2
217069,2
274631,1
209845,1
136507,2
270632,1
135338,1
224316,1
166633,2
108639,3
119605,2
123717,2
148010,1
155328,1
156742,1
158797,1
161568,1
162286,3
162444,1
203727,1
214318,1
216617,3
215247,1
136080,1
136385,1
103690,3
121933,3
129727,1
152387,1
157477,7
179271,2
180915,1
185311,2
190369,2
190541,2
198309,3
206491,1
214234,1
248116,2
216729,1
104936,3
198393,1
181561,1
133915,2
140587,3
144031,2
163887,1
212581,3
123617,1
123828,1
130530,1
152252,2
164021,2
169150,2
169936,1
188601,2
190435,2
203437,2
163284,1
164125,1
116881,3
281980,1
277816,1
277824,1
216396,1
104675,3
146774,1
155945,2
160118,1
164087,1
166976,1
171239,2
181025,1
207015,1
245574,1
214400,1
213664,2
242562,1
110409,3
182159,6
137684,2
243138,1
260539,2
163861,1
61569,1
143723,1
143727,1
163080,2
184031,1
187195,2
208136,2
214496,1
217172,2
108005,1
164290,1
267792,2
274775,1
246786,2
208771,1
223115,1
117426,3
124793,1
98581,1
25745,3
119609,2
124009,1
149288,1
164312,1
186879,3
207658,2
210653,1
213880,1
282159,1
260633,2
131184,2
116134,2
121493,2
125605,2
132854,1
145640,1
169040,2
171197,3
172213,2
180917,1
185101,1
195877,3
199370,1
213810,3
215301,2
144882,1
126014,1
199548,1
146788,1
178841,1
136405,1
288771,2
288577,1
269326,2
125603,2
145040,1
155310,1
156603,1
156751,2
173289,1
181035,2
190345,2
207395,2
279980,1
112467,1
163320,1
145026,1
241934,1
202075,1
286279,1
198401,1
132806,2
159604,2
277828,1
160215,2
90114,2
121632,1
127331,1
156258,1
163835,1
168602,1
176721,2
180515,1
189599,2
193161,2
175547,2
150314,1
216523,1
255919,1
204404,1
231259,1
194066,1
198323,2
250924,1
273763,2
136806,1
137082,1
263721,1
269634,1
224927,1
121628,1
129741,4
148252,1
148731,1
149510,2
155609,1
168094,1
200868,1
163254,1
256913,1
211233,2
198397,1
263831,2
280872,1
285901,2
255897,2
207191,1
122950,2
129508,1
141466,2
143761,3
148669,2
157220,1
180723,1
202053,1
204890,1
215837,2
257467,1
217196,1
134534,3
134465,2
123669,1
290225,3
291683,1
101920,2
103243,4
129252,1
170141,1
178459,2
180595,1
187971,3
195465,4
201829,2
204094,1
216685,3
244086,1
225143,1
249912,1
103418,3
123543,1
143492,3
145614,1
146748,1
146830,1
150206,1
163170,1
184587,3
188083,4
188975,2
191921,1
194764,1
194811,1
197069,4
203545,1
212593,3
249186,1
242450,2
271088,1
280852,1
287207,1
109019,2
122599,1
124969,1
138850,1
138896,2
142216,1
143972,3
164065,1
165777,1
169158,2
187585,1
190633,1
194354,2
214688,1
216436,2
107623,1
196051,1
223584,1
143655,2
113012,2
115899,3
121897,1
156923,2
160802,3
180615,2
195225,2
203487,1
206569,1
209223,3
211816,2
221706,1
286637,1
131858,2
135105,1
137555,1
288579,1
156881,1
266174,1
57709,4
263799,2
282783,1
150118,1
173851,4
176435,1
180339,1
188247,5
195543,1
197119,1
200706,2
206999,1
207241,2
216823,2
96803,1
260629,2
258195,1
285271,1
170157,1
134489,1
271819,1
155697,2
121376,1
142582,1
161716,1
169396,1
172393,1
176827,5
189003,2
203902,1
204736,2
207654,2
236067,2
226754,3
199576,2
202223,1
216775,2
290057,1
231823,1
220312,2
132864,1
135125,3
89549,2
123339,1
144814,1
156435,1
181175,5
195101,2
196319,6
198409,5
198819,3
202341,2
275663,2
232355,2
202679,2
288565,2
150615,3
130056,2
43732,2
89769,4
124564,1
125087,2
125632,2
126993,2
144832,1
145648,1
145650,1
147495,1
161230,2
161732,1
196045,2
211712,2
211786,1
212164,1
209063,1
177509,1
220820,1
183427,1
125083,2
133735,1
267376,2
113953,1
263285,1
156332,1
158236,2
164073,1
191953,2
204020,1
211758,1
251222,1
155868,1
195829,1
201903,1
282421,1
110848,2
276881,1
102080,1
135208,2
148250,1
167082,3
167540,1
169312,2
170663,1
172929,2
184447,2
204606,2
207005,1
208359,1
214116,1
163372,1
250050,2
5877,4
131926,1
271020,1
141345,3
111944,5
112717,1
121757,1
123587,2
127494,1
138668,1
141323,3
149032,1
152421,4
154264,1
158739,1
164977,1
174767,1
176691,2
177177,3
186575,4
188369,3
188967,1
196283,2
216645,2
214997,1
232421,4
240968,1
138236,2
135895,1
265440,2
200438,3
123028,1
143021,1
148826,1
150756,1
159237,1
160816,1
161706,1
168354,1
175629,1
216346,2
163164,1
164155,2
164212,1
164177,1
219246,1
193191,2
131233,1
135161,1
271018,1
263585,1
163292,1
168830,1
94760,5
128285,2
151447,1
164266,2
166982,2
168518,1
180645,2
180919,2
200692,3
201102,1
206585,1
213019,1
216261,2
256329,2
279478,1
183733,3
204718,2
149729,2
279270,1
124815,1
277830,1
281362,1
268824,1
108306,1
116515,1
118886,2
124695,1
130008,1
163793,1
168968,1
169152,1
170847,2
179993,3
180733,1
181849,9
186493,3
193289,1
198351,1
206831,1
214836,2
215113,2
143717,2
89701,3
220600,1
211588,2
137865,2
154288,3
89618,2
112644,3
151076,1
163725,1
202069,1
215781,1
179199,1
290499,1
242312,2
110763,2
149468,2
150445,1
159219,3
165693,2
173373,2
173959,2
174303,1
180807,1
187555,2
198871,3
199386,1
206545,1
208056,1
214540,3
289767,1
223382,1
132768,1
137276,1
196023,1
118454,1
143333,5
163108,3
168264,1
200602,2
204796,2
210837,2
216330,2
277966,3
241922,2
96939,1
134627,4
264267,2
277698,1
191685,3
233727,1
228917,1
96292,2
121741,1
127254,4
128681,3
150306,1
150933,1
155330,1
155605,3
160396,2
167596,3
170379,2
189553,2
191013,2
191465,2
201024,2
208343,1
258525,1
256843,1
207495,1
125427,1
120426,1
202735,1
131343,1
135021,1
225501,1
157250,1
181121,2
193129,3
216420,1
247732,1
244988,1
260767,1
244792,1
158683,2
290779,1
282527,2
86709,1
97115,1
246502,1
188495,1
258973,1
265874,1
279986,1
230665,2
165507,2
201034,3
234623,1
271587,1
230571,2
281156,1
259595,1
186425,1
221064,1
287575,1
273049,2
285149,1
185071,2
188101,2
230689,1
199918,1
243544,1
286753,1
143093,1
267550,1
208497,2
244092,1
283375,1
80792,3
235525,1
215967,2
224553,1
271407,1
235653,1
218409,2
291787,1
251328,1
174671,1
157484,1
265104,1
176163,1
218597,1
222499,2
230435,2
116321,1
219838,2
284703,1
231035,2
220552,1
238808,1
283691,1
202545,1
185837,1
282249,1
200188,3
176483,3
281128,1
279338,1
230699,1
127648,1
259275,1
128147,1
237264,1
259467,2
169566,1
265462,1
140373,1
140589,1
242382,2
200194,1
243672,2
169364,1
209201,1
221290,1
116237,3
231167,1
147430,1
211870,2
233253,1
152852,1
276305,1
250824,2
215475,2
266380,1
140886,1
286733,1
155423,1
142138,1
281026,1
134200,1
288507,1
286373,2
203793,3
233059,1
112999,1
225531,2
226926,1
245764,1
129266,1
194596,1
279810,2
186411,1
195011,2
285621,1
216428,2
140455,2
252400,2
188241,2
208781,1
229503,1
256189,1
193437,2
275121,1
243360,1
279170,1
278180,2
270664,2
280008,1
291797,1
194672,1
204424,1
253860,1
225804,1
275701,2
219589,1
120508,1
176739,2
227644,2
180023,1
157053,3
274793,1
288653,1
261343,1
215581,1
287617,1
276807,1
237588,2
234917,1
290017,1
200516,3
148380,1
201873,2
140783,1
218521,1
282363,3
132682,2
241686,1
228519,1
273731,2
255195,1
155219,1
290285,3
290001,2
261413,1
234621,1
232465,1
219422,1
229403,1
221967,1
257625,2
174627,2
160082,3
286771,2
195203,1
252312,1
193864,1
289587,1
212977,1
208927,1
266026,1
176147,1
226210,1
215589,1
202377,2
291899,1
260529,1
127070,2
254586,2
260765,1
167894,1
288509,1
228877,1
225631,2
215663,1
212351,1
235223,2
283919,1
281476,4
195079,2
140032,1
176745,2
237145,1
219129,1
253662,1
200276,1
205551,1
284059,1
280950,1
270800,1
275129,1
204560,1
211570,1
228513,2
138912,1
175425,1
284199,1
213167,3
195419,1
281580,1
240812,1
248830,2
118019,1
192877,1
200992,1
273359,1
281164,1
173795,3
201504,1
244088,1
247408,1
192071,2
208867,1
232265,1
276401,1
281138,1
152932,2
183709,1
222497,1
273155,1
180181,4
269788,2
259687,2
190517,1
229729,2
131349,1
136487,2
220718,1
227925,1
247808,1
171121,1
163500,1
198245,2
230351,1
241966,1
281124,1
234841,1
261369,1
278874,1
146202,2
165257,1
223794,1
205581,1
276051,1
271953,1
273629,1
229439,1
259001,1
214236,1
284065,1
207530,2
286393,2
280920,1
194576,2
190015,3
254176,1
194150,1
235841,1
197403,1
236297,1
190721,3
167270,2
279916,2
126973,1
162402,1
225095,2
202954,1
248692,1
285573,1
262657,2
291805,2
167768,2
205395,2
283897,1
217861,1
231323,2
205549,1
124408,1
286927,1
200262,1
210813,6
182837,1
281120,1
278836,3
225563,2
237021,1
218477,2
157621,1
176741,2
216471,1
259343,1
288351,1
89819,3
283699,1
274469,2
289859,1
285579,1
124362,1
175011,1
255605,1
243718,1
181463,1
247926,1
217703,3
197619,2
289629,1
236311,1
204544,1
150358,2
284807,1
280910,1
262633,1
225595,1
225663,1
140585,2
236709,2
240808,1
165917,1
125147,2
229505,1
271957,1
264652,2
238342,3
169624,1
137952,1
243086,1
286937,1
125702,1
198233,1
213043,2
189435,2
291799,1
219005,1
236139,1
286759,2
276463,1
207568,2
204416,2
285837,1
267578,1
228221,1
246970,2
180397,1
113991,6
164683,1
234440,2
118111,2
281802,1
282005,2
269210,1
289259,1
152161,2
172383,3
290846,2
186977,2
283229,1
247400,1
235711,1
114357,1
181223,2
214728,1
207904,3
252122,1
284811,1
217747,2
268210,1
188105,2
110895,2
174007,1
115985,1
120250,1
244514,1
248874,1
173409,2
281118,2
194626,2
195269,1
225603,1
84736,1
245360,1
225491,1
271517,2
140485,1
140509,2
286933,2
237612,2
208351,1
283689,1
185761,2
140415,5
175461,2
207556,2
280940,1
152926,2
135917,1
220396,1
225589,1
123145,2
180395,1
205343,2
190701,1
249396,1
284923,1
288329,1
242986,1
213235,1
140834,1
172205,2
281464,1
206933,1
246614,1
258349,1
292143,1
180175,1
155418,2
247744,2
236211,1
130832,2
169926,1
211600,1
225633,1
73317,3
166978,1
213575,1
269324,1
266818,1
291853,1
277086,1
287795,1
249170,2
263133,1
225571,1
230679,2
231087,2
291791,1
116337,1
140437,1
197759,6
224677,1
242482,2
247176,1
208355,1
182949,1
131357,1
291793,1
126333,2
292355,1
275751,1
252262,1
280268,1
264766,3
198235,1
223598,1
161214,1
286935,1
234963,1
243306,1
231531,1
253808,1
258091,2
237171,1
284871,1
129679,1
224823,1
290872,1
291298,1
273243,1
218203,1
131400,2
196569,1
258953,1
221678,1
229825,1
250136,3
144720,1
278256,1
291413,2
155752,1
225932,1
232949,1
249516,1
291170,1
291180,1
200958,1
229107,1
289917,1
132327,1
280062,1
275975,1
279984,1
159775,2
211271,1
291060,1
266680,1
223736,2
223762,1
234348,2
190713,1
113551,2
224645,1
273521,1
226372,1
235927,1
281502,1
290838,1
291146,1
291264,1
284779,1
282375,1
277938,1
221500,1
256649,1
278390,1
257995,1
250110,1
115715,2
291012,1
291038,1
261635,1
289807,2
292249,1
223616,1
150586,1
271381,1
90554,2
200346,1
178691,1
215775,1
217607,1
291096,1
291226,1
184381,1
223628,2
233403,1
271461,1
270372,1
156710,5
190961,1
212881,1
143135,1
206379,1
208629,1
223760,1
200442,2
290988,1
217893,2
137591,1
266048,1
288199,1
273419,2
182109,3
134258,2
234191,2
277292,1
269058,1
274799,1
249124,1
154484,3
290862,1
290936,1
291220,1
291308,1
278658,2
157693,1
273427,1
182163,3
93500,2
286679,1
287071,1
169910,3
218235,2
291276,1
265990,1
267280,1
280860,1
268860,1
277742,1
290992,1
291036,1
291334,1
164011,1
198605,1
120100,1
284777,1
219641,1
234500,1
228699,1
201648,3
258021,1
258037,1
278520,1
274191,1
123810,1
155768,2
218721,1
226940,1
290375,1
287949,1
287175,1
214987,1
277078,1
245244,3
287361,1
129731,1
290821,1
291090,1
291236,1
291238,1
289887,1
266682,1
273257,1
182273,4
241102,1
250576,3
292477,2
278414,1
239564,1
178295,1
268956,1
258937,1
205471,1
225113,2
253330,1
248524,1
251572,1
233625,1
132148,2
189085,1
240810,2
136116,1
181933,2
278668,2
279518,1
246634,1
283447,1
252880,1
290832,1
271983,2
277410,1
205905,2
181855,3
244582,2
239910,1
291981,1
290904,1
124511,1
286009,1
175059,1
290894,1
291228,1
281174,1
266854,1
277948,1
181783,8
285907,1
274767,1
148450,1
277258,2
248764,1
263745,1
273095,1
181837,5
182013,5
257737,1
245500,2
286635,1
279890,1
180761,1
244254,1
268356,1
245234,1
259741,1
269816,1
282137,1
258035,1
166900,1
284083,1
290293,1
290890,1
291242,1
156627,3
133604,1
224150,2
250580,4
130920,1
285951,1
203114,1
251602,1
224439,1
258945,1
282283,1
205879,2
260937,3
192113,1
271913,1
278388,1
279450,1
287727,1
110759,2
180999,1
275281,1
275965,2
268922,1
266752,1
181867,3
235907,1
251294,1
240894,1
217615,1
291965,1
214580,1
241164,2
248554,1
255343,3
228683,1
254760,1
205469,1
232973,1
259429,1
99243,1
162506,1
280234,1
284657,1
220948,1
200454,1
172287,2
235897,1
257605,1
260071,3
290960,1
291338,1
165557,1
274457,1
285539,2
292241,1
222073,1
150588,1
258243,1
113814,1
267072,1
224292,1
181821,5
198723,1
259957,1
281592,1
283739,2
217571,1
218609,1
290819,1
291278,1
156657,1
266396,1
251672,1
200338,1
290966,1
292757,1
197969,1
149356,2
243256,2
250646,4
212525,1
233535,1
287485,1
196581,1
291004,1
291032,1
282439,1
264438,1
274215,1
258871,2
250142,3
260953,3
278516,1
289905,1
270888,1
183899,1
212509,2
217451,1
290813,1
291166,1
222479,1
267074,1
145526,1
172285,2
276229,1
163370,1
161864,1
291817,2
290978,1
291134,1
284625,1
280004,1
262413,1
268136,1
273451,1
250172,3
184075,2
277696,1
252704,1
101706,3
218205,1
221350,1
224104,1
290952,1
275813,1
224913,1
230081,1
212243,1
278786,2
280012,1
285363,1
291126,1
291186,1
122994,1
220158,1
258957,1
226354,2
152300,2
239560,1
139283,1
215461,1
223522,1
250796,2
291272,1
282675,1
134695,1
223680,2
222841,1
229139,1
216989,2
239708,1
250638,3
282571,1
151539,1
212411,1
257669,1
167260,3
195299,1
291164,1
223742,1
253746,1
250600,2
210267,1
290980,1
291048,1
268106,1
273421,1
181863,4
172765,1
217673,1
290215,1
199996,2
84660,1
122385,3
260725,1
273117,1
181831,2
258025,1
281466,1
254498,1
254504,1
279446,1
259995,1
291415,1
177183,1
172555,1
282991,1
277686,1
291140,1
291290,1
164955,1
237356,1
226398,1
290077,1
106348,2
215897,1
260035,1
291266,1
234175,1
290161,1
252702,1
141141,1
290825,1
291292,1
258817,1
232685,2
284783,1
281708,1
268838,1
287661,1
255853,2
208685,1
136036,1
214456,2
218297,2
286215,1
156591,1
233301,3
259979,1
290938,1
291196,1
212068,1
128310,1
213862,1
237948,1
212965,2
258263,1
274797,1
280424,1
215871,1
247746,1
290884,1
291068,1
120260,2
213065,1
263815,1
222089,1
289883,1
248212,2
257451,1
250802,2
290954,1
291008,1
117708,1
124015,2
185343,3
197481,1
239874,1
286183,1
286907,1
151859,1
218257,1
241260,1
290864,1
291359,1
263929,1
275979,1
193930,2
224180,1
282863,1
269264,1
165515,1
212339,1
259747,2
244280,1
270560,2
290829,1
290860,1
221848,1
220654,1
233709,1
138028,2
223796,1
227907,1
288325,2
278826,1
285841,1
285843,1
116764,1
282935,1
290842,1
290886,1
291831,1
275201,1
219645,1
132756,2
131284,1
283799,1
164885,1
152296,2
104059,6
250700,1
209993,2
222505,1
291316,1
236183,1
257247,1
278522,1
259475,1
273519,1
291158,1
291174,1
291216,1
260259,1
121883,1
252738,1
177557,1
271511,1
252366,1
234302,2
221971,2
273769,1
258077,1
274787,1
237213,2
239876,1
278400,1
201875,1
291851,1
108012,1
215889,1
217809,1
207101,1
265210,3
283365,1
181899,3
239702,1
239714,1
129464,2
276915,2
278954,1
237470,1
243506,2
290962,1
291128,1
222033,1
288839,1
279112,1
151869,1
164334,1
191875,1
281928,1
242644,1
258057,1
258067,1
150044,1
263657,1
288453,1
114577,2
245436,2
291154,1
211820,1
211794,2
267760,1
253274,1
282949,1
275909,2
284303,2
252700,1
286599,1
263895,1
290906,1
282431,1
263401,1
264009,1
259411,2
223758,1
237984,1
237582,1
235787,1
150020,2
285877,1
213445,1
225311,1
203585,1
156720,1
207259,2
138654,2
277314,1
122966,1
291789,1
227737,1
223676,2
135200,4
286185,1
279684,1
290888,1
130572,1
255325,2
117966,1
191715,3
267604,1
277170,1
282135,1
223750,1
232031,1
279076,1
291302,1
209679,1
162042,2
269164,1
258949,1
217230,1
278830,1
152523,1
215883,1
139594,1
290972,1
123381,1
226032,1
288641,1
222421,1
223620,1
258015,1
253730,2
215899,1
239074,1
290876,1
248578,1
282273,1
182139,4
236601,1
258061,2
258097,1
254316,2
291094,1
203431,2
262313,1
220286,1
258935,1
269812,2
258029,1
100503,2
277832,1
289657,1
243774,1
291188,1
262617,1
265140,2
267614,1
282275,1
193569,2
226264,3
148568,1
255729,1
288837,1
117523,1
113014,1
291044,1
291104,1
281934,1
189337,2
230063,1
252434,1
279876,1
291064,1
209967,1
166611,3
277168,1
277940,1
258011,1
283349,1
215727,3
289903,1
275635,1
183513,1
215885,1
218111,1
229011,1
281810,2
290856,1
291232,1
101950,1
156519,1
227588,1
162072,1
290801,1
146463,2
272649,1
130386,1
223568,1
223666,1
206006,1
204238,1
207662,2
241288,1
191021,1
280524,1
161750,1
202878,1
278760,1
269798,1
225083,1
287387,1
217555,1
235131,1
241586,1
277274,1
281218,1
280668,2
283355,2
209933,2
223656,1
198383,1
200090,1
247770,1
239840,1
155639,1
280716,1
153943,3
250806,1
226690,1
223644,1
230877,1
250654,2
239422,1
248848,1
243090,1
264488,1
203890,1
252334,1
168086,2
169004,2
271266,1
205443,1
238136,1
280586,1
279590,1
280596,1
121606,1
280248,1
277922,1
278648,1
223686,1
246410,1
191451,2
255951,1
249236,2
130111,1
264209,1
271765,1
178733,1
147586,1
289991,1
275809,1
243484,1
222681,1
212401,4
286707,1
117541,1
288735,1
155992,2
215099,2
192221,1
176043,1
280118,1
112695,1
279734,1
277640,2
267320,2
273087,1
283597,1
165345,1
223652,1
196873,1
232181,1
238284,1
126176,1
187761,1
281984,1
226844,1
240126,1
280768,1
249684,1
215127,1
238380,1
246412,1
261895,2
283221,1
287381,1
162164,1
168432,1
268994,1
137698,1
264558,1
252586,1
126180,1
255661,2
184601,1
279260,1
225101,1
189609,1
223660,1
247090,1
265134,1
247124,1
283219,1
289595,1
244466,1
130626,1
270382,1
132948,1
214108,2
279782,1
264412,1
267732,2
239136,1
247536,1
214872,1
280714,1
207185,1
191979,1
198369,1
114369,1
221426,2
116919,1
105748,2
214450,2
245780,1
222873,1
278770,1
168542,1
278474,1
275137,1
190583,2
239152,1
260971,2
291529,1
219159,3
198319,1
237604,2
208449,1
160135,2
223658,1
223698,1
132396,1
247562,1
265822,1
240886,1
165587,1
280580,1
280598,1
280756,1
140255,1
259037,1
223244,1
264564,1
282445,2
214862,1
281430,1
122373,1
260087,2
223650,1
196981,1
246430,1
250208,1
182817,3
159968,1
146455,1
211478,1
264299,1
264402,1
265940,2
167602,1
180059,3
275833,1
232279,1
276371,1
282965,1
249086,2
261589,1
265180,1
268260,1
273893,1
253268,1
253914,3
189605,1
169822,2
275143,1
160778,1
242476,1
250138,2
242104,1
190727,1
289659,1
280600,1
146475,1
168296,2
214446,2
261591,1
216597,1
122017,1
276001,1
249662,2
165811,1
215441,1
124127,1
170145,1
248476,1
278776,1
228713,1
116517,1
232367,2
245248,2
233261,1
280626,1
221218,2
274801,1
251124,1
200068,1
207265,1
178411,2
258765,1
181829,1
163196,1
224995,1
192463,2
98162,1
148715,2
284781,1
225401,1
117535,1
206907,1
182399,1
162234,1
287195,1
237388,2
215237,1
224392,1
282223,1
212231,1
166303,1
223662,1
247120,1
265380,1
111687,1
193211,1
203166,1
259821,1
203709,2
179159,1
280740,1
223668,1
265400,1
270520,1
247126,1
150796,1
239650,1
289685,2
258699,1
219033,1
255445,1
269768,1
223340,1
172651,1
261283,1
272673,1
286891,1
249700,2
260189,1
288123,1
239134,1
259953,1
233027,1
211450,1
125317,1
176485,1
209543,3
149494,2
189517,1
158240,1
268368,2
246428,1
272451,2
188889,1
260597,1
142270,1
267798,1
203180,1
156815,1
159965,1
280718,1
193393,1
184081,1
209231,2
103774,1
278756,1
184541,1
271857,1
278384,1
208215,1
266620,1
249134,1
235379,2
149881,1
283353,2
272329,1
221908,1
113563,1
118690,1
190899,1
111368,1
249882,1
264305,1
106527,1
142462,1
283397,1
196103,2
242142,1
164919,1
191987,1
256169,1
223610,1
229783,1
266456,1
265604,1
269068,2
243646,1
290325,1
225027,1
283327,1
134840,1
286217,1
263035,1
264109,1
288637,1
159247,1
288897,1
279778,1
280588,1
274255,1
260553,2
269746,2
241344,1
168548,1
287379,1
176033,1
225085,1
214244,2
149660,1
263845,1
266768,1
260977,1
170721,1
240636,1
171025,2
280590,1
280770,1
219322,1
191975,1
266124,1
192073,2
203541,2
246406,1
271777,1
229583,1
198919,1
235303,1
221981,1
211007,1
128920,2
231487,2
274411,1
181813,4
233759,1
124398,1
182573,1
221943,1
286039,2
266442,1
279870,2
179907,3
247972,2
284201,1
268320,1
121989,1
245456,1
274361,1
200954,2
95214,1
128686,1
249192,1
234031,1
280622,1
256349,1
237826,1
209307,2
225089,1
228365,1
282131,1
252518,1
232139,1
192913,2
167812,1
273387,1
251764,1
264297,1
264562,2
279264,1
187763,1
201498,1
283399,1
230629,1
164951,1
122956,1
191981,1
260507,1
140934,2
284315,1
133279,1
260939,2
282881,1
235337,1
278726,1
289091,1
111885,1
214466,1
225892,1
268982,1
264123,1
201660,1
188599,1
230135,2
226618,2
277030,1
281388,1
231753,1
193313,1
122375,1
288201,1
241524,1
234261,1
131328,1
240666,1
182121,1
280736,1
237514,1
227176,1
191963,1
242290,1
225235,2
225251,1
207263,1
183147,2
237590,1
164336,2
278766,1
261553,2
216595,2
289001,1
193127,2
257985,1
233781,1
281406,1
75977,1
278774,1
228545,1
258705,1
267532,1
222755,1
219484,3
197891,1
242716,1
184283,2
197457,1
200214,2
187919,2
239130,1
239550,1
201719,1
214874,1
181817,2
243830,1
250660,3
288581,2
193721,1
219153,1
261503,1
248850,1
249306,1
261487,1
231583,2
271250,1
265826,1
268334,1
232607,1
239132,1
256331,1
280544,1
248852,1
200044,1
157524,1
189613,2
160410,1
178321,1
283341,2
276581,1
245398,1
215239,1
282807,1
229851,1
249328,1
139765,2
183745,1
292183,1
240628,1
274859,1
280180,1
231457,1
124310,1
217499,1
101433,1
241386,1
221252,1
252768,1
191069,1
244228,1
132307,1
233903,1
239842,1
257351,1
189025,1
216693,1
263065,1
204870,1
187781,1
282315,1
138058,1
133812,1
223322,1
172187,1
284397,1
183451,1
184947,1
218443,1
237318,1
244110,1
258663,1
182907,2
241186,1
218567,1
247032,1
253466,1
232617,1
129295,2
203116,1
241244,1
235169,1
139273,1
268540,1
264063,1
203276,1
239112,1
255923,1
270594,1
207205,1
286139,1
210607,1
133761,2
169594,1
208527,1
209925,2
171139,1
292389,1
178545,1
240050,1
218037,1
192495,1
128526,1
264229,1
264628,1
163703,1
149890,1
231103,2
220478,1
226218,1
258717,1
134888,1
215977,1
211460,1
245668,1
183439,2
253488,1
224717,2
136572,1
183463,1
288457,2
213798,1
288999,1
149592,2
204986,1
218331,2
219324,1
227540,1
270018,1
282337,1
222003,1
275499,1
232879,1
218909,2
131806,2
253366,1
272237,1
208739,1
169608,1
194560,1
249920,1
245300,1
282803,1
266354,1
278856,1
122984,1
249138,1
226646,1
210895,1
211019,1
122583,2
155822,1
215709,1
240766,1
186513,1
278742,2
116825,1
272069,1
178657,2
218555,1
250318,1
276421,1
219139,1
224745,1
258643,2
223952,1
273435,1
276407,1
211061,1
261105,1
254488,1
204494,1
223394,1
282841,1
187821,1
262907,1
120082,1
280242,1
231251,1
191539,1
147966,1
164509,1
275287,1
118038,1
240674,1
108687,1
147562,1
246062,1
223958,1
246678,1
248782,1
172361,1
179457,1
243382,1
218681,1
265618,1
175049,1
219517,1
240618,1
192779,1
248976,1
183785,1
247986,1
261909,1
220372,2
248442,3
254903,1
265012,1
174381,1
241706,1
207455,1
241642,1
292185,1
281604,1
284385,1
191787,1
276109,1
237258,1
191507,1
222316,3
245314,1
241634,2
191783,1
132686,1
211318,1
255507,1
256193,1
260421,1
189977,1
282353,1
185063,1
223153,2
210603,1
102192,1
156154,1
278202,2
165771,1
232989,1
247758,1
205467,1
255457,1
252868,1
264578,1
268662,1
276975,1
279272,1
202525,1
248582,1
251186,1
249234,1
166046,1
231101,1
216657,1
271479,1
227757,1
220082,1
171027,1
107481,2
240620,1
254786,1
262235,1
286853,1
162742,1
232035,1
233279,1
257799,1
274293,1
215501,1
282331,1
260839,1
264287,1
146487,1
275235,2
284895,1
288647,1
130932,1
247976,1
116865,1
265812,1
116762,1
174717,2
179273,1
265266,1
149466,1
222683,1
155864,2
195647,1
261489,1
207499,1
128942,1
216727,1
247716,1
267064,1
262841,2
149820,2
217431,1
256365,1
247214,1
240976,1
281042,1
282327,1
267210,1
149600,2
208397,1
251880,1
278858,1
172357,1
216719,1
238048,1
245156,1
235285,1
227654,1
232721,1
217352,1
181569,1
189965,1
248732,1
267384,1
161758,1
178725,1
233533,1
257909,1
260327,1
279902,1
170765,1
266246,1
233603,1
237756,1
282345,1
263241,1
248112,1
194694,1
216715,1
120218,1
226470,2
210287,1
287701,1
169358,1
213830,1
193337,1
227779,1
219009,1
238776,1
127685,1
234601,1
240858,1
258873,2
253862,1
218831,1
274809,1
284301,1
242202,1
277870,2
169160,1
143323,1
250154,1
235283,1
282073,1
275907,2
216723,1
274785,1
263813,1
218843,2
245478,1
184817,1
185721,1
170965,1
282021,1
223334,1
278780,2
246802,1
220660,1
245242,1
200056,1
116873,1
172181,1
215359,1
281220,1
168570,1
287649,1
211902,1
216432,1
125451,1
180863,1
148777,1
145412,1
230251,1
255485,1
217302,1
225675,1
255017,1
217507,1
234562,1
242688,1
167716,1
233599,1
233815,1
280080,1
247894,1
225229,1
263693,1
240152,1
251692,1
202295,1
210601,1
245370,1
103920,2
159309,1
130138,1
231685,1
235261,1
257897,1
244692,1
208551,1
256573,1
291256,1
273461,1
292709,1
240630,1
245218,1
270142,1
172203,1
216763,1
260005,1
272627,1
166574,2
278960,1
162022,2
282187,1
254576,1
192839,1
143749,1
244648,2
249070,1
172375,1
250332,1
233591,1
226360,1
193461,1
210379,1
138514,1
226948,1
259125,1
259127,1
288043,2
261075,1
281804,1
261573,2
181149,1
232803,1
236751,1
122673,1
262317,1
139251,1
239602,1
212799,1
256509,1
252094,1
282311,1
233711,1
211408,1
218547,1
252980,1
270452,1
270662,1
231231,1
216265,1
190993,1
280528,1
198547,1
289357,1
126212,2
193213,1
216589,1
217593,1
227244,1
235945,1
130500,2
277580,1
245296,1
134360,1
117654,1
278128,1
281030,1
275429,1
284319,1
242164,1
208975,1
266370,1
211788,1
226466,2
216991,1
275317,1
283311,1
139691,1
124731,1
280308,1
284699,1
224106,1
271192,1
286187,1
234245,1
234249,1
187837,1
289115,1
280842,1
270020,1
287409,1
270214,1
254476,1
253812,1
287383,1
242440,1
241952,1
213427,1
191453,1
232149,1
288011,1
260099,1
231951,1
272683,1
141288,1
108206,1
263143,1
176975,1
268274,1
276215,1
100585,1
187829,1
275513,1
262429,1
207580,1
290313,1
223077,1
192271,1
246206,1
197893,1
259945,1
185417,1
269892,1
259599,1
175677,1
204588,1
191455,1
206625,1
183753,1
131288,1
282815,1
218293,1
274711,1
274589,1
173471,1
160362,1
281150,1
274473,1
278536,1
278540,1
249760,1
260831,1
266656,1
199984,1
286779,1
271443,1
277750,1
202964,1
204956,1
289521,1
192031,1
287651,1
283309,1
264846,1
288307,1
237822,1
166263,1
248300,1
276093,1
191937,1
281866,1
136056,1
278528,1
260097,1
117956,1
283305,1
227012,1
254997,1
197063,1
226624,1
284205,1
236853,1
168230,1
121831,1
209491,1
277150,1
218375,1
226464,1
234239,1
280512,1
287405,1
201062,1
197381,1
243316,1
254190,1
130772,1
142634,1
207572,1
230127,1
180659,1
195821,1
228425,1
178573,1
219846,1
216767,1
254803,1
187833,1
184819,1
203892,1
252926,1
203707,1
228081,1
215469,1
253622,1
220928,1
288711,1
286959,1
263117,1
128688,1
283263,1
277148,1
243046,1
199636,1
191073,1
191841,1
275913,1
266006,1
282961,1
182997,1
187877,1
286795,1
207566,1
242874,1
258845,1
245418,1
107567,1
208221,1
101139,1
103692,1
183469,1
250508,1
207564,1
254678,1
112458,1
249900,1
137551,1
166058,2
227276,1
141052,1
170309,1
280794,1
263811,1
273487,1
280840,1
229901,1
254102,2
191995,1
192029,1
276527,1
238458,1
166876,1
287463,1
277248,1
258491,1
183001,1
191855,1
116327,2
235753,1
215471,1
217031,1
253194,1
283303,1
155577,1
196139,1
221894,1
202555,1
259013,1
241632,1
233743,1
226478,1
216853,1
275087,1
268196,1
137597,1
131898,1
253374,1
135336,1
244578,1
233523,2
278538,1
190463,1
240364,1
229289,1
255845,1
225275,1
163865,1
222511,1
138948,1
244816,1
248670,1
208947,1
190535,1
218317,1
217505,1
191431,1
264321,1
209217,1
283593,1
207536,1
206765,1
193019,1
254782,1
231109,1
129439,1
278148,1
278526,1
176315,1
202621,1
235941,1
237165,1
217033,1
211371,1
215101,1
221260,1
251622,1
278542,1
257599,1
219280,1
281634,1
217775,1
192363,1
216981,1
179781,1
216921,1
289293,1
192311,1
174985,1
150562,1
270032,1
288323,1
290039,1
142853,1
269878,1
202619,1
223208,1
145592,1
238012,1
123341,1
202667,1
219400,1
187935,1
191863,1
192309,1
229393,1
275425,1
133765,1
257009,1
267342,1
250314,1
286407,1
207582,1
203543,2
240506,1
228197,1
228141,1
